Query_ID,Modelo,Stopwords_Removidas,Stemming_Aplicado,P@10,R@10,F1@10,AP
1,Vetorial,0,0,0.2,0.07142857142857142,0.10526315789473682,0.10602343089507252
2,Vetorial,0,0,0.2,0.08333333333333333,0.11764705882352941,0.07702302773203674
3,Vetorial,0,0,0.1,0.125,0.11111111111111112,0.032011069260952194
4,Vetorial,0,0,0.2,1.0,0.33333333333333337,0.5
5,Vetorial,0,0,0.0,0.0,0.0,0.003224500447184509
6,Vetorial,0,0,0.1,0.25,0.14285714285714288,0.03893269162699708
7,Vetorial,0,0,0.0,0.0,0.0,0.024781074245468483
8,Vetorial,0,0,0.1,0.09090909090909091,0.09523809523809525,0.07620794510251801
9,Vetorial,0,0,0.3,1.0,0.4615384615384615,1.0
10,Vetorial,0,0,0.1,0.125,0.11111111111111112,0.19014011772038106
11,Vetorial,0,0,0.1,0.14285714285714285,0.11764705882352941,0.1449454214982165
12,Vetorial,0,0,0.0,0.0,0.0,0.06104904722233242
13,Vetorial,0,0,0.0,0.0,0.0,0.0030125641060168525
14,Vetorial,0,0,0.2,1.0,0.33333333333333337,0.75
15,Vetorial,0,0,0.0,0.0,0.0,0.0034978233736186796
16,Vetorial,0,0,0.1,0.3333333333333333,0.15384615384615383,0.17279202279202277
17,Vetorial,0,0,0.0,0.0,0.0,0.004276619364157984
18,Vetorial,0,0,0.0,0.0,0.0,0.015033271484884389
19,Vetorial,0,0,0.0,0.0,0.0,0.012161751017714507
20,Vetorial,0,0,0.0,0.0,0.0,0.027657921587006484
21,Vetorial,0,0,0.1,0.25,0.14285714285714288,0.04204222218094855
22,Vetorial,0,0,0.0,0.0,0.0,0.0010604453870625664
23,Vetorial,0,0,0.0,0.0,0.0,0.03587571615266208
24,Vetorial,0,0,0.0,0.0,0.0,0.005070506092504738
25,Vetorial,0,0,0.1,0.1111111111111111,0.10526315789473685,0.12237682414368144
26,Vetorial,0,0,0.1,0.16666666666666666,0.125,0.21135868488809664
27,Vetorial,0,0,0.1,0.3333333333333333,0.15384615384615383,0.1005050505050505
28,Vetorial,0,0,0.0,0.0,0.0,0.0013272845189348662
29,Vetorial,0,0,0.3,0.3333333333333333,0.3157894736842105,0.27871079498953966
30,Vetorial,0,0,0.0,0.0,0.0,0.01684983290995443
31,Vetorial,0,0,0.0,0.0,0.0,0.0008598452278589854
32,Vetorial,0,0,0.2,0.3333333333333333,0.25,0.1148206791186377
33,Vetorial,0,0,0.2,0.6666666666666666,0.30769230769230765,0.18966547192353644
34,Vetorial,0,0,0.1,0.16666666666666666,0.125,0.13565175565175563
35,Vetorial,0,0,0.1,0.3333333333333333,0.15384615384615383,0.08749677807371768
36,Vetorial,0,0,0.0,0.0,0.0,0.006812646729710161
37,Vetorial,0,0,0.2,0.2222222222222222,0.2105263157894737,0.18078910532439563
38,Vetorial,0,0,0.0,0.0,0.0,0.012930769510363094
39,Vetorial,0,0,0.1,0.07692307692307693,0.08695652173913043,0.03905041952452832
40,Vetorial,0,0,0.0,0.0,0.0,0.014833344589902882
41,Vetorial,0,0,0.3,1.0,0.4615384615384615,0.7916666666666666
42,Vetorial,0,0,0.0,0.0,0.0,0.03622839434135968
43,Vetorial,0,0,0.3,0.5,0.37499999999999994,0.3940523355343604
44,Vetorial,0,0,0.0,0.0,0.0,0.002171950673877721
45,Vetorial,0,0,0.2,0.16666666666666666,0.1818181818181818,0.1714058502083479
46,Vetorial,0,0,0.5,0.3333333333333333,0.4,0.29897480767929885
47,Vetorial,0,0,0.4,0.2857142857142857,0.3333333333333333,0.37689387879464037
48,Vetorial,0,0,0.2,0.18181818181818182,0.1904761904761905,0.07567693857833828
49,Vetorial,0,0,0.1,0.5,0.16666666666666669,0.1729957805907173
50,Vetorial,0,0,0.0,0.0,0.0,0.007919114973040133
51,Vetorial,0,0,0.1,0.1,0.10000000000000002,0.18476838632164524
52,Vetorial,0,0,0.4,1.0,0.5714285714285715,0.6791666666666667
53,Vetorial,0,0,0.0,0.0,0.0,0.044829434379678734
54,Vetorial,0,0,0.1,0.1111111111111111,0.10526315789473685,0.10659122295227447
55,Vetorial,0,0,0.0,0.0,0.0,0.0636823763559014
56,Vetorial,0,0,0.3,0.3,0.3,0.13441571119604928
57,Vetorial,0,0,0.2,0.14285714285714285,0.16666666666666666,0.09496689914955966
58,Vetorial,0,0,0.2,0.2222222222222222,0.2105263157894737,0.13630138450429277
59,Vetorial,0,0,0.0,0.0,0.0,0.012819789464116669
60,Vetorial,0,0,0.3,0.6,0.4,0.5005141057772636
61,Vetorial,0,0,0.0,0.0,0.0,0.06501310553432668
62,Vetorial,0,0,0.0,0.0,0.0,0.016729826320002854
63,Vetorial,0,0,0.0,0.0,0.0,0.014174901848749678
64,Vetorial,0,0,0.1,0.5,0.16666666666666669,0.09895833333333333
65,Vetorial,0,0,0.6,0.4,0.48,0.44438255868933935
66,Vetorial,0,0,0.2,0.4,0.26666666666666666,0.15960403726708075
67,Vetorial,0,0,0.7,0.5,0.5833333333333334,0.6126759106854044
68,Vetorial,0,0,0.0,0.0,0.0,0.019024575702277582
69,Vetorial,0,0,0.1,0.2,0.13333333333333333,0.06710804511762104
70,Vetorial,0,0,0.0,0.0,0.0,0.06675832039227045
71,Vetorial,0,0,0.0,0.0,0.0,0.012699055080112182
72,Vetorial,0,0,0.1,0.058823529411764705,0.07407407407407408,0.03940833620479189
73,Vetorial,0,0,0.2,0.1,0.13333333333333333,0.15308919160237053
74,Vetorial,0,0,0.0,0.0,0.0,0.013584448060322605
75,Vetorial,0,0,0.2,0.4,0.26666666666666666,0.1266312622303664
76,Vetorial,0,0,0.2,0.2857142857142857,0.23529411764705882,0.11626855615225944
77,Vetorial,0,0,0.2,0.3333333333333333,0.25,0.11558754951612094
78,Vetorial,0,0,0.3,1.0,0.4615384615384615,0.6388888888888888
79,Vetorial,0,0,0.0,0.0,0.0,0.01766479831429875
80,Vetorial,0,0,0.0,0.0,0.0,0.0026431673203428274
81,Vetorial,0,0,0.0,0.0,0.0,0.11858974358974358
82,Vetorial,0,0,0.2,0.4,0.26666666666666666,0.2667530250093761
83,Vetorial,0,0,0.0,0.0,0.0,0.016665602078770814
84,Vetorial,0,0,0.0,0.0,0.0,0.10258174631247151
85,Vetorial,0,0,0.0,0.0,0.0,0.013875238864608718
86,Vetorial,0,0,0.1,0.5,0.16666666666666669,0.05431034482758621
87,Vetorial,0,0,0.0,0.0,0.0,0.008758850129248971
88,Vetorial,0,0,0.6,1.0,0.7499999999999999,0.719047619047619
89,Vetorial,0,0,0.1,0.16666666666666666,0.125,0.164633271698273
90,Vetorial,0,0,0.3,0.23076923076923078,0.2608695652173913,0.11941262745619943
91,Vetorial,0,0,0.0,0.0,0.0,0.02894715098496726
92,Vetorial,0,0,0.5,0.38461538461538464,0.4347826086956522,0.44536870896159925
93,Vetorial,0,0,0.1,1.0,0.18181818181818182,0.5
94,Vetorial,0,0,0.5,0.4166666666666667,0.45454545454545453,0.44380260081118245
95,Vetorial,0,0,0.0,0.0,0.0,0.02946236559139785
96,Vetorial,0,0,0.4,0.3076923076923077,0.34782608695652173,0.3798635218538038
97,Vetorial,0,0,0.0,0.0,0.0,0.008578021511219074
98,Vetorial,0,0,0.0,0.0,0.0,0.017647659314974938
99,Vetorial,0,0,0.0,0.0,0.0,0.0033763161762821814
100,Vetorial,0,0,0.0,0.0,0.0,0.016344095983569947
101,Vetorial,0,0,0.4,0.6666666666666666,0.5,0.610171261487051
102,Vetorial,0,0,0.0,0.0,0.0,0.002462923483896413
103,Vetorial,0,0,0.0,0.0,0.0,0.04494535519125683
104,Vetorial,0,0,0.1,0.2,0.13333333333333333,0.02673902400631939
105,Vetorial,0,0,0.1,0.2,0.13333333333333333,0.11464919122974529
106,Vetorial,0,0,0.0,0.0,0.0,0.019476258022623007
107,Vetorial,0,0,0.0,0.0,0.0,0.010775705957536841
108,Vetorial,0,0,0.0,0.0,0.0,0.004825868714736987
109,Vetorial,0,0,0.0,0.0,0.0,0.006707404973711831
110,Vetorial,0,0,0.0,0.0,0.0,0.013062156970215923
111,Vetorial,0,0,0.3,0.42857142857142855,0.3529411764705882,0.21974949070537303
112,Vetorial,0,0,0.1,0.5,0.16666666666666669,0.256993006993007
113,Vetorial,0,0,0.1,0.25,0.14285714285714288,0.10212066336256195
114,Vetorial,0,0,0.0,0.0,0.0,0.021020425187091855
115,Vetorial,0,0,0.0,0.0,0.0,0.00489501813668587
116,Vetorial,0,0,0.1,0.2,0.13333333333333333,0.21878444714014197
117,Vetorial,0,0,0.0,0.0,0.0,0.003363348590494931
118,Vetorial,0,0,0.1,0.3333333333333333,0.15384615384615383,0.11016767639679335
119,Vetorial,0,0,0.0,0.0,0.0,0.07692307692307693
120,Vetorial,0,0,0.2,0.2222222222222222,0.2105263157894737,0.24197052573510863
121,Vetorial,0,0,0.2,0.2857142857142857,0.23529411764705882,0.34272326989540913
122,Vetorial,0,0,0.0,0.0,0.0,0.0058399076508812535
123,Vetorial,0,0,0.1,0.5,0.16666666666666669,0.055917159763313615
124,Vetorial,0,0,0.0,0.0,0.0,0.0029181870035610053
125,Vetorial,0,0,0.3,0.17647058823529413,0.22222222222222224,0.32793812538220674
126,Vetorial,0,0,0.1,0.125,0.11111111111111112,0.10136750466101065
127,Vetorial,0,0,0.1,0.2,0.13333333333333333,0.10230447860962569
128,Vetorial,0,0,0.0,0.0,0.0,0.027751937984496124
129,Vetorial,0,0,0.4,0.5714285714285714,0.47058823529411764,0.28352774378610246
130,Vetorial,0,0,0.2,0.4,0.26666666666666666,0.22542216390893408
131,Vetorial,0,0,0.3,0.375,0.33333333333333326,0.2266835868809553
132,Vetorial,0,0,0.6,0.4,0.48,0.7058706134973883
133,Vetorial,0,0,0.1,0.14285714285714285,0.11764705882352941,0.20090963588500535
134,Vetorial,0,0,0.1,0.5,0.16666666666666669,0.5714285714285714
135,Vetorial,0,0,0.3,0.375,0.33333333333333326,0.3582874712554582
136,Vetorial,0,0,0.0,0.0,0.0,0.06465464360201202
137,Vetorial,0,0,0.2,0.5,0.28571428571428575,0.21329365079365079
138,Vetorial,0,0,0.0,0.0,0.0,0.0023160569825954012
139,Vetorial,0,0,0.0,0.0,0.0,0.0031217096277257605
140,Vetorial,0,0,0.0,0.0,0.0,0.003828861499375155
141,Vetorial,0,0,0.1,0.16666666666666666,0.125,0.07187787431031616
142,Vetorial,0,0,0.0,0.0,0.0,0.0015723270440251573
143,Vetorial,0,0,0.0,0.0,0.0,0.02079759862778731
144,Vetorial,0,0,0.0,0.0,0.0,0.007075550885693386
145,Vetorial,0,0,0.1,0.14285714285714285,0.11764705882352941,0.030320750693879194
146,Vetorial,0,0,0.0,0.0,0.0,0.0014786015432344285
147,Vetorial,0,0,0.2,0.2,0.20000000000000004,0.18821589592402524
148,Vetorial,0,0,0.3,0.5,0.37499999999999994,0.38072509692681367
149,Vetorial,0,0,0.0,0.0,0.0,0.0068020137898846065
150,Vetorial,0,0,0.2,1.0,0.33333333333333337,0.3666666666666667
151,Vetorial,0,0,0.0,0.0,0.0,0.020008231687114422
152,Vetorial,0,0,0.0,0.0,0.0,0.011475725915716007
153,Vetorial,0,0,0.2,0.2857142857142857,0.23529411764705882,0.2000399174634608
154,Vetorial,0,0,0.0,0.0,0.0,0.01325565687267815
155,Vetorial,0,0,0.1,0.16666666666666666,0.125,0.17237847113931073
156,Vetorial,0,0,0.2,0.14285714285714285,0.16666666666666666,0.14917060886463798
157,Vetorial,0,0,0.4,0.10256410256410256,0.163265306122449,0.23915496952498158
158,Vetorial,0,0,0.1,0.125,0.11111111111111112,0.17249249836432853
159,Vetorial,0,0,0.1,0.125,0.11111111111111112,0.04456956871170246
160,Vetorial,0,0,0.0,0.0,0.0,0.02983880474868316
161,Vetorial,0,0,0.2,0.3333333333333333,0.25,0.24004059787641877
162,Vetorial,0,0,0.0,0.0,0.0,0.0211029683329691
163,Vetorial,0,0,0.0,0.0,0.0,0.009013071356642446
164,Vetorial,0,0,0.2,0.25,0.22222222222222224,0.2616259009807397
165,Vetorial,0,0,0.1,0.5,0.16666666666666669,0.5147058823529411
166,Vetorial,0,0,0.0,0.0,0.0,0.01966625515314771
167,Vetorial,0,0,0.0,0.0,0.0,0.0385492700729927
168,Vetorial,0,0,0.0,0.0,0.0,0.0348601083032491
169,Vetorial,0,0,0.2,0.5,0.28571428571428575,0.11011213334165382
170,Vetorial,0,0,0.5,0.8333333333333334,0.625,0.3814217443249701
171,Vetorial,0,0,0.2,0.6666666666666666,0.30769230769230765,0.24305555555555555
172,Vetorial,0,0,0.4,1.0,0.5714285714285715,0.6791666666666667
173,Vetorial,0,0,0.2,1.0,0.33333333333333337,0.35
174,Vetorial,0,0,0.1,0.2,0.13333333333333333,0.21334246268054874
175,Vetorial,0,0,0.0,0.0,0.0,0.0044692004225683896
176,Vetorial,0,0,0.0,0.0,0.0,0.025947847203998585
177,Vetorial,0,0,0.4,0.8,0.5333333333333333,0.7857142857142857
178,Vetorial,0,0,0.3,0.75,0.4285714285714285,0.4757326007326007
179,Vetorial,0,0,0.1,0.25,0.14285714285714288,0.045053544802700636
180,Vetorial,0,0,0.3,0.42857142857142855,0.3529411764705882,0.23568053051456453
181,Vetorial,0,0,0.1,0.2,0.13333333333333333,0.24761496984011971
182,Vetorial,0,0,0.2,1.0,0.33333333333333337,0.45
183,Vetorial,0,0,0.7,0.5384615384615384,0.608695652173913,0.5521316964799946
184,Vetorial,0,0,0.0,0.0,0.0,0.015084212630583712
185,Vetorial,0,0,0.6,0.6666666666666666,0.631578947368421,0.7962962962962963
186,Vetorial,0,0,0.2,0.125,0.15384615384615385,0.13521054749551015
187,Vetorial,0,0,0.0,0.0,0.0,0.005284877820881111
188,Vetorial,0,0,0.0,0.0,0.0,0.010143349462092064
189,Vetorial,0,0,0.3,0.3333333333333333,0.3157894736842105,0.23552225227541795
190,Vetorial,0,0,0.2,0.4,0.26666666666666666,0.23202380952380955
191,Vetorial,0,0,0.8,0.6153846153846154,0.6956521739130435,0.6712337774956671
192,Vetorial,0,0,0.0,0.0,0.0,0.006755612098030576
193,Vetorial,0,0,0.2,0.2222222222222222,0.2105263157894737,0.16725301586054933
194,Vetorial,0,0,0.1,0.16666666666666666,0.125,0.07687722759357368
195,Vetorial,0,0,0.0,0.0,0.0,0.028873025145581405
196,Vetorial,0,0,0.0,0.0,0.0,0.009637667751603372
197,Vetorial,0,0,0.0,0.0,0.0,0.0020966606168276555
198,Vetorial,0,0,0.0,0.0,0.0,0.006755482440395442
199,Vetorial,0,0,0.2,0.25,0.22222222222222224,0.12822939175927578
200,Vetorial,0,0,0.0,0.0,0.0,0.0038887150702441218
201,Vetorial,0,0,0.4,0.25,0.3076923076923077,0.238958630559712
202,Vetorial,0,0,0.0,0.0,0.0,0.032519139220029046
203,Vetorial,0,0,0.0,0.0,0.0,0.00924090926497162
204,Vetorial,0,0,0.2,0.14285714285714285,0.16666666666666666,0.06667692642529176
205,Vetorial,0,0,0.0,0.0,0.0,0.0037124581013047017
206,Vetorial,0,0,0.0,0.0,0.0,0.058094155536610785
207,Vetorial,0,0,0.2,0.4,0.26666666666666666,0.34867577597840754
208,Vetorial,0,0,0.0,0.0,0.0,0.018851621462695433
209,Vetorial,0,0,0.1,0.08333333333333333,0.0909090909090909,0.06106274286975286
210,Vetorial,0,0,0.1,0.16666666666666666,0.125,0.06522315028895367
211,Vetorial,0,0,0.0,0.0,0.0,0.035842154516916684
212,Vetorial,0,0,0.4,0.2857142857142857,0.3333333333333333,0.3344946019010923
213,Vetorial,0,0,0.2,0.18181818181818182,0.1904761904761905,0.2602103543407426
214,Vetorial,0,0,0.1,0.25,0.14285714285714288,0.10803572631607312
215,Vetorial,0,0,0.0,0.0,0.0,0.008838432677058755
216,Vetorial,0,0,0.0,0.0,0.0,0.0023094688221709007
217,Vetorial,0,0,0.5,0.3333333333333333,0.4,0.3553129628557578
218,Vetorial,0,0,0.4,0.26666666666666666,0.32,0.26842385343890307
219,Vetorial,0,0,0.0,0.0,0.0,0.03579167331348334
220,Vetorial,0,0,0.1,0.05263157894736842,0.06896551724137931,0.08303433781559612
221,Vetorial,0,0,0.2,0.1111111111111111,0.14285714285714285,0.1030980448210505
222,Vetorial,0,0,0.0,0.0,0.0,0.13066667671313878
223,Vetorial,0,0,0.2,0.5,0.28571428571428575,0.20654625225520745
224,Vetorial,0,0,0.1,0.125,0.11111111111111112,0.09839744749509188
225,Vetorial,0,0,0.2,0.08333333333333333,0.11764705882352941,0.1302922698898939
1,BM25,0,0,0.2,0.07142857142857142,0.10526315789473682,0.07298009348240979
2,BM25,0,0,0.2,0.08333333333333333,0.11764705882352941,0.07176046566884045
3,BM25,0,0,0.0,0.0,0.0,0.01294327642276249
4,BM25,0,0,0.2,1.0,0.33333333333333337,0.19444444444444442
5,BM25,0,0,0.0,0.0,0.0,0.0035902295659396974
6,BM25,0,0,0.1,0.25,0.14285714285714288,0.06670214021767253
7,BM25,0,0,0.0,0.0,0.0,0.024921676625990014
8,BM25,0,0,0.0,0.0,0.0,0.053495594609510144
9,BM25,0,0,0.3,1.0,0.4615384615384615,1.0
10,BM25,0,0,0.1,0.125,0.11111111111111112,0.09133931489144664
11,BM25,0,0,0.1,0.14285714285714285,0.11764705882352941,0.12950626291899156
12,BM25,0,0,0.0,0.0,0.0,0.05224940660144557
13,BM25,0,0,0.0,0.0,0.0,0.0032294521146724034
14,BM25,0,0,0.2,1.0,0.33333333333333337,0.75
15,BM25,0,0,0.0,0.0,0.0,0.004753019229772456
16,BM25,0,0,0.1,0.3333333333333333,0.15384615384615383,0.07150466491348555
17,BM25,0,0,0.0,0.0,0.0,0.003824858757062147
18,BM25,0,0,0.0,0.0,0.0,0.011351982382750661
19,BM25,0,0,0.0,0.0,0.0,0.009554689058142982
20,BM25,0,0,0.1,0.1111111111111111,0.10526315789473685,0.05230921543662977
21,BM25,0,0,0.1,0.25,0.14285714285714288,0.038278379297922584
22,BM25,0,0,0.0,0.0,0.0,0.0030211480362537764
23,BM25,0,0,0.1,0.03125,0.047619047619047616,0.038436265828098476
24,BM25,0,0,0.0,0.0,0.0,0.010703449643581312
25,BM25,0,0,0.2,0.2222222222222222,0.2105263157894737,0.14576049233824742
26,BM25,0,0,0.1,0.16666666666666666,0.125,0.10248357123357121
27,BM25,0,0,0.1,0.3333333333333333,0.15384615384615383,0.22331154684095864
28,BM25,0,0,0.0,0.0,0.0,0.0013198511608538534
29,BM25,0,0,0.4,0.4444444444444444,0.4210526315789474,0.3544087293076171
30,BM25,0,0,0.0,0.0,0.0,0.02484853612481558
31,BM25,0,0,0.0,0.0,0.0,0.000998003992015968
32,BM25,0,0,0.1,0.16666666666666666,0.125,0.08712514555032037
33,BM25,0,0,0.2,0.6666666666666666,0.30769230769230765,0.21666666666666665
34,BM25,0,0,0.0,0.0,0.0,0.07662236711101814
35,BM25,0,0,0.0,0.0,0.0,0.01768896456633392
36,BM25,0,0,0.0,0.0,0.0,0.010931578728188897
37,BM25,0,0,0.1,0.1111111111111111,0.10526315789473685,0.08777534138456618
38,BM25,0,0,0.0,0.0,0.0,0.016245637743765157
39,BM25,0,0,0.1,0.07692307692307693,0.08695652173913043,0.03791907905205463
40,BM25,0,0,0.0,0.0,0.0,0.015933596335414597
41,BM25,0,0,0.3,1.0,0.4615384615384615,0.8095238095238094
42,BM25,0,0,0.0,0.0,0.0,0.02855745250202636
43,BM25,0,0,0.2,0.3333333333333333,0.25,0.44189554810273735
44,BM25,0,0,0.0,0.0,0.0,0.004430001247685687
45,BM25,0,0,0.2,0.16666666666666666,0.1818181818181818,0.15782616020920798
46,BM25,0,0,0.5,0.3333333333333333,0.4,0.24711379070100697
47,BM25,0,0,0.4,0.2857142857142857,0.3333333333333333,0.3765771283223101
48,BM25,0,0,0.2,0.18181818181818182,0.1904761904761905,0.08119004350995727
49,BM25,0,0,0.1,0.5,0.16666666666666669,0.12173913043478261
50,BM25,0,0,0.0,0.0,0.0,0.03245009868033251
51,BM25,0,0,0.2,0.2,0.20000000000000004,0.12572921138330345
52,BM25,0,0,0.4,1.0,0.5714285714285715,0.8125
53,BM25,0,0,0.0,0.0,0.0,0.05647327752764243
54,BM25,0,0,0.2,0.2222222222222222,0.2105263157894737,0.15510439492454653
55,BM25,0,0,0.0,0.0,0.0,0.059485200604119104
56,BM25,0,0,0.3,0.3,0.3,0.19043675246267908
57,BM25,0,0,0.1,0.07142857142857142,0.08333333333333333,0.07756785381271673
58,BM25,0,0,0.0,0.0,0.0,0.11403890336510848
59,BM25,0,0,0.0,0.0,0.0,0.02967720559218693
60,BM25,0,0,0.3,0.6,0.4,0.4455397346963612
61,BM25,0,0,0.1,0.2,0.13333333333333333,0.07958353982633544
62,BM25,0,0,0.0,0.0,0.0,0.01160437753369503
63,BM25,0,0,0.0,0.0,0.0,0.013713216247329308
64,BM25,0,0,0.0,0.0,0.0,0.05012531328320802
65,BM25,0,0,0.6,0.4,0.48,0.3623538326595189
66,BM25,0,0,0.0,0.0,0.0,0.09291048306436353
67,BM25,0,0,0.5,0.35714285714285715,0.41666666666666663,0.46925365199095515
68,BM25,0,0,0.0,0.0,0.0,0.011097119961480592
69,BM25,0,0,0.1,0.2,0.13333333333333333,0.12572850974912833
70,BM25,0,0,0.0,0.0,0.0,0.05674655959679835
71,BM25,0,0,0.0,0.0,0.0,0.011131119146060482
72,BM25,0,0,0.0,0.0,0.0,0.02738855424727627
73,BM25,0,0,0.2,0.1,0.13333333333333333,0.12047083807567445
74,BM25,0,0,0.1,0.16666666666666666,0.125,0.10475171743763172
75,BM25,0,0,0.1,0.2,0.13333333333333333,0.04610377355560407
76,BM25,0,0,0.3,0.42857142857142855,0.3529411764705882,0.1486490640289683
77,BM25,0,0,0.2,0.3333333333333333,0.25,0.15144515144515144
78,BM25,0,0,0.3,1.0,0.4615384615384615,0.6388888888888888
79,BM25,0,0,0.0,0.0,0.0,0.02264089545652752
80,BM25,0,0,0.0,0.0,0.0,0.002485734091641204
81,BM25,0,0,0.2,1.0,0.33333333333333337,0.5
82,BM25,0,0,0.2,0.4,0.26666666666666666,0.176164891256103
83,BM25,0,0,0.0,0.0,0.0,0.012503002373013392
84,BM25,0,0,0.2,0.18181818181818182,0.1904761904761905,0.10492118256969704
85,BM25,0,0,0.0,0.0,0.0,0.013667294176621742
86,BM25,0,0,0.0,0.0,0.0,0.012261761961881914
87,BM25,0,0,0.0,0.0,0.0,0.008894489327866104
88,BM25,0,0,0.6,1.0,0.7499999999999999,0.6496031746031746
89,BM25,0,0,0.2,0.3333333333333333,0.25,0.3428868216102258
90,BM25,0,0,0.0,0.0,0.0,0.051834671450144046
91,BM25,0,0,0.0,0.0,0.0,0.029055818255669504
92,BM25,0,0,0.4,0.3076923076923077,0.34782608695652173,0.3674335883408398
93,BM25,0,0,0.1,1.0,0.18181818181818182,0.5
94,BM25,0,0,0.4,0.3333333333333333,0.3636363636363636,0.3752866399992106
95,BM25,0,0,0.0,0.0,0.0,0.040178571428571425
96,BM25,0,0,0.4,0.3076923076923077,0.34782608695652173,0.3874194742649492
97,BM25,0,0,0.0,0.0,0.0,0.009344991240198823
98,BM25,0,0,0.1,0.2,0.13333333333333333,0.023739810130959924
99,BM25,0,0,0.0,0.0,0.0,0.005510189936342223
100,BM25,0,0,0.0,0.0,0.0,0.0441925931667232
101,BM25,0,0,0.4,0.6666666666666666,0.5,0.4403133903133904
102,BM25,0,0,0.0,0.0,0.0,0.002773412591360724
103,BM25,0,0,0.0,0.0,0.0,0.026358695652173914
104,BM25,0,0,0.1,0.2,0.13333333333333333,0.21832844112518987
105,BM25,0,0,0.1,0.2,0.13333333333333333,0.08712729233298934
106,BM25,0,0,0.0,0.0,0.0,0.019249804594219704
107,BM25,0,0,0.0,0.0,0.0,0.02308899643507978
108,BM25,0,0,0.0,0.0,0.0,0.0068509365514204095
109,BM25,0,0,0.0,0.0,0.0,0.0067562454309535724
110,BM25,0,0,0.1,0.25,0.14285714285714288,0.04073438187478006
111,BM25,0,0,0.2,0.2857142857142857,0.23529411764705882,0.2601773226773227
112,BM25,0,0,0.0,0.0,0.0,0.0218349358974359
113,BM25,0,0,0.1,0.25,0.14285714285714288,0.07685759758044902
114,BM25,0,0,0.0,0.0,0.0,0.01489136684172145
115,BM25,0,0,0.0,0.0,0.0,0.008183041632272965
116,BM25,0,0,0.1,0.2,0.13333333333333333,0.07814659669606261
117,BM25,0,0,0.0,0.0,0.0,0.0024155810595974407
118,BM25,0,0,0.1,0.3333333333333333,0.15384615384615383,0.13506147523025824
119,BM25,0,0,0.0,0.0,0.0,0.024390243902439025
120,BM25,0,0,0.1,0.1111111111111111,0.10526315789473685,0.10094833534519848
121,BM25,0,0,0.2,0.2857142857142857,0.23529411764705882,0.17668995220448286
122,BM25,0,0,0.0,0.0,0.0,0.005681393520724232
123,BM25,0,0,0.0,0.0,0.0,0.04123914759273875
124,BM25,0,0,0.0,0.0,0.0,0.002947339884810771
125,BM25,0,0,0.1,0.058823529411764705,0.07407407407407408,0.16592511664785947
126,BM25,0,0,0.2,0.25,0.22222222222222224,0.2106979707091758
127,BM25,0,0,0.0,0.0,0.0,0.04397767201647085
128,BM25,0,0,0.0,0.0,0.0,0.02435897435897436
129,BM25,0,0,0.4,0.5714285714285714,0.47058823529411764,0.44561149101100667
130,BM25,0,0,0.4,0.8,0.5333333333333333,0.4109255487666893
131,BM25,0,0,0.3,0.375,0.33333333333333326,0.2535883360193393
132,BM25,0,0,0.6,0.4,0.48,0.5570437762165414
133,BM25,0,0,0.1,0.14285714285714285,0.11764705882352941,0.1950433908482534
134,BM25,0,0,0.2,1.0,0.33333333333333337,0.30952380952380953
135,BM25,0,0,0.3,0.375,0.33333333333333326,0.3912271010945213
136,BM25,0,0,0.1,0.3333333333333333,0.15384615384615383,0.18229166666666666
137,BM25,0,0,0.3,0.75,0.4285714285714285,0.34429824561403505
138,BM25,0,0,0.0,0.0,0.0,0.024684219889699342
139,BM25,0,0,0.0,0.0,0.0,0.0035934024627715644
140,BM25,0,0,0.0,0.0,0.0,0.00410495778902273
141,BM25,0,0,0.1,0.16666666666666666,0.125,0.08839741498003299
142,BM25,0,0,0.0,0.0,0.0,0.0012376237623762376
143,BM25,0,0,0.0,0.0,0.0,0.02020408163265306
144,BM25,0,0,0.0,0.0,0.0,0.006953572200575522
145,BM25,0,0,0.1,0.14285714285714285,0.11764705882352941,0.04080058946469294
146,BM25,0,0,0.0,0.0,0.0,0.001476166269111954
147,BM25,0,0,0.2,0.2,0.20000000000000004,0.18892842143000554
148,BM25,0,0,0.3,0.5,0.37499999999999994,0.34335371811201654
149,BM25,0,0,0.0,0.0,0.0,0.005513981516178019
150,BM25,0,0,0.2,1.0,0.33333333333333337,0.375
151,BM25,0,0,0.0,0.0,0.0,0.010246371670952676
152,BM25,0,0,0.0,0.0,0.0,0.009566414609171155
153,BM25,0,0,0.2,0.2857142857142857,0.23529411764705882,0.12528988241498598
154,BM25,0,0,0.0,0.0,0.0,0.007901680322177475
155,BM25,0,0,0.1,0.16666666666666666,0.125,0.1733990206927716
156,BM25,0,0,0.2,0.14285714285714285,0.16666666666666666,0.10833002252571435
157,BM25,0,0,0.2,0.05128205128205128,0.0816326530612245,0.16247397708526945
158,BM25,0,0,0.1,0.125,0.11111111111111112,0.11625433039897175
159,BM25,0,0,0.0,0.0,0.0,0.012332806544978852
160,BM25,0,0,0.0,0.0,0.0,0.040502885242611274
161,BM25,0,0,0.3,0.5,0.37499999999999994,0.13879790490002825
162,BM25,0,0,0.0,0.0,0.0,0.024205561515571808
163,BM25,0,0,0.0,0.0,0.0,0.013334667490163469
164,BM25,0,0,0.4,0.5,0.4444444444444445,0.39708772507685547
165,BM25,0,0,0.1,0.5,0.16666666666666669,0.2833333333333333
166,BM25,0,0,0.0,0.0,0.0,0.02114378559740089
167,BM25,0,0,0.1,0.5,0.16666666666666669,0.5833333333333334
168,BM25,0,0,0.0,0.0,0.0,0.015436590436590437
169,BM25,0,0,0.1,0.25,0.14285714285714288,0.06761339121207173
170,BM25,0,0,0.3,0.5,0.37499999999999994,0.5725868260850524
171,BM25,0,0,0.2,0.6666666666666666,0.30769230769230765,0.1877777777777778
172,BM25,0,0,0.4,1.0,0.5714285714285715,0.6791666666666667
173,BM25,0,0,0.2,1.0,0.33333333333333337,0.6666666666666666
174,BM25,0,0,0.1,0.2,0.13333333333333333,0.108868298093067
175,BM25,0,0,0.0,0.0,0.0,0.004363278190554414
176,BM25,0,0,0.0,0.0,0.0,0.014793517571995077
177,BM25,0,0,0.4,0.8,0.5333333333333333,0.65
178,BM25,0,0,0.3,0.75,0.4285714285714285,0.4063852813852814
179,BM25,0,0,0.0,0.0,0.0,0.02980981435579932
180,BM25,0,0,0.4,0.5714285714285714,0.47058823529411764,0.3929702312007106
181,BM25,0,0,0.1,0.2,0.13333333333333333,0.08928017984092751
182,BM25,0,0,0.2,1.0,0.33333333333333337,0.5833333333333333
183,BM25,0,0,0.6,0.46153846153846156,0.5217391304347826,0.45309589884296003
184,BM25,0,0,0.0,0.0,0.0,0.01754629353928143
185,BM25,0,0,0.6,0.6666666666666666,0.631578947368421,0.8153439153439153
186,BM25,0,0,0.1,0.0625,0.07692307692307693,0.06191141460349524
187,BM25,0,0,0.0,0.0,0.0,0.011210177417609732
188,BM25,0,0,0.0,0.0,0.0,0.013182842983631206
189,BM25,0,0,0.2,0.2222222222222222,0.2105263157894737,0.16273897578535074
190,BM25,0,0,0.1,0.2,0.13333333333333333,0.1684416924664603
191,BM25,0,0,0.6,0.46153846153846156,0.5217391304347826,0.5751415816461066
192,BM25,0,0,0.0,0.0,0.0,0.00797054324037299
193,BM25,0,0,0.2,0.2222222222222222,0.2105263157894737,0.13343374517957074
194,BM25,0,0,0.1,0.16666666666666666,0.125,0.17715173513721608
195,BM25,0,0,0.0,0.0,0.0,0.036279725151198504
196,BM25,0,0,0.0,0.0,0.0,0.01052661735122763
197,BM25,0,0,0.0,0.0,0.0,0.0036349721975259615
198,BM25,0,0,0.0,0.0,0.0,0.004363185506907185
199,BM25,0,0,0.2,0.25,0.22222222222222224,0.08553395631945043
200,BM25,0,0,0.0,0.0,0.0,0.00542454176240132
201,BM25,0,0,0.6,0.375,0.4615384615384615,0.320106016068705
202,BM25,0,0,0.1,0.07142857142857142,0.08333333333333333,0.03668392764187565
203,BM25,0,0,0.0,0.0,0.0,0.00847793298011215
204,BM25,0,0,0.0,0.0,0.0,0.03390958064741443
205,BM25,0,0,0.0,0.0,0.0,0.00438871473354232
206,BM25,0,0,0.1,0.3333333333333333,0.15384615384615383,0.10936667349866776
207,BM25,0,0,0.2,0.4,0.26666666666666666,0.23491698595146873
208,BM25,0,0,0.2,0.3333333333333333,0.25,0.16307713117142067
209,BM25,0,0,0.1,0.08333333333333333,0.0909090909090909,0.04327365535149405
210,BM25,0,0,0.1,0.16666666666666666,0.125,0.18491734064679746
211,BM25,0,0,0.0,0.0,0.0,0.03956454680860574
212,BM25,0,0,0.4,0.2857142857142857,0.3333333333333333,0.3656522921208187
213,BM25,0,0,0.3,0.2727272727272727,0.28571428571428564,0.2089439831571531
214,BM25,0,0,0.1,0.25,0.14285714285714288,0.1607578376784793
215,BM25,0,0,0.0,0.0,0.0,0.015388257575757576
216,BM25,0,0,0.0,0.0,0.0,0.0030959752321981426
217,BM25,0,0,0.5,0.3333333333333333,0.4,0.4434506597933623
218,BM25,0,0,0.5,0.3333333333333333,0.4,0.3193702675429319
219,BM25,0,0,0.1,0.05555555555555555,0.07142857142857142,0.03147978866556364
220,BM25,0,0,0.2,0.10526315789473684,0.13793103448275862,0.146806548200201
221,BM25,0,0,0.0,0.0,0.0,0.08100957863858754
222,BM25,0,0,0.0,0.0,0.0,0.1514164456779878
223,BM25,0,0,0.3,0.75,0.4285714285714285,0.633578431372549
224,BM25,0,0,0.1,0.125,0.11111111111111112,0.11713790213254716
225,BM25,0,0,0.2,0.08333333333333333,0.11764705882352941,0.10525940906019036
1,Vetorial,1,0,0.2,0.07142857142857142,0.10526315789473682,0.11440062325861314
2,Vetorial,1,0,0.2,0.08333333333333333,0.11764705882352941,0.07515032648968399
3,Vetorial,1,0,0.1,0.125,0.11111111111111112,0.08722239460113142
4,Vetorial,1,0,0.2,1.0,0.33333333333333337,0.41666666666666663
5,Vetorial,1,0,0.0,0.0,0.0,0.002717049330586148
6,Vetorial,1,0,0.1,0.25,0.14285714285714288,0.05427825043681185
7,Vetorial,1,0,0.0,0.0,0.0,0.024789895406719508
8,Vetorial,1,0,0.0,0.0,0.0,0.07699623530937633
9,Vetorial,1,0,0.3,1.0,0.4615384615384615,1.0
10,Vetorial,1,0,0.1,0.125,0.11111111111111112,0.20083518466048705
11,Vetorial,1,0,0.2,0.2857142857142857,0.23529411764705882,0.11288682378338528
12,Vetorial,1,0,0.0,0.0,0.0,0.08691969333872791
13,Vetorial,1,0,0.0,0.0,0.0,0.011808734667963507
14,Vetorial,1,0,0.2,1.0,0.33333333333333337,0.75
15,Vetorial,1,0,0.0,0.0,0.0,0.0032420782960739768
16,Vetorial,1,0,0.0,0.0,0.0,0.011783254501701104
17,Vetorial,1,0,0.0,0.0,0.0,0.002468803303707694
18,Vetorial,1,0,0.0,0.0,0.0,0.011308309570317783
19,Vetorial,1,0,0.0,0.0,0.0,0.01680371197577891
20,Vetorial,1,0,0.0,0.0,0.0,0.07224175007606735
21,Vetorial,1,0,0.1,0.25,0.14285714285714288,0.05357283074189344
22,Vetorial,1,0,0.0,0.0,0.0,0.00546448087431694
23,Vetorial,1,0,0.0,0.0,0.0,0.0439754119762844
24,Vetorial,1,0,0.0,0.0,0.0,0.014934261644787962
25,Vetorial,1,0,0.1,0.1111111111111111,0.10526315789473685,0.16170937184575374
26,Vetorial,1,0,0.1,0.16666666666666666,0.125,0.22406728479017632
27,Vetorial,1,0,0.1,0.3333333333333333,0.15384615384615383,0.11433172302737521
28,Vetorial,1,0,0.0,0.0,0.0,0.0029242272520056574
29,Vetorial,1,0,0.4,0.4444444444444444,0.4210526315789474,0.35555400640577906
30,Vetorial,1,0,0.0,0.0,0.0,0.014976336574616281
31,Vetorial,1,0,0.0,0.0,0.0,0.000851063829787234
32,Vetorial,1,0,0.2,0.3333333333333333,0.25,0.12239321437861596
33,Vetorial,1,0,0.2,0.6666666666666666,0.30769230769230765,0.18333333333333335
34,Vetorial,1,0,0.1,0.16666666666666666,0.125,0.170856353081417
35,Vetorial,1,0,0.1,0.3333333333333333,0.15384615384615383,0.08814195998733987
36,Vetorial,1,0,0.0,0.0,0.0,0.007887556136660792
37,Vetorial,1,0,0.2,0.2222222222222222,0.2105263157894737,0.18356754741320871
38,Vetorial,1,0,0.0,0.0,0.0,0.015277001764953996
39,Vetorial,1,0,0.1,0.07692307692307693,0.08695652173913043,0.0485707483473911
40,Vetorial,1,0,0.0,0.0,0.0,0.022867430616519153
41,Vetorial,1,0,0.2,0.6666666666666666,0.30769230769230765,0.7575757575757575
42,Vetorial,1,0,0.0,0.0,0.0,0.04022770504692168
43,Vetorial,1,0,0.3,0.5,0.37499999999999994,0.40016999365471356
44,Vetorial,1,0,0.0,0.0,0.0,0.004781768225560172
45,Vetorial,1,0,0.2,0.16666666666666666,0.1818181818181818,0.16867622017222836
46,Vetorial,1,0,0.4,0.26666666666666666,0.32,0.3085546444099674
47,Vetorial,1,0,0.4,0.2857142857142857,0.3333333333333333,0.29230803057900145
48,Vetorial,1,0,0.2,0.18181818181818182,0.1904761904761905,0.07038377546494332
49,Vetorial,1,0,0.1,0.5,0.16666666666666669,0.26666666666666666
50,Vetorial,1,0,0.0,0.0,0.0,0.025560452752222435
51,Vetorial,1,0,0.2,0.2,0.20000000000000004,0.16958637064319856
52,Vetorial,1,0,0.4,1.0,0.5714285714285715,0.8041666666666667
53,Vetorial,1,0,0.1,0.1,0.10000000000000002,0.06597159572329189
54,Vetorial,1,0,0.1,0.1111111111111111,0.10526315789473685,0.09902705541614669
55,Vetorial,1,0,0.0,0.0,0.0,0.06268365407501847
56,Vetorial,1,0,0.2,0.2,0.20000000000000004,0.10884897401014515
57,Vetorial,1,0,0.2,0.14285714285714285,0.16666666666666666,0.09568658229357563
58,Vetorial,1,0,0.1,0.1111111111111111,0.10526315789473685,0.08532362526331239
59,Vetorial,1,0,0.0,0.0,0.0,0.0075767832451137315
60,Vetorial,1,0,0.3,0.6,0.4,0.48881145170618845
61,Vetorial,1,0,0.2,0.4,0.26666666666666666,0.09205005186107862
62,Vetorial,1,0,0.0,0.0,0.0,0.004929807159720565
63,Vetorial,1,0,0.0,0.0,0.0,0.02058468314862177
64,Vetorial,1,0,0.1,0.5,0.16666666666666669,0.2934782608695652
65,Vetorial,1,0,0.6,0.4,0.48,0.43813173541387834
66,Vetorial,1,0,0.1,0.2,0.13333333333333333,0.13210145742010415
67,Vetorial,1,0,0.7,0.5,0.5833333333333334,0.5968704899501178
68,Vetorial,1,0,0.0,0.0,0.0,0.009933071584185181
69,Vetorial,1,0,0.0,0.0,0.0,0.07014557485525227
70,Vetorial,1,0,0.0,0.0,0.0,0.06248764401359138
71,Vetorial,1,0,0.0,0.0,0.0,0.007451533672266436
72,Vetorial,1,0,0.1,0.058823529411764705,0.07407407407407408,0.0871964198456009
73,Vetorial,1,0,0.1,0.05,0.06666666666666667,0.10345682120410819
74,Vetorial,1,0,0.0,0.0,0.0,0.02312263500975396
75,Vetorial,1,0,0.1,0.2,0.13333333333333333,0.10869381843646549
76,Vetorial,1,0,0.1,0.14285714285714285,0.11764705882352941,0.06083449905215093
77,Vetorial,1,0,0.1,0.16666666666666666,0.125,0.10707594359279753
78,Vetorial,1,0,0.3,1.0,0.4615384615384615,0.6388888888888888
79,Vetorial,1,0,0.0,0.0,0.0,0.015623340944466413
80,Vetorial,1,0,0.0,0.0,0.0,0.0034626105261163385
81,Vetorial,1,0,0.0,0.0,0.0,0.09722222222222221
82,Vetorial,1,0,0.1,0.2,0.13333333333333333,0.2324811680361007
83,Vetorial,1,0,0.0,0.0,0.0,0.017758102041722672
84,Vetorial,1,0,0.0,0.0,0.0,0.08262814347363549
85,Vetorial,1,0,0.0,0.0,0.0,0.016255687890497413
86,Vetorial,1,0,0.0,0.0,0.0,0.05007002801120448
87,Vetorial,1,0,0.0,0.0,0.0,0.010315636024262644
88,Vetorial,1,0,0.6,1.0,0.7499999999999999,0.6079365079365079
89,Vetorial,1,0,0.1,0.16666666666666666,0.125,0.12030747983265146
90,Vetorial,1,0,0.2,0.15384615384615385,0.17391304347826086,0.14992802393442883
91,Vetorial,1,0,0.0,0.0,0.0,0.006215578239780476
92,Vetorial,1,0,0.7,0.5384615384615384,0.608695652173913,0.4851853670088965
93,Vetorial,1,0,0.1,1.0,0.18181818181818182,0.5
94,Vetorial,1,0,0.5,0.4166666666666667,0.45454545454545453,0.3833031783408398
95,Vetorial,1,0,0.0,0.0,0.0,0.01916666666666667
96,Vetorial,1,0,0.4,0.3076923076923077,0.34782608695652173,0.38267854590993405
97,Vetorial,1,0,0.0,0.0,0.0,0.006443046824965749
98,Vetorial,1,0,0.0,0.0,0.0,0.01775167957817953
99,Vetorial,1,0,0.0,0.0,0.0,0.00804484765343744
100,Vetorial,1,0,0.0,0.0,0.0,0.02667139961607879
101,Vetorial,1,0,0.4,0.6666666666666666,0.5,0.6135912698412698
102,Vetorial,1,0,0.0,0.0,0.0,0.0027679857493362113
103,Vetorial,1,0,0.0,0.0,0.0,0.030582724893235984
104,Vetorial,1,0,0.1,0.2,0.13333333333333333,0.05604092302042933
105,Vetorial,1,0,0.1,0.2,0.13333333333333333,0.11796815476550951
106,Vetorial,1,0,0.0,0.0,0.0,0.021020897167878062
107,Vetorial,1,0,0.0,0.0,0.0,0.019973945099210088
108,Vetorial,1,0,0.0,0.0,0.0,0.005874715057460307
109,Vetorial,1,0,0.0,0.0,0.0,0.013297901120524818
110,Vetorial,1,0,0.0,0.0,0.0,0.030772162455330772
111,Vetorial,1,0,0.3,0.42857142857142855,0.3529411764705882,0.22126496251093458
112,Vetorial,1,0,0.1,0.5,0.16666666666666669,0.1709585121602289
113,Vetorial,1,0,0.1,0.25,0.14285714285714288,0.1308611111111111
114,Vetorial,1,0,0.0,0.0,0.0,0.04360034902177132
115,Vetorial,1,0,0.0,0.0,0.0,0.002723195023376467
116,Vetorial,1,0,0.1,0.2,0.13333333333333333,0.11341350010678672
117,Vetorial,1,0,0.0,0.0,0.0,0.0024878934624697337
118,Vetorial,1,0,0.1,0.3333333333333333,0.15384615384615383,0.11102669404517455
119,Vetorial,1,0,0.0,0.0,0.0,0.08333333333333333
120,Vetorial,1,0,0.2,0.2222222222222222,0.2105263157894737,0.27343861150639354
121,Vetorial,1,0,0.2,0.2857142857142857,0.23529411764705882,0.3766811202156029
122,Vetorial,1,0,0.1,0.1111111111111111,0.10526315789473685,0.02871847900916204
123,Vetorial,1,0,0.1,0.5,0.16666666666666669,0.06612903225806452
124,Vetorial,1,0,0.0,0.0,0.0,0.004457158821689087
125,Vetorial,1,0,0.4,0.23529411764705882,0.29629629629629634,0.34262679360144577
126,Vetorial,1,0,0.1,0.125,0.11111111111111112,0.10321488725785916
127,Vetorial,1,0,0.1,0.2,0.13333333333333333,0.1101613561587124
128,Vetorial,1,0,0.0,0.0,0.0,0.027864312911041883
129,Vetorial,1,0,0.3,0.42857142857142855,0.3529411764705882,0.18992572810594247
130,Vetorial,1,0,0.2,0.4,0.26666666666666666,0.23716931216931214
131,Vetorial,1,0,0.4,0.5,0.4444444444444445,0.2784882703081233
132,Vetorial,1,0,0.6,0.4,0.48,0.6937279385785242
133,Vetorial,1,0,0.1,0.14285714285714285,0.11764705882352941,0.18955504907276916
134,Vetorial,1,0,0.1,0.5,0.16666666666666669,0.23809523809523808
135,Vetorial,1,0,0.2,0.25,0.22222222222222224,0.32173455570194703
136,Vetorial,1,0,0.1,0.3333333333333333,0.15384615384615383,0.08550135501355015
137,Vetorial,1,0,0.1,0.25,0.14285714285714288,0.21602564102564104
138,Vetorial,1,0,0.0,0.0,0.0,0.0076785024648447255
139,Vetorial,1,0,0.0,0.0,0.0,0.0029573422547480434
140,Vetorial,1,0,0.0,0.0,0.0,0.0033583208694250477
141,Vetorial,1,0,0.1,0.16666666666666666,0.125,0.05875024647659181
142,Vetorial,1,0,0.0,0.0,0.0,0.0009541984732824427
143,Vetorial,1,0,0.0,0.0,0.0,0.020866454689984104
144,Vetorial,1,0,0.0,0.0,0.0,0.009956055597503087
145,Vetorial,1,0,0.0,0.0,0.0,0.035689543983468644
146,Vetorial,1,0,0.0,0.0,0.0,0.0014843534965346115
147,Vetorial,1,0,0.3,0.3,0.3,0.16453812120980402
148,Vetorial,1,0,0.3,0.5,0.37499999999999994,0.4161751031324048
149,Vetorial,1,0,0.0,0.0,0.0,0.005789030629036945
150,Vetorial,1,0,0.2,1.0,0.33333333333333337,0.75
151,Vetorial,1,0,0.0,0.0,0.0,0.02606622721052687
152,Vetorial,1,0,0.0,0.0,0.0,0.016288960811503526
153,Vetorial,1,0,0.2,0.2857142857142857,0.23529411764705882,0.2437051966860681
154,Vetorial,1,0,0.0,0.0,0.0,0.02736498731424429
155,Vetorial,1,0,0.1,0.16666666666666666,0.125,0.17088284240488982
156,Vetorial,1,0,0.2,0.14285714285714285,0.16666666666666666,0.12800822040050516
157,Vetorial,1,0,0.4,0.10256410256410256,0.163265306122449,0.24436108353265545
158,Vetorial,1,0,0.1,0.125,0.11111111111111112,0.18681175563670643
159,Vetorial,1,0,0.1,0.125,0.11111111111111112,0.03647676091962962
160,Vetorial,1,0,0.0,0.0,0.0,0.034061358309705914
161,Vetorial,1,0,0.2,0.3333333333333333,0.25,0.2121061206290408
162,Vetorial,1,0,0.0,0.0,0.0,0.019641986596513374
163,Vetorial,1,0,0.0,0.0,0.0,0.018351935918813476
164,Vetorial,1,0,0.3,0.375,0.33333333333333326,0.2872263824884793
165,Vetorial,1,0,0.1,0.5,0.16666666666666669,0.537037037037037
166,Vetorial,1,0,0.0,0.0,0.0,0.02021790712643303
167,Vetorial,1,0,0.0,0.0,0.0,0.03571428571428571
168,Vetorial,1,0,0.0,0.0,0.0,0.040958737864077666
169,Vetorial,1,0,0.1,0.25,0.14285714285714288,0.07502713997347268
170,Vetorial,1,0,0.5,0.8333333333333334,0.625,0.3556431431431432
171,Vetorial,1,0,0.2,0.6666666666666666,0.30769230769230765,0.26883468834688345
172,Vetorial,1,0,0.4,1.0,0.5714285714285715,0.6791666666666667
173,Vetorial,1,0,0.2,1.0,0.33333333333333337,0.39285714285714285
174,Vetorial,1,0,0.1,0.2,0.13333333333333333,0.1148088824300055
175,Vetorial,1,0,0.0,0.0,0.0,0.006232491707096359
176,Vetorial,1,0,0.0,0.0,0.0,0.037313069981120085
177,Vetorial,1,0,0.4,0.8,0.5333333333333333,0.7357142857142857
178,Vetorial,1,0,0.3,0.75,0.4285714285714285,0.6071428571428571
179,Vetorial,1,0,0.0,0.0,0.0,0.049048138224100896
180,Vetorial,1,0,0.3,0.42857142857142855,0.3529411764705882,0.3018826356238437
181,Vetorial,1,0,0.1,0.2,0.13333333333333333,0.247733962525215
182,Vetorial,1,0,0.2,1.0,0.33333333333333337,0.41666666666666663
183,Vetorial,1,0,0.7,0.5384615384615384,0.608695652173913,0.6563527483633638
184,Vetorial,1,0,0.0,0.0,0.0,0.017554839502643794
185,Vetorial,1,0,0.6,0.6666666666666666,0.631578947368421,0.8059134765017117
186,Vetorial,1,0,0.1,0.0625,0.07692307692307693,0.11687680575858947
187,Vetorial,1,0,0.0,0.0,0.0,0.012965095536789007
188,Vetorial,1,0,0.0,0.0,0.0,0.007675083706849953
189,Vetorial,1,0,0.3,0.3333333333333333,0.3157894736842105,0.13419157923124145
190,Vetorial,1,0,0.2,0.4,0.26666666666666666,0.24596638655462186
191,Vetorial,1,0,0.8,0.6153846153846154,0.6956521739130435,0.6970550743572795
192,Vetorial,1,0,0.0,0.0,0.0,0.0034013668455755335
193,Vetorial,1,0,0.2,0.2222222222222222,0.2105263157894737,0.15233035299026687
194,Vetorial,1,0,0.2,0.3333333333333333,0.25,0.12286257087369616
195,Vetorial,1,0,0.0,0.0,0.0,0.030128738642175967
196,Vetorial,1,0,0.0,0.0,0.0,0.010107495397353337
197,Vetorial,1,0,0.0,0.0,0.0,0.0030726890233523335
198,Vetorial,1,0,0.0,0.0,0.0,0.002823318769334917
199,Vetorial,1,0,0.1,0.125,0.11111111111111112,0.13378207157184968
200,Vetorial,1,0,0.0,0.0,0.0,0.0017559289628689065
201,Vetorial,1,0,0.3,0.1875,0.23076923076923075,0.2581683833283619
202,Vetorial,1,0,0.0,0.0,0.0,0.00819194604013343
203,Vetorial,1,0,0.0,0.0,0.0,0.013460878511577816
204,Vetorial,1,0,0.3,0.21428571428571427,0.25,0.0796625904077497
205,Vetorial,1,0,0.0,0.0,0.0,0.0043456543456543454
206,Vetorial,1,0,0.0,0.0,0.0,0.08112720612720613
207,Vetorial,1,0,0.2,0.4,0.26666666666666666,0.34209254347185386
208,Vetorial,1,0,0.1,0.16666666666666666,0.125,0.12987154063634787
209,Vetorial,1,0,0.0,0.0,0.0,0.06082123680054757
210,Vetorial,1,0,0.1,0.16666666666666666,0.125,0.06358248702617568
211,Vetorial,1,0,0.0,0.0,0.0,0.014223405970661874
212,Vetorial,1,0,0.4,0.2857142857142857,0.3333333333333333,0.3545027580326557
213,Vetorial,1,0,0.4,0.36363636363636365,0.380952380952381,0.24989388580133712
214,Vetorial,1,0,0.1,0.25,0.14285714285714288,0.10750595137903671
215,Vetorial,1,0,0.0,0.0,0.0,0.015518633898696203
216,Vetorial,1,0,0.0,0.0,0.0,0.005128205128205128
217,Vetorial,1,0,0.6,0.4,0.48,0.41011545999875665
218,Vetorial,1,0,0.2,0.13333333333333333,0.16,0.2181139231086399
219,Vetorial,1,0,0.1,0.05555555555555555,0.07142857142857142,0.09561344545618837
220,Vetorial,1,0,0.0,0.0,0.0,0.07769850844171038
221,Vetorial,1,0,0.2,0.1111111111111111,0.14285714285714285,0.10446982575051739
222,Vetorial,1,0,0.0,0.0,0.0,0.1688659157925897
223,Vetorial,1,0,0.2,0.5,0.28571428571428575,0.2189102564102564
224,Vetorial,1,0,0.0,0.0,0.0,0.09413284187625014
225,Vetorial,1,0,0.2,0.08333333333333333,0.11764705882352941,0.12749443565968147
1,BM25,1,0,0.2,0.07142857142857142,0.10526315789473682,0.10122780076125905
2,BM25,1,0,0.2,0.08333333333333333,0.11764705882352941,0.08274211597862875
3,BM25,1,0,0.1,0.125,0.11111111111111112,0.09203842999305747
4,BM25,1,0,0.2,1.0,0.33333333333333337,0.20833333333333331
5,BM25,1,0,0.0,0.0,0.0,0.002717049330586148
6,BM25,1,0,0.1,0.25,0.14285714285714288,0.0675554758905457
7,BM25,1,0,0.0,0.0,0.0,0.026410114332610906
8,BM25,1,0,0.0,0.0,0.0,0.05925300731032798
9,BM25,1,0,0.3,1.0,0.4615384615384615,1.0
10,BM25,1,0,0.2,0.25,0.22222222222222224,0.10996553804842074
11,BM25,1,0,0.1,0.14285714285714285,0.11764705882352941,0.12172985905237428
12,BM25,1,0,0.0,0.0,0.0,0.0768429892665216
13,BM25,1,0,0.0,0.0,0.0,0.011808734667963507
14,BM25,1,0,0.2,1.0,0.33333333333333337,0.75
15,BM25,1,0,0.0,0.0,0.0,0.0032420782960739768
16,BM25,1,0,0.0,0.0,0.0,0.010982649543112006
17,BM25,1,0,0.0,0.0,0.0,0.002367278330298361
18,BM25,1,0,0.0,0.0,0.0,0.010375908637916853
19,BM25,1,0,0.0,0.0,0.0,0.01889638107612064
20,BM25,1,0,0.0,0.0,0.0,0.05467497832690166
21,BM25,1,0,0.1,0.25,0.14285714285714288,0.0392771513341064
22,BM25,1,0,0.0,0.0,0.0,0.00546448087431694
23,BM25,1,0,0.0,0.0,0.0,0.04509520476233511
24,BM25,1,0,0.0,0.0,0.0,0.018742505372386527
25,BM25,1,0,0.1,0.1111111111111111,0.10526315789473685,0.1485713467617792
26,BM25,1,0,0.1,0.16666666666666666,0.125,0.10520257177356411
27,BM25,1,0,0.1,0.3333333333333333,0.15384615384615383,0.2492492492492492
28,BM25,1,0,0.0,0.0,0.0,0.0029242272520056574
29,BM25,1,0,0.4,0.4444444444444444,0.4210526315789474,0.317333288680283
30,BM25,1,0,0.0,0.0,0.0,0.01735194848907387
31,BM25,1,0,0.0,0.0,0.0,0.000851063829787234
32,BM25,1,0,0.1,0.16666666666666666,0.125,0.10269439467979626
33,BM25,1,0,0.2,0.6666666666666666,0.30769230769230765,0.22147147147147148
34,BM25,1,0,0.1,0.16666666666666666,0.125,0.1043107688659136
35,BM25,1,0,0.1,0.3333333333333333,0.15384615384615383,0.08814195998733987
36,BM25,1,0,0.0,0.0,0.0,0.01656268568033274
37,BM25,1,0,0.0,0.0,0.0,0.10285889106935828
38,BM25,1,0,0.0,0.0,0.0,0.01650991568636264
39,BM25,1,0,0.1,0.07692307692307693,0.08695652173913043,0.05937063983683802
40,BM25,1,0,0.0,0.0,0.0,0.02243182626725257
41,BM25,1,0,0.2,0.6666666666666666,0.30769230769230765,0.75
42,BM25,1,0,0.0,0.0,0.0,0.02994116308391904
43,BM25,1,0,0.4,0.6666666666666666,0.5,0.42993586486705393
44,BM25,1,0,0.0,0.0,0.0,0.004781768225560172
45,BM25,1,0,0.2,0.16666666666666666,0.1818181818181818,0.11676340443764455
46,BM25,1,0,0.4,0.26666666666666666,0.32,0.25643848100282257
47,BM25,1,0,0.6,0.42857142857142855,0.5,0.5014439496839951
48,BM25,1,0,0.2,0.18181818181818182,0.1904761904761905,0.06934619515907031
49,BM25,1,0,0.1,0.5,0.16666666666666669,0.13662790697674418
50,BM25,1,0,0.0,0.0,0.0,0.03368212309083258
51,BM25,1,0,0.2,0.2,0.20000000000000004,0.11838331744142735
52,BM25,1,0,0.4,1.0,0.5714285714285715,0.7291666666666666
53,BM25,1,0,0.3,0.3,0.3,0.20225156028938707
54,BM25,1,0,0.2,0.2222222222222222,0.2105263157894737,0.1449575786554428
55,BM25,1,0,0.0,0.0,0.0,0.07453021381792505
56,BM25,1,0,0.3,0.3,0.3,0.15936725632451776
57,BM25,1,0,0.1,0.07142857142857142,0.08333333333333333,0.08285892444915026
58,BM25,1,0,0.2,0.2222222222222222,0.2105263157894737,0.08828085479579109
59,BM25,1,0,0.0,0.0,0.0,0.010656479902408287
60,BM25,1,0,0.3,0.6,0.4,0.43648322851153043
61,BM25,1,0,0.2,0.4,0.26666666666666666,0.1382676030693198
62,BM25,1,0,0.0,0.0,0.0,0.0039017825989585268
63,BM25,1,0,0.0,0.0,0.0,0.029429937674618527
64,BM25,1,0,0.2,1.0,0.33333333333333337,0.45
65,BM25,1,0,0.6,0.4,0.48,0.3759319542115228
66,BM25,1,0,0.0,0.0,0.0,0.0819768761110932
67,BM25,1,0,0.6,0.42857142857142855,0.5,0.4878856739983926
68,BM25,1,0,0.0,0.0,0.0,0.009933071584185181
69,BM25,1,0,0.1,0.2,0.13333333333333333,0.06844059250098747
70,BM25,1,0,0.0,0.0,0.0,0.05856221983915716
71,BM25,1,0,0.0,0.0,0.0,0.007205321551054314
72,BM25,1,0,0.3,0.17647058823529413,0.22222222222222224,0.09839400669476336
73,BM25,1,0,0.0,0.0,0.0,0.09094201595786172
74,BM25,1,0,0.1,0.16666666666666666,0.125,0.10625762312594904
75,BM25,1,0,0.1,0.2,0.13333333333333333,0.05391682313912044
76,BM25,1,0,0.1,0.14285714285714285,0.11764705882352941,0.051139457281367255
77,BM25,1,0,0.2,0.3333333333333333,0.25,0.12638733849425673
78,BM25,1,0,0.3,1.0,0.4615384615384615,0.6388888888888888
79,BM25,1,0,0.0,0.0,0.0,0.018061052227933923
80,BM25,1,0,0.0,0.0,0.0,0.0034626105261163385
81,BM25,1,0,0.1,0.5,0.16666666666666669,0.3214285714285714
82,BM25,1,0,0.1,0.2,0.13333333333333333,0.23093167011057586
83,BM25,1,0,0.0,0.0,0.0,0.013812334380737106
84,BM25,1,0,0.1,0.09090909090909091,0.09523809523809525,0.08924451243891415
85,BM25,1,0,0.0,0.0,0.0,0.01846158884245221
86,BM25,1,0,0.0,0.0,0.0,0.03434579439252337
87,BM25,1,0,0.0,0.0,0.0,0.008151909719098084
88,BM25,1,0,0.6,1.0,0.7499999999999999,0.6357142857142857
89,BM25,1,0,0.1,0.16666666666666666,0.125,0.11712973576030335
90,BM25,1,0,0.0,0.0,0.0,0.051420850188881796
91,BM25,1,0,0.0,0.0,0.0,0.006215578239780476
92,BM25,1,0,0.6,0.46153846153846156,0.5217391304347826,0.4204520113750882
93,BM25,1,0,0.1,1.0,0.18181818181818182,0.5
94,BM25,1,0,0.4,0.3333333333333333,0.3636363636363636,0.38751005150191403
95,BM25,1,0,0.0,0.0,0.0,0.014642295597484277
96,BM25,1,0,0.4,0.3076923076923077,0.34782608695652173,0.4370009860615268
97,BM25,1,0,0.0,0.0,0.0,0.006443046824965749
98,BM25,1,0,0.1,0.2,0.13333333333333333,0.04346596529246525
99,BM25,1,0,0.0,0.0,0.0,0.009430048643901586
100,BM25,1,0,0.0,0.0,0.0,0.02908844440770158
101,BM25,1,0,0.4,0.6666666666666666,0.5,0.49206349206349204
102,BM25,1,0,0.0,0.0,0.0,0.0027679857493362113
103,BM25,1,0,0.0,0.0,0.0,0.03242096018735363
104,BM25,1,0,0.1,0.2,0.13333333333333333,0.22037960595199152
105,BM25,1,0,0.1,0.2,0.13333333333333333,0.12108975959010745
106,BM25,1,0,0.0,0.0,0.0,0.019929988076968972
107,BM25,1,0,0.0,0.0,0.0,0.02120664242663303
108,BM25,1,0,0.0,0.0,0.0,0.006210279271401136
109,BM25,1,0,0.0,0.0,0.0,0.013297901120524818
110,BM25,1,0,0.0,0.0,0.0,0.025012018154651806
111,BM25,1,0,0.1,0.14285714285714285,0.11764705882352941,0.23408668563467327
112,BM25,1,0,0.0,0.0,0.0,0.031387886081026876
113,BM25,1,0,0.1,0.25,0.14285714285714288,0.11111904761904762
114,BM25,1,0,0.0,0.0,0.0,0.02734637332989946
115,BM25,1,0,0.0,0.0,0.0,0.00416064509611924
116,BM25,1,0,0.1,0.2,0.13333333333333333,0.10983946588074238
117,BM25,1,0,0.0,0.0,0.0,0.0024878934624697337
118,BM25,1,0,0.1,0.3333333333333333,0.15384615384615383,0.3551933607118412
119,BM25,1,0,0.0,0.0,0.0,0.010416666666666666
120,BM25,1,0,0.2,0.2222222222222222,0.2105263157894737,0.229657949509185
121,BM25,1,0,0.3,0.42857142857142855,0.3529411764705882,0.4334433392821273
122,BM25,1,0,0.1,0.1111111111111111,0.10526315789473685,0.03422035769944653
123,BM25,1,0,0.0,0.0,0.0,0.05389610389610389
124,BM25,1,0,0.0,0.0,0.0,0.004276978628630644
125,BM25,1,0,0.0,0.0,0.0,0.1610506164547587
126,BM25,1,0,0.2,0.25,0.22222222222222224,0.20954085285702942
127,BM25,1,0,0.1,0.2,0.13333333333333333,0.05505080725278538
128,BM25,1,0,0.0,0.0,0.0,0.018163854689162488
129,BM25,1,0,0.3,0.42857142857142855,0.3529411764705882,0.28376452211440756
130,BM25,1,0,0.3,0.6,0.4,0.440993265993266
131,BM25,1,0,0.2,0.25,0.22222222222222224,0.33765394327894327
132,BM25,1,0,0.6,0.4,0.48,0.5616927127453444
133,BM25,1,0,0.1,0.14285714285714285,0.11764705882352941,0.19378610807182234
134,BM25,1,0,0.1,0.5,0.16666666666666669,0.5625
135,BM25,1,0,0.3,0.375,0.33333333333333326,0.32607813368262284
136,BM25,1,0,0.0,0.0,0.0,0.07234753550543024
137,BM25,1,0,0.3,0.75,0.4285714285714285,0.46233974358974356
138,BM25,1,0,0.0,0.0,0.0,0.023556460123624303
139,BM25,1,0,0.0,0.0,0.0,0.0033650750932498214
140,BM25,1,0,0.0,0.0,0.0,0.0033583208694250477
141,BM25,1,0,0.1,0.16666666666666666,0.125,0.05875024647659181
142,BM25,1,0,0.0,0.0,0.0,0.0009541984732824427
143,BM25,1,0,0.0,0.0,0.0,0.019947059935715637
144,BM25,1,0,0.0,0.0,0.0,0.007236003517195348
145,BM25,1,0,0.0,0.0,0.0,0.02324675673461574
146,BM25,1,0,0.0,0.0,0.0,0.0014843534965346115
147,BM25,1,0,0.2,0.2,0.20000000000000004,0.19475790142958424
148,BM25,1,0,0.3,0.5,0.37499999999999994,0.33374831057630194
149,BM25,1,0,0.0,0.0,0.0,0.005789030629036945
150,BM25,1,0,0.2,1.0,0.33333333333333337,0.6666666666666666
151,BM25,1,0,0.0,0.0,0.0,0.010574316871935188
152,BM25,1,0,0.0,0.0,0.0,0.014968401167432893
153,BM25,1,0,0.3,0.42857142857142855,0.3529411764705882,0.3320335350144064
154,BM25,1,0,0.0,0.0,0.0,0.019090593543908366
155,BM25,1,0,0.1,0.16666666666666666,0.125,0.170839161884218
156,BM25,1,0,0.2,0.14285714285714285,0.16666666666666666,0.151817744210029
157,BM25,1,0,0.4,0.10256410256410256,0.163265306122449,0.18001250271068817
158,BM25,1,0,0.1,0.125,0.11111111111111112,0.12684282412642922
159,BM25,1,0,0.0,0.0,0.0,0.013039260919629621
160,BM25,1,0,0.1,0.2,0.13333333333333333,0.09934698661531861
161,BM25,1,0,0.3,0.5,0.37499999999999994,0.1871278612947738
162,BM25,1,0,0.0,0.0,0.0,0.02485565958253515
163,BM25,1,0,0.0,0.0,0.0,0.01884347443436716
164,BM25,1,0,0.5,0.625,0.5555555555555556,0.40221428165638906
165,BM25,1,0,0.1,0.5,0.16666666666666669,0.5344827586206896
166,BM25,1,0,0.0,0.0,0.0,0.025187845194547347
167,BM25,1,0,0.1,0.5,0.16666666666666669,0.5714285714285714
168,BM25,1,0,0.0,0.0,0.0,0.03434597523219814
169,BM25,1,0,0.1,0.25,0.14285714285714288,0.06773262157203994
170,BM25,1,0,0.4,0.6666666666666666,0.5,0.665631469979296
171,BM25,1,0,0.2,0.6666666666666666,0.30769230769230765,0.2623015873015873
172,BM25,1,0,0.4,1.0,0.5714285714285715,0.6791666666666667
173,BM25,1,0,0.2,1.0,0.33333333333333337,0.75
174,BM25,1,0,0.1,0.2,0.13333333333333333,0.10866681513355145
175,BM25,1,0,0.0,0.0,0.0,0.005722364785713892
176,BM25,1,0,0.0,0.0,0.0,0.03957503288482809
177,BM25,1,0,0.4,0.8,0.5333333333333333,0.6202564102564103
178,BM25,1,0,0.3,0.75,0.4285714285714285,0.5596590909090909
179,BM25,1,0,0.0,0.0,0.0,0.06107410245594748
180,BM25,1,0,0.4,0.5714285714285714,0.47058823529411764,0.39133841793676893
181,BM25,1,0,0.1,0.2,0.13333333333333333,0.08961154730602561
182,BM25,1,0,0.2,1.0,0.33333333333333337,0.5833333333333333
183,BM25,1,0,0.8,0.6153846153846154,0.6956521739130435,0.6874547660038429
184,BM25,1,0,0.0,0.0,0.0,0.02226214604711006
185,BM25,1,0,0.6,0.6666666666666666,0.631578947368421,0.8407814407814407
186,BM25,1,0,0.1,0.0625,0.07692307692307693,0.06484446395259467
187,BM25,1,0,0.0,0.0,0.0,0.011727693795390045
188,BM25,1,0,0.0,0.0,0.0,0.007675083706849953
189,BM25,1,0,0.3,0.3333333333333333,0.3157894736842105,0.23541739108632478
190,BM25,1,0,0.3,0.6,0.4,0.2570543345543346
191,BM25,1,0,0.7,0.5384615384615384,0.608695652173913,0.6030450252591927
192,BM25,1,0,0.0,0.0,0.0,0.0034013668455755335
193,BM25,1,0,0.2,0.2222222222222222,0.2105263157894737,0.14427996652085937
194,BM25,1,0,0.2,0.3333333333333333,0.25,0.11551528631904506
195,BM25,1,0,0.1,0.3333333333333333,0.15384615384615383,0.05124031007751937
196,BM25,1,0,0.0,0.0,0.0,0.01019265113674796
197,BM25,1,0,0.0,0.0,0.0,0.0034421937243419264
198,BM25,1,0,0.0,0.0,0.0,0.002823318769334917
199,BM25,1,0,0.2,0.25,0.22222222222222224,0.13156280054266384
200,BM25,1,0,0.0,0.0,0.0,0.0017559289628689065
201,BM25,1,0,0.6,0.375,0.4615384615384615,0.34858807223263294
202,BM25,1,0,0.0,0.0,0.0,0.00819194604013343
203,BM25,1,0,0.0,0.0,0.0,0.013460878511577816
204,BM25,1,0,0.1,0.07142857142857142,0.08333333333333333,0.044779279485823956
205,BM25,1,0,0.0,0.0,0.0,0.004452308158553869
206,BM25,1,0,0.2,0.6666666666666666,0.30769230769230765,0.12737686139747997
207,BM25,1,0,0.3,0.6,0.4,0.24000624804748516
208,BM25,1,0,0.2,0.3333333333333333,0.25,0.14247134991156993
209,BM25,1,0,0.1,0.08333333333333333,0.0909090909090909,0.04455065973897681
210,BM25,1,0,0.1,0.16666666666666666,0.125,0.1907224362152735
211,BM25,1,0,0.0,0.0,0.0,0.013864669999834689
212,BM25,1,0,0.5,0.35714285714285715,0.41666666666666663,0.3705041077461124
213,BM25,1,0,0.5,0.45454545454545453,0.47619047619047616,0.333376557006587
214,BM25,1,0,0.1,0.25,0.14285714285714288,0.15640705028013563
215,BM25,1,0,0.0,0.0,0.0,0.01968125960061444
216,BM25,1,0,0.0,0.0,0.0,0.008620689655172414
217,BM25,1,0,0.6,0.4,0.48,0.5288091622528164
218,BM25,1,0,0.5,0.3333333333333333,0.4,0.36400994323584884
219,BM25,1,0,0.1,0.05555555555555555,0.07142857142857142,0.03785482951967338
220,BM25,1,0,0.0,0.0,0.0,0.07817593601230988
221,BM25,1,0,0.0,0.0,0.0,0.08074450456221008
222,BM25,1,0,0.1,0.1111111111111111,0.10526315789473685,0.22867556426551955
223,BM25,1,0,0.3,0.75,0.4285714285714285,0.774390243902439
224,BM25,1,0,0.1,0.125,0.11111111111111112,0.11806423962009971
225,BM25,1,0,0.2,0.08333333333333333,0.11764705882352941,0.10906187750181917
1,Vetorial,0,1,0.6,0.21428571428571427,0.3157894736842105,0.29466774885354585
2,Vetorial,0,1,0.4,0.16666666666666666,0.23529411764705882,0.2085247944796321
3,Vetorial,0,1,0.7,0.875,0.7777777777777777,0.6659722222222223
4,Vetorial,0,1,0.1,0.5,0.16666666666666669,0.5588235294117647
5,Vetorial,0,1,0.2,0.5,0.28571428571428575,0.1400287065180682
6,Vetorial,0,1,0.2,0.5,0.28571428571428575,0.14650768535262207
7,Vetorial,0,1,0.2,0.4,0.26666666666666666,0.1624462307757502
8,Vetorial,0,1,0.2,0.18181818181818182,0.1904761904761905,0.20850346436510667
9,Vetorial,0,1,0.3,1.0,0.4615384615384615,1.0
10,Vetorial,0,1,0.2,0.25,0.22222222222222224,0.1517286309759185
11,Vetorial,0,1,0.2,0.2857142857142857,0.23529411764705882,0.19559110522497244
12,Vetorial,0,1,0.2,0.4,0.26666666666666666,0.2140383919640767
13,Vetorial,0,1,0.0,0.0,0.0,0.0028563973337744223
14,Vetorial,0,1,0.2,1.0,0.33333333333333337,0.6111111111111112
15,Vetorial,0,1,0.2,1.0,0.33333333333333337,0.75
16,Vetorial,0,1,0.2,0.6666666666666666,0.30769230769230765,0.2653846153846154
17,Vetorial,0,1,0.1,0.5,0.16666666666666669,0.09509803921568627
18,Vetorial,0,1,0.1,0.3333333333333333,0.15384615384615383,0.13347412038830175
19,Vetorial,0,1,0.1,0.1111111111111111,0.10526315789473685,0.04566283008418771
20,Vetorial,0,1,0.5,0.5555555555555556,0.5263157894736842,0.5802845302845303
21,Vetorial,0,1,0.1,0.25,0.14285714285714288,0.15922619047619047
22,Vetorial,0,1,0.0,0.0,0.0,0.000968054211035818
23,Vetorial,0,1,0.4,0.125,0.19047619047619047,0.17295911093652197
24,Vetorial,0,1,0.2,0.6666666666666666,0.30769230769230765,0.4666666666666666
25,Vetorial,0,1,0.4,0.4444444444444444,0.4210526315789474,0.46014125188738003
26,Vetorial,0,1,0.2,0.3333333333333333,0.25,0.22835850825283224
27,Vetorial,0,1,0.0,0.0,0.0,0.06834417655313177
28,Vetorial,0,1,0.0,0.0,0.0,0.004513324095829066
29,Vetorial,0,1,0.3,0.3333333333333333,0.3157894736842105,0.38740194974294473
30,Vetorial,0,1,0.1,0.14285714285714285,0.11764705882352941,0.05973556521449346
31,Vetorial,0,1,0.0,0.0,0.0,0.0007905138339920949
32,Vetorial,0,1,0.0,0.0,0.0,0.045248136788201505
33,Vetorial,0,1,0.3,1.0,0.4615384615384615,0.4444444444444444
34,Vetorial,0,1,0.3,0.5,0.37499999999999994,0.33055555555555555
35,Vetorial,0,1,0.0,0.0,0.0,0.023696608187867712
36,Vetorial,0,1,0.1,0.5,0.16666666666666669,0.08592132505175983
37,Vetorial,0,1,0.1,0.1111111111111111,0.10526315789473685,0.15231229024037823
38,Vetorial,0,1,0.1,0.1,0.10000000000000002,0.03823516492055897
39,Vetorial,0,1,0.2,0.15384615384615385,0.17391304347826086,0.16865216194460578
40,Vetorial,0,1,0.2,0.16666666666666666,0.1818181818181818,0.06333962992294163
41,Vetorial,0,1,0.3,1.0,0.4615384615384615,0.7777777777777778
42,Vetorial,0,1,0.3,0.6,0.4,0.2146359265887637
43,Vetorial,0,1,0.5,0.8333333333333334,0.625,0.7114583333333333
44,Vetorial,0,1,0.0,0.0,0.0,0.0017998055683297928
45,Vetorial,0,1,0.2,0.16666666666666666,0.1818181818181818,0.19869973968353516
46,Vetorial,0,1,0.5,0.3333333333333333,0.4,0.2978486931801161
47,Vetorial,0,1,0.5,0.35714285714285715,0.41666666666666663,0.33421455616621376
48,Vetorial,0,1,0.2,0.18181818181818182,0.1904761904761905,0.13230167151424732
49,Vetorial,0,1,0.1,0.5,0.16666666666666669,0.1769759450171821
50,Vetorial,0,1,0.0,0.0,0.0,0.015894862805604645
51,Vetorial,0,1,0.6,0.6,0.6,0.5759545577373445
52,Vetorial,0,1,0.4,1.0,0.5714285714285715,0.5428571428571429
53,Vetorial,0,1,0.2,0.2,0.20000000000000004,0.23274363068944517
54,Vetorial,0,1,0.1,0.1111111111111111,0.10526315789473685,0.11970214569579223
55,Vetorial,0,1,0.3,0.3,0.3,0.2750356613114721
56,Vetorial,0,1,0.2,0.2,0.20000000000000004,0.1340640825683873
57,Vetorial,0,1,0.1,0.07142857142857142,0.08333333333333333,0.08045340677122627
58,Vetorial,0,1,0.4,0.4444444444444444,0.4210526315789474,0.41398094000433183
59,Vetorial,0,1,0.2,0.5,0.28571428571428575,0.17695968905646325
60,Vetorial,0,1,0.2,0.4,0.26666666666666666,0.4790278562017692
61,Vetorial,0,1,0.3,0.6,0.4,0.44956043956043945
62,Vetorial,0,1,0.0,0.0,0.0,0.024969996302620943
63,Vetorial,0,1,0.0,0.0,0.0,0.025799086757990867
64,Vetorial,0,1,0.1,0.5,0.16666666666666669,0.20192307692307693
65,Vetorial,0,1,0.5,0.3333333333333333,0.4,0.34712926176466696
66,Vetorial,0,1,0.1,0.2,0.13333333333333333,0.17346914523385112
67,Vetorial,0,1,0.8,0.5714285714285714,0.6666666666666666,0.6384173590896556
68,Vetorial,0,1,0.1,0.2,0.13333333333333333,0.09276896271980803
69,Vetorial,0,1,0.1,0.2,0.13333333333333333,0.07029616378453588
70,Vetorial,0,1,0.1,0.1,0.10000000000000002,0.05878943729075532
71,Vetorial,0,1,0.0,0.0,0.0,0.04618331777087706
72,Vetorial,0,1,0.0,0.0,0.0,0.05056553765543233
73,Vetorial,0,1,0.6,0.3,0.4,0.3661140367339182
74,Vetorial,0,1,0.2,0.3333333333333333,0.25,0.1243473030237736
75,Vetorial,0,1,0.1,0.2,0.13333333333333333,0.13040675345855118
76,Vetorial,0,1,0.2,0.2857142857142857,0.23529411764705882,0.15927015498015687
77,Vetorial,0,1,0.4,0.6666666666666666,0.5,0.5658008658008657
78,Vetorial,0,1,0.1,0.3333333333333333,0.15384615384615383,0.4708624708624709
79,Vetorial,0,1,0.1,0.2,0.13333333333333333,0.056542228170095334
80,Vetorial,0,1,0.0,0.0,0.0,0.036925566854550965
81,Vetorial,0,1,0.2,1.0,0.33333333333333337,0.29166666666666663
82,Vetorial,0,1,0.3,0.6,0.4,0.38709475709475705
83,Vetorial,0,1,0.1,0.25,0.14285714285714288,0.06910304678794231
84,Vetorial,0,1,0.4,0.36363636363636365,0.380952380952381,0.3663128511362547
85,Vetorial,0,1,0.0,0.0,0.0,0.015359950712948203
86,Vetorial,0,1,0.2,1.0,0.33333333333333337,0.41666666666666663
87,Vetorial,0,1,0.0,0.0,0.0,0.013957506436349036
88,Vetorial,0,1,0.6,1.0,0.7499999999999999,0.7329365079365079
89,Vetorial,0,1,0.3,0.5,0.37499999999999994,0.3780655320289466
90,Vetorial,0,1,0.3,0.23076923076923078,0.2608695652173913,0.1635710015939861
91,Vetorial,0,1,0.4,0.4444444444444444,0.4210526315789474,0.2856297893835805
92,Vetorial,0,1,0.7,0.5384615384615384,0.608695652173913,0.5656797993026526
93,Vetorial,0,1,0.1,1.0,0.18181818181818182,0.5
94,Vetorial,0,1,0.6,0.5,0.5454545454545454,0.6200783832904087
95,Vetorial,0,1,0.1,0.5,0.16666666666666669,0.5555555555555556
96,Vetorial,0,1,0.3,0.23076923076923078,0.2608695652173913,0.281270685867463
97,Vetorial,0,1,0.2,0.2,0.20000000000000004,0.12301804600981814
98,Vetorial,0,1,0.0,0.0,0.0,0.018028902581187865
99,Vetorial,0,1,0.2,0.5,0.28571428571428575,0.2040467702232408
100,Vetorial,0,1,0.2,0.2222222222222222,0.2105263157894737,0.20626189148989404
101,Vetorial,0,1,0.5,0.8333333333333334,0.625,0.8122222222222222
102,Vetorial,0,1,0.2,0.5,0.28571428571428575,0.36554856743535985
103,Vetorial,0,1,0.0,0.0,0.0,0.02402745995423341
104,Vetorial,0,1,0.0,0.0,0.0,0.022389621250779364
105,Vetorial,0,1,0.3,0.6,0.4,0.526662950575994
106,Vetorial,0,1,0.2,0.4,0.26666666666666666,0.30225517725517725
107,Vetorial,0,1,0.2,0.2857142857142857,0.23529411764705882,0.24101180990357712
108,Vetorial,0,1,0.5,0.7142857142857143,0.588235294117647,0.726221397649969
109,Vetorial,0,1,0.0,0.0,0.0,0.03540710436743803
110,Vetorial,0,1,0.1,0.25,0.14285714285714288,0.1617145031528593
111,Vetorial,0,1,0.3,0.42857142857142855,0.3529411764705882,0.24875480556595111
112,Vetorial,0,1,0.1,0.5,0.16666666666666669,0.3055555555555556
113,Vetorial,0,1,0.2,0.5,0.28571428571428575,0.392878726833199
114,Vetorial,0,1,0.1,0.25,0.14285714285714288,0.06918875515215293
115,Vetorial,0,1,0.0,0.0,0.0,0.012248310629737484
116,Vetorial,0,1,0.1,0.2,0.13333333333333333,0.056862172729153636
117,Vetorial,0,1,0.0,0.0,0.0,0.035625000000000004
118,Vetorial,0,1,0.1,0.3333333333333333,0.15384615384615383,0.1476154153499691
119,Vetorial,0,1,0.1,1.0,0.18181818181818182,1.0
120,Vetorial,0,1,0.6,0.6666666666666666,0.631578947368421,0.4883264310184031
121,Vetorial,0,1,0.4,0.5714285714285714,0.47058823529411764,0.5526154233050785
122,Vetorial,0,1,0.1,0.1111111111111111,0.10526315789473685,0.10632864688550808
123,Vetorial,0,1,0.1,0.5,0.16666666666666669,0.06612903225806452
124,Vetorial,0,1,0.0,0.0,0.0,0.0032336953018724155
125,Vetorial,0,1,0.2,0.11764705882352941,0.14814814814814817,0.29013251407880375
126,Vetorial,0,1,0.2,0.25,0.22222222222222224,0.2258654422615621
127,Vetorial,0,1,0.1,0.2,0.13333333333333333,0.11044291174401484
128,Vetorial,0,1,0.0,0.0,0.0,0.02595853971748303
129,Vetorial,0,1,0.3,0.42857142857142855,0.3529411764705882,0.2940359151307082
130,Vetorial,0,1,0.4,0.8,0.5333333333333333,0.4994339296517155
131,Vetorial,0,1,0.4,0.5,0.4444444444444445,0.30305999373433584
132,Vetorial,0,1,0.8,0.5333333333333333,0.64,0.6905935920928424
133,Vetorial,0,1,0.1,0.14285714285714285,0.11764705882352941,0.15791966238967564
134,Vetorial,0,1,0.1,0.5,0.16666666666666669,0.20512820512820512
135,Vetorial,0,1,0.4,0.5,0.4444444444444445,0.5984943977591035
136,Vetorial,0,1,0.1,0.3333333333333333,0.15384615384615383,0.08051099227569815
137,Vetorial,0,1,0.2,0.5,0.28571428571428575,0.23532388663967613
138,Vetorial,0,1,0.1,0.5,0.16666666666666669,0.11274509803921567
139,Vetorial,0,1,0.0,0.0,0.0,0.004401947393074697
140,Vetorial,0,1,0.2,0.3333333333333333,0.25,0.12756370248119578
141,Vetorial,0,1,0.3,0.5,0.37499999999999994,0.2680107130571527
142,Vetorial,0,1,0.0,0.0,0.0,0.07142857142857142
143,Vetorial,0,1,0.2,1.0,0.33333333333333337,0.5833333333333333
144,Vetorial,0,1,0.5,0.8333333333333334,0.625,0.6688492063492064
145,Vetorial,0,1,0.4,0.5714285714285714,0.47058823529411764,0.5515971606033717
146,Vetorial,0,1,0.2,1.0,0.33333333333333337,0.8333333333333333
147,Vetorial,0,1,0.3,0.3,0.3,0.23991824636572284
148,Vetorial,0,1,0.3,0.5,0.37499999999999994,0.3771405102067964
149,Vetorial,0,1,0.3,0.2727272727272727,0.28571428571428564,0.33759378418441455
150,Vetorial,0,1,0.2,1.0,0.33333333333333337,0.5833333333333333
151,Vetorial,0,1,0.0,0.0,0.0,0.03533193491771256
152,Vetorial,0,1,0.0,0.0,0.0,0.009402786200181876
153,Vetorial,0,1,0.3,0.42857142857142855,0.3529411764705882,0.24466752245567644
154,Vetorial,0,1,0.2,1.0,0.33333333333333337,0.5833333333333333
155,Vetorial,0,1,0.3,0.5,0.37499999999999994,0.2703165543850686
156,Vetorial,0,1,0.6,0.42857142857142855,0.5,0.5248397941454707
157,Vetorial,0,1,0.6,0.15384615384615385,0.2448979591836735,0.3527408360898288
158,Vetorial,0,1,0.3,0.375,0.33333333333333326,0.32225843155659606
159,Vetorial,0,1,0.2,0.25,0.22222222222222224,0.13348717532290047
160,Vetorial,0,1,0.0,0.0,0.0,0.03140686517279462
161,Vetorial,0,1,0.3,0.5,0.37499999999999994,0.4706386845614488
162,Vetorial,0,1,0.1,0.125,0.11111111111111112,0.15523504273504274
163,Vetorial,0,1,0.2,0.6666666666666666,0.30769230769230765,0.2802347802347802
164,Vetorial,0,1,0.3,0.375,0.33333333333333326,0.3196829706462276
165,Vetorial,0,1,0.1,0.5,0.16666666666666669,0.21666666666666667
166,Vetorial,0,1,0.0,0.0,0.0,0.026059312824047446
167,Vetorial,0,1,0.0,0.0,0.0,0.12237762237762238
168,Vetorial,0,1,0.1,0.5,0.16666666666666669,0.22549019607843135
169,Vetorial,0,1,0.1,0.25,0.14285714285714288,0.17953574203574205
170,Vetorial,0,1,0.5,0.8333333333333334,0.625,0.4623044285335454
171,Vetorial,0,1,0.3,1.0,0.4615384615384615,0.37777777777777777
172,Vetorial,0,1,0.4,1.0,0.5714285714285715,0.6791666666666667
173,Vetorial,0,1,0.2,1.0,0.33333333333333337,0.5833333333333333
174,Vetorial,0,1,0.1,0.2,0.13333333333333333,0.152796560484659
175,Vetorial,0,1,0.0,0.0,0.0,0.04030703928186643
176,Vetorial,0,1,0.0,0.0,0.0,0.05344514345288124
177,Vetorial,0,1,0.4,0.8,0.5333333333333333,0.740909090909091
178,Vetorial,0,1,0.3,0.75,0.4285714285714285,0.5729166666666666
179,Vetorial,0,1,0.2,0.5,0.28571428571428575,0.2392749195085091
180,Vetorial,0,1,0.3,0.42857142857142855,0.3529411764705882,0.3222091317916745
181,Vetorial,0,1,0.1,0.2,0.13333333333333333,0.25182014260807833
182,Vetorial,0,1,0.2,1.0,0.33333333333333337,0.5
183,Vetorial,0,1,0.7,0.5384615384615384,0.608695652173913,0.5187012669443546
184,Vetorial,0,1,0.2,0.2857142857142857,0.23529411764705882,0.14281967376914045
185,Vetorial,0,1,0.6,0.6666666666666666,0.631578947368421,0.7956738250855897
186,Vetorial,0,1,0.5,0.3125,0.38461538461538464,0.22902244433153815
187,Vetorial,0,1,0.1,0.16666666666666666,0.125,0.08892120780105611
188,Vetorial,0,1,0.4,0.36363636363636365,0.380952380952381,0.4161194292783593
189,Vetorial,0,1,0.3,0.3333333333333333,0.3157894736842105,0.143545644465155
190,Vetorial,0,1,0.3,0.6,0.4,0.31481481481481477
191,Vetorial,0,1,0.7,0.5384615384615384,0.608695652173913,0.567138259042307
192,Vetorial,0,1,0.3,0.75,0.4285714285714285,0.38774509803921564
193,Vetorial,0,1,0.6,0.6666666666666666,0.631578947368421,0.7197529549988565
194,Vetorial,0,1,0.2,0.3333333333333333,0.25,0.1841946248196248
195,Vetorial,0,1,0.1,0.3333333333333333,0.15384615384615383,0.07013839084123569
196,Vetorial,0,1,0.1,0.08333333333333333,0.0909090909090909,0.1171752083387963
197,Vetorial,0,1,0.3,1.0,0.4615384615384615,0.7777777777777778
198,Vetorial,0,1,0.2,0.5,0.28571428571428575,0.45338589981447125
199,Vetorial,0,1,0.1,0.125,0.11111111111111112,0.0998830644663978
200,Vetorial,0,1,0.1,0.3333333333333333,0.15384615384615383,0.2269595176571921
201,Vetorial,0,1,0.4,0.25,0.3076923076923077,0.28156404210493574
202,Vetorial,0,1,0.3,0.21428571428571427,0.25,0.22913049430275242
203,Vetorial,0,1,0.2,0.14285714285714285,0.16666666666666666,0.09389817593558678
204,Vetorial,0,1,0.2,0.14285714285714285,0.16666666666666666,0.12579568725008713
205,Vetorial,0,1,0.2,1.0,0.33333333333333337,0.3611111111111111
206,Vetorial,0,1,0.1,0.3333333333333333,0.15384615384615383,0.09405491263898343
207,Vetorial,0,1,0.1,0.2,0.13333333333333333,0.056527476984811066
208,Vetorial,0,1,0.3,0.5,0.37499999999999994,0.47544140800719753
209,Vetorial,0,1,0.3,0.25,0.2727272727272727,0.1870606667303171
210,Vetorial,0,1,0.2,0.3333333333333333,0.25,0.33781058798708147
211,Vetorial,0,1,0.1,0.09090909090909091,0.09523809523809525,0.16637635521943814
212,Vetorial,0,1,0.5,0.35714285714285715,0.41666666666666663,0.4980295142773147
213,Vetorial,0,1,0.6,0.5454545454545454,0.5714285714285713,0.6059723006569319
214,Vetorial,0,1,0.1,0.25,0.14285714285714288,0.10232002944132042
215,Vetorial,0,1,0.0,0.0,0.0,0.0367063492063492
216,Vetorial,0,1,0.0,0.0,0.0,0.0014367816091954023
217,Vetorial,0,1,0.2,0.13333333333333333,0.16,0.12523429078357345
218,Vetorial,0,1,0.4,0.26666666666666666,0.32,0.26102932245974203
219,Vetorial,0,1,0.0,0.0,0.0,0.04971667481380002
220,Vetorial,0,1,0.3,0.15789473684210525,0.20689655172413793,0.13893099904896417
221,Vetorial,0,1,0.4,0.2222222222222222,0.2857142857142857,0.17391296874719012
222,Vetorial,0,1,0.6,0.6666666666666666,0.631578947368421,0.6687487267245242
223,Vetorial,0,1,0.2,0.5,0.28571428571428575,0.46602564102564104
224,Vetorial,0,1,0.1,0.125,0.11111111111111112,0.13478420074214467
225,Vetorial,0,1,0.2,0.08333333333333333,0.11764705882352941,0.10784589763248688
1,BM25,0,1,0.4,0.14285714285714285,0.21052631578947364,0.21440169650280802
2,BM25,0,1,0.4,0.16666666666666666,0.23529411764705882,0.2109849297962525
3,BM25,0,1,0.6,0.75,0.6666666666666665,0.6006620762711865
4,BM25,0,1,0.1,0.5,0.16666666666666669,0.28125
5,BM25,0,1,0.3,0.75,0.4285714285714285,0.3261904761904762
6,BM25,0,1,0.1,0.25,0.14285714285714288,0.16877511874314943
7,BM25,0,1,0.2,0.4,0.26666666666666666,0.2623802863802864
8,BM25,0,1,0.1,0.09090909090909091,0.09523809523809525,0.161077387954297
9,BM25,0,1,0.3,1.0,0.4615384615384615,0.6388888888888888
10,BM25,0,1,0.1,0.125,0.11111111111111112,0.15025811616267992
11,BM25,0,1,0.2,0.2857142857142857,0.23529411764705882,0.17870296476788322
12,BM25,0,1,0.2,0.4,0.26666666666666666,0.21664420485175198
13,BM25,0,1,0.0,0.0,0.0,0.0029876496100116772
14,BM25,0,1,0.2,1.0,0.33333333333333337,0.6
15,BM25,0,1,0.2,1.0,0.33333333333333337,1.0
16,BM25,0,1,0.2,0.6666666666666666,0.30769230769230765,0.2347222222222222
17,BM25,0,1,0.1,0.5,0.16666666666666669,0.07469512195121951
18,BM25,0,1,0.1,0.3333333333333333,0.15384615384615383,0.36122100122100126
19,BM25,0,1,0.1,0.1111111111111111,0.10526315789473685,0.04395865444112197
20,BM25,0,1,0.5,0.5555555555555556,0.5263157894736842,0.5324160407493741
21,BM25,0,1,0.0,0.0,0.0,0.046886973180076626
22,BM25,0,1,0.0,0.0,0.0,0.0015503875968992248
23,BM25,0,1,0.2,0.0625,0.09523809523809523,0.13158911720867214
24,BM25,0,1,0.2,0.6666666666666666,0.30769230769230765,0.32222222222222224
25,BM25,0,1,0.6,0.6666666666666666,0.631578947368421,0.6707663377983217
26,BM25,0,1,0.2,0.3333333333333333,0.25,0.23272504468156638
27,BM25,0,1,0.0,0.0,0.0,0.09314433610208257
28,BM25,0,1,0.0,0.0,0.0,0.00429000429000429
29,BM25,0,1,0.5,0.5555555555555556,0.5263157894736842,0.45616358171175453
30,BM25,0,1,0.1,0.14285714285714285,0.11764705882352941,0.0797875066468636
31,BM25,0,1,0.0,0.0,0.0,0.0008291873963515755
32,BM25,0,1,0.1,0.16666666666666666,0.125,0.03937741500359823
33,BM25,0,1,0.3,1.0,0.4615384615384615,0.5555555555555555
34,BM25,0,1,0.2,0.3333333333333333,0.25,0.30007176567897637
35,BM25,0,1,0.0,0.0,0.0,0.014781280803733553
36,BM25,0,1,0.1,0.5,0.16666666666666669,0.2621951219512195
37,BM25,0,1,0.0,0.0,0.0,0.057069672300795085
38,BM25,0,1,0.0,0.0,0.0,0.059737180615516305
39,BM25,0,1,0.3,0.23076923076923078,0.2608695652173913,0.11930594073556938
40,BM25,0,1,0.2,0.16666666666666666,0.1818181818181818,0.08276435367471062
41,BM25,0,1,0.3,1.0,0.4615384615384615,0.7777777777777778
42,BM25,0,1,0.3,0.6,0.4,0.1947142857142857
43,BM25,0,1,0.4,0.6666666666666666,0.5,0.6415776591010235
44,BM25,0,1,0.0,0.0,0.0,0.0023845515288665447
45,BM25,0,1,0.1,0.08333333333333333,0.0909090909090909,0.17555855844071422
46,BM25,0,1,0.6,0.4,0.48,0.3530050494224174
47,BM25,0,1,0.5,0.35714285714285715,0.41666666666666663,0.35772062632295304
48,BM25,0,1,0.2,0.18181818181818182,0.1904761904761905,0.17108663032119026
49,BM25,0,1,0.1,0.5,0.16666666666666669,0.07862903225806452
50,BM25,0,1,0.1,0.16666666666666666,0.125,0.10011948442683294
51,BM25,0,1,0.6,0.6,0.6,0.56940905106042
52,BM25,0,1,0.4,1.0,0.5714285714285715,0.5902777777777777
53,BM25,0,1,0.2,0.2,0.20000000000000004,0.2403522084364264
54,BM25,0,1,0.1,0.1111111111111111,0.10526315789473685,0.13966365912717296
55,BM25,0,1,0.3,0.3,0.3,0.29286747855084483
56,BM25,0,1,0.2,0.2,0.20000000000000004,0.1314998036771654
57,BM25,0,1,0.1,0.07142857142857142,0.08333333333333333,0.08276026002560359
58,BM25,0,1,0.2,0.2222222222222222,0.2105263157894737,0.22502856415892078
59,BM25,0,1,0.2,0.5,0.28571428571428575,0.14287173003987164
60,BM25,0,1,0.3,0.6,0.4,0.45155641190323276
61,BM25,0,1,0.2,0.4,0.26666666666666666,0.5171380471380471
62,BM25,0,1,0.0,0.0,0.0,0.021856981355857074
63,BM25,0,1,0.0,0.0,0.0,0.025685782811313434
64,BM25,0,1,0.1,0.5,0.16666666666666669,0.5147058823529411
65,BM25,0,1,0.5,0.3333333333333333,0.4,0.21833446847921378
66,BM25,0,1,0.1,0.2,0.13333333333333333,0.08019423443358535
67,BM25,0,1,0.6,0.42857142857142855,0.5,0.5025302173412783
68,BM25,0,1,0.1,0.2,0.13333333333333333,0.09537426708324906
69,BM25,0,1,0.1,0.2,0.13333333333333333,0.08935397335139054
70,BM25,0,1,0.1,0.1,0.10000000000000002,0.10012105211553621
71,BM25,0,1,0.1,0.125,0.11111111111111112,0.0553050323505356
72,BM25,0,1,0.1,0.058823529411764705,0.07407407407407408,0.0558329254281158
73,BM25,0,1,0.6,0.3,0.4,0.33479583621863396
74,BM25,0,1,0.1,0.16666666666666666,0.125,0.11703414045010015
75,BM25,0,1,0.0,0.0,0.0,0.018365678822945722
76,BM25,0,1,0.3,0.42857142857142855,0.3529411764705882,0.22755194120659014
77,BM25,0,1,0.3,0.5,0.37499999999999994,0.3316507955641273
78,BM25,0,1,0.3,1.0,0.4615384615384615,0.37777777777777777
79,BM25,0,1,0.1,0.2,0.13333333333333333,0.05449113845677579
80,BM25,0,1,0.0,0.0,0.0,0.012084604978434995
81,BM25,0,1,0.2,1.0,0.33333333333333337,0.8333333333333333
82,BM25,0,1,0.3,0.6,0.4,0.2939075630252101
83,BM25,0,1,0.1,0.25,0.14285714285714288,0.13475408291109067
84,BM25,0,1,0.4,0.36363636363636365,0.380952380952381,0.43269194910086883
85,BM25,0,1,0.1,0.25,0.14285714285714288,0.13560011907224878
86,BM25,0,1,0.2,1.0,0.33333333333333337,0.5833333333333333
87,BM25,0,1,0.0,0.0,0.0,0.01406222735788376
88,BM25,0,1,0.6,1.0,0.7499999999999999,0.6968253968253969
89,BM25,0,1,0.1,0.16666666666666666,0.125,0.21400361321237768
90,BM25,0,1,0.3,0.23076923076923078,0.2608695652173913,0.16707664461500335
91,BM25,0,1,0.4,0.4444444444444444,0.4210526315789474,0.36376464812224263
92,BM25,0,1,0.6,0.46153846153846156,0.5217391304347826,0.5223610494398196
93,BM25,0,1,0.1,1.0,0.18181818181818182,0.5
94,BM25,0,1,0.6,0.5,0.5454545454545454,0.5929499551016578
95,BM25,0,1,0.1,0.5,0.16666666666666669,0.5833333333333334
96,BM25,0,1,0.5,0.38461538461538464,0.4347826086956522,0.372338604626109
97,BM25,0,1,0.3,0.3,0.3,0.19313804436702353
98,BM25,0,1,0.0,0.0,0.0,0.023296939215258564
99,BM25,0,1,0.2,0.5,0.28571428571428575,0.17876451742090507
100,BM25,0,1,0.3,0.3333333333333333,0.3157894736842105,0.2724926573858419
101,BM25,0,1,0.5,0.8333333333333334,0.625,0.7259259259259259
102,BM25,0,1,0.2,0.5,0.28571428571428575,0.3481497175141243
103,BM25,0,1,0.0,0.0,0.0,0.027503437929741217
104,BM25,0,1,0.1,0.2,0.13333333333333333,0.08395923843598262
105,BM25,0,1,0.3,0.6,0.4,0.42466666666666664
106,BM25,0,1,0.3,0.6,0.4,0.42421299149513125
107,BM25,0,1,0.4,0.5714285714285714,0.47058823529411764,0.3095098039215686
108,BM25,0,1,0.5,0.7142857142857143,0.588235294117647,0.7727891156462585
109,BM25,0,1,0.0,0.0,0.0,0.03864223801723802
110,BM25,0,1,0.1,0.25,0.14285714285714288,0.11160905803762947
111,BM25,0,1,0.3,0.42857142857142855,0.3529411764705882,0.25774225774225773
112,BM25,0,1,0.1,0.5,0.16666666666666669,0.3055555555555556
113,BM25,0,1,0.2,0.5,0.28571428571428575,0.16578775661251996
114,BM25,0,1,0.1,0.25,0.14285714285714288,0.06342574634558867
115,BM25,0,1,0.1,0.25,0.14285714285714288,0.09320142480960839
116,BM25,0,1,0.1,0.2,0.13333333333333333,0.05165974945120692
117,BM25,0,1,0.0,0.0,0.0,0.03286637931034483
118,BM25,0,1,0.2,0.6666666666666666,0.30769230769230765,0.22656765676567658
119,BM25,0,1,0.1,1.0,0.18181818181818182,1.0
120,BM25,0,1,0.5,0.5555555555555556,0.5263157894736842,0.4222748021767629
121,BM25,0,1,0.4,0.5714285714285714,0.47058823529411764,0.5089998161426733
122,BM25,0,1,0.2,0.2222222222222222,0.2105263157894737,0.12050022969047793
123,BM25,0,1,0.0,0.0,0.0,0.05131578947368421
124,BM25,0,1,0.0,0.0,0.0,0.003118107506863322
125,BM25,0,1,0.3,0.17647058823529413,0.22222222222222224,0.281153683530337
126,BM25,0,1,0.2,0.25,0.22222222222222224,0.2225570975810359
127,BM25,0,1,0.1,0.2,0.13333333333333333,0.10017570130777678
128,BM25,0,1,0.0,0.0,0.0,0.02297008547008547
129,BM25,0,1,0.4,0.5714285714285714,0.47058823529411764,0.4176626149669947
130,BM25,0,1,0.4,0.8,0.5333333333333333,0.6011278195488722
131,BM25,0,1,0.3,0.375,0.33333333333333326,0.2979785839160839
132,BM25,0,1,0.7,0.4666666666666667,0.56,0.6909138531719178
133,BM25,0,1,0.2,0.2857142857142857,0.23529411764705882,0.26098579782790304
134,BM25,0,1,0.1,0.5,0.16666666666666669,0.28125
135,BM25,0,1,0.5,0.625,0.5555555555555556,0.6614125457875458
136,BM25,0,1,0.1,0.3333333333333333,0.15384615384615383,0.4021592442645074
137,BM25,0,1,0.2,0.5,0.28571428571428575,0.23015873015873015
138,BM25,0,1,0.1,0.5,0.16666666666666669,0.14
139,BM25,0,1,0.0,0.0,0.0,0.007967979836989422
140,BM25,0,1,0.2,0.3333333333333333,0.25,0.1622705238662908
141,BM25,0,1,0.2,0.3333333333333333,0.25,0.4027826478922483
142,BM25,0,1,0.0,0.0,0.0,0.08333333333333333
143,BM25,0,1,0.2,1.0,0.33333333333333337,0.625
144,BM25,0,1,0.4,0.6666666666666666,0.5,0.362962962962963
145,BM25,0,1,0.4,0.5714285714285714,0.47058823529411764,0.29686630080330867
146,BM25,0,1,0.2,1.0,0.33333333333333337,0.5833333333333333
147,BM25,0,1,0.3,0.3,0.3,0.24506794413316157
148,BM25,0,1,0.2,0.3333333333333333,0.25,0.21191331196559035
149,BM25,0,1,0.4,0.36363636363636365,0.380952380952381,0.31909330940048125
150,BM25,0,1,0.2,1.0,0.33333333333333337,0.8333333333333333
151,BM25,0,1,0.0,0.0,0.0,0.03247022418003645
152,BM25,0,1,0.0,0.0,0.0,0.008643230581773301
153,BM25,0,1,0.3,0.42857142857142855,0.3529411764705882,0.3074947878819691
154,BM25,0,1,0.2,1.0,0.33333333333333337,0.75
155,BM25,0,1,0.1,0.16666666666666666,0.125,0.143501788374332
156,BM25,0,1,0.7,0.5,0.5833333333333334,0.5312278006146257
157,BM25,0,1,0.7,0.1794871794871795,0.2857142857142857,0.323212665828843
158,BM25,0,1,0.3,0.375,0.33333333333333326,0.36364894320880237
159,BM25,0,1,0.2,0.25,0.22222222222222224,0.0794499312699734
160,BM25,0,1,0.1,0.2,0.13333333333333333,0.11885891884870121
161,BM25,0,1,0.3,0.5,0.37499999999999994,0.4930594817781538
162,BM25,0,1,0.2,0.25,0.22222222222222224,0.2090386492592375
163,BM25,0,1,0.2,0.6666666666666666,0.30769230769230765,0.2895424836601307
164,BM25,0,1,0.4,0.5,0.4444444444444445,0.5049184870319738
165,BM25,0,1,0.2,1.0,0.33333333333333337,0.5
166,BM25,0,1,0.1,0.125,0.11111111111111112,0.04103707335381315
167,BM25,0,1,0.2,1.0,0.33333333333333337,0.5
168,BM25,0,1,0.1,0.5,0.16666666666666669,0.11904761904761904
169,BM25,0,1,0.2,0.5,0.28571428571428575,0.2761999309392265
170,BM25,0,1,0.4,0.6666666666666666,0.5,0.5284043977617646
171,BM25,0,1,0.3,1.0,0.4615384615384615,0.3611111111111111
172,BM25,0,1,0.4,1.0,0.5714285714285715,0.6791666666666667
173,BM25,0,1,0.2,1.0,0.33333333333333337,1.0
174,BM25,0,1,0.1,0.2,0.13333333333333333,0.060939301370335854
175,BM25,0,1,0.0,0.0,0.0,0.043034183508609006
176,BM25,0,1,0.0,0.0,0.0,0.04939649064057776
177,BM25,0,1,0.4,0.8,0.5333333333333333,0.6797979797979798
178,BM25,0,1,0.2,0.5,0.28571428571428575,0.46805555555555556
179,BM25,0,1,0.2,0.5,0.28571428571428575,0.30132517838939854
180,BM25,0,1,0.3,0.42857142857142855,0.3529411764705882,0.40979114971050457
181,BM25,0,1,0.2,0.4,0.26666666666666666,0.2694135495362693
182,BM25,0,1,0.2,1.0,0.33333333333333337,0.5833333333333333
183,BM25,0,1,0.6,0.46153846153846156,0.5217391304347826,0.4125475959810936
184,BM25,0,1,0.2,0.2857142857142857,0.23529411764705882,0.31425981560136745
185,BM25,0,1,0.6,0.6666666666666666,0.631578947368421,0.836614774114774
186,BM25,0,1,0.4,0.25,0.3076923076923077,0.1739429008224323
187,BM25,0,1,0.1,0.16666666666666666,0.125,0.14227993081170023
188,BM25,0,1,0.4,0.36363636363636365,0.380952380952381,0.4109484005258616
189,BM25,0,1,0.3,0.3333333333333333,0.3157894736842105,0.1637697423910243
190,BM25,0,1,0.2,0.4,0.26666666666666666,0.360837789661319
191,BM25,0,1,0.3,0.23076923076923078,0.2608695652173913,0.3615004976046564
192,BM25,0,1,0.3,0.75,0.4285714285714285,0.5952380952380952
193,BM25,0,1,0.8,0.8888888888888888,0.8421052631578948,0.8218827468827468
194,BM25,0,1,0.2,0.3333333333333333,0.25,0.22676247676247674
195,BM25,0,1,0.1,0.3333333333333333,0.15384615384615383,0.08967435771559483
196,BM25,0,1,0.3,0.25,0.2727272727272727,0.14343600326632208
197,BM25,0,1,0.2,0.6666666666666666,0.30769230769230765,0.6222222222222221
198,BM25,0,1,0.3,0.75,0.4285714285714285,0.49403633491311216
199,BM25,0,1,0.2,0.25,0.22222222222222224,0.0891830791533407
200,BM25,0,1,0.2,0.6666666666666666,0.30769230769230765,0.25555555555555554
201,BM25,0,1,0.5,0.3125,0.38461538461538464,0.3373602904444067
202,BM25,0,1,0.4,0.2857142857142857,0.3333333333333333,0.22883837727437242
203,BM25,0,1,0.2,0.14285714285714285,0.16666666666666666,0.13130911698015343
204,BM25,0,1,0.0,0.0,0.0,0.041093289988622
205,BM25,0,1,0.2,1.0,0.33333333333333337,0.6666666666666666
206,BM25,0,1,0.2,0.6666666666666666,0.30769230769230765,0.2796681369460197
207,BM25,0,1,0.0,0.0,0.0,0.01911932321860827
208,BM25,0,1,0.6,1.0,0.7499999999999999,0.7345238095238096
209,BM25,0,1,0.2,0.16666666666666666,0.1818181818181818,0.1241652456537976
210,BM25,0,1,0.2,0.3333333333333333,0.25,0.33781676413255357
211,BM25,0,1,0.1,0.09090909090909091,0.09523809523809525,0.14207563518271948
212,BM25,0,1,0.6,0.42857142857142855,0.5,0.5043414086098494
213,BM25,0,1,0.6,0.5454545454545454,0.5714285714285713,0.5862157924302136
214,BM25,0,1,0.1,0.25,0.14285714285714288,0.15020228586271833
215,BM25,0,1,0.0,0.0,0.0,0.05631868131868132
216,BM25,0,1,0.0,0.0,0.0,0.001584786053882726
217,BM25,0,1,0.2,0.13333333333333333,0.16,0.19594828759019542
218,BM25,0,1,0.3,0.2,0.24,0.26151693769351814
219,BM25,0,1,0.0,0.0,0.0,0.03304691239941728
220,BM25,0,1,0.2,0.10526315789473684,0.13793103448275862,0.2094364768066509
221,BM25,0,1,0.3,0.16666666666666666,0.21428571428571427,0.2644937670142314
222,BM25,0,1,0.6,0.6666666666666666,0.631578947368421,0.7385642135642135
223,BM25,0,1,0.3,0.75,0.4285714285714285,0.46089743589743587
224,BM25,0,1,0.1,0.125,0.11111111111111112,0.14301341445197827
225,BM25,0,1,0.3,0.125,0.17647058823529413,0.07861804068005561
1,Vetorial,1,1,0.6,0.21428571428571427,0.3157894736842105,0.29169859180237917
2,Vetorial,1,1,0.5,0.20833333333333334,0.29411764705882354,0.22575288373506283
3,Vetorial,1,1,0.7,0.875,0.7777777777777777,0.6476190476190476
4,Vetorial,1,1,0.1,0.5,0.16666666666666669,0.5769230769230769
5,Vetorial,1,1,0.2,0.5,0.28571428571428575,0.17007656756570325
6,Vetorial,1,1,0.2,0.5,0.28571428571428575,0.2563540260908682
7,Vetorial,1,1,0.2,0.4,0.26666666666666666,0.15845415568113275
8,Vetorial,1,1,0.2,0.18181818181818182,0.1904761904761905,0.18819252321588767
9,Vetorial,1,1,0.3,1.0,0.4615384615384615,1.0
10,Vetorial,1,1,0.2,0.25,0.22222222222222224,0.14847351081457186
11,Vetorial,1,1,0.2,0.2857142857142857,0.23529411764705882,0.1957355860441867
12,Vetorial,1,1,0.3,0.6,0.4,0.2357343550446999
13,Vetorial,1,1,0.0,0.0,0.0,0.007864374933384034
14,Vetorial,1,1,0.1,0.5,0.16666666666666669,0.5909090909090909
15,Vetorial,1,1,0.2,1.0,0.33333333333333337,0.6666666666666666
16,Vetorial,1,1,0.1,0.3333333333333333,0.15384615384615383,0.21624713958810068
17,Vetorial,1,1,0.1,0.5,0.16666666666666669,0.10591715976331362
18,Vetorial,1,1,0.1,0.3333333333333333,0.15384615384615383,0.13595476108402685
19,Vetorial,1,1,0.1,0.1111111111111111,0.10526315789473685,0.043848337224307476
20,Vetorial,1,1,0.5,0.5555555555555556,0.5263157894736842,0.598277240189005
21,Vetorial,1,1,0.1,0.25,0.14285714285714288,0.1678894927536232
22,Vetorial,1,1,0.0,0.0,0.0,0.0016666666666666668
23,Vetorial,1,1,0.5,0.15625,0.23809523809523808,0.22165417303870605
24,Vetorial,1,1,0.2,0.6666666666666666,0.30769230769230765,0.45798319327731085
25,Vetorial,1,1,0.4,0.4444444444444444,0.4210526315789474,0.49768482730073604
26,Vetorial,1,1,0.2,0.3333333333333333,0.25,0.2225491482820473
27,Vetorial,1,1,0.0,0.0,0.0,0.07580382580382579
28,Vetorial,1,1,0.0,0.0,0.0,0.00673845320330489
29,Vetorial,1,1,0.4,0.4444444444444444,0.4210526315789474,0.4250695979693768
30,Vetorial,1,1,0.0,0.0,0.0,0.05465474329268249
31,Vetorial,1,1,0.0,0.0,0.0,0.0007886435331230284
32,Vetorial,1,1,0.0,0.0,0.0,0.0435274057598943
33,Vetorial,1,1,0.3,1.0,0.4615384615384615,0.40277777777777773
34,Vetorial,1,1,0.3,0.5,0.37499999999999994,0.34340231840231844
35,Vetorial,1,1,0.0,0.0,0.0,0.029430490800621645
36,Vetorial,1,1,0.1,0.5,0.16666666666666669,0.2635135135135135
37,Vetorial,1,1,0.2,0.2222222222222222,0.2105263157894737,0.16165408162861475
38,Vetorial,1,1,0.1,0.1,0.10000000000000002,0.038175028206839184
39,Vetorial,1,1,0.1,0.07692307692307693,0.08695652173913043,0.1998675152543384
40,Vetorial,1,1,0.2,0.16666666666666666,0.1818181818181818,0.06526581816663986
41,Vetorial,1,1,0.3,1.0,0.4615384615384615,0.7666666666666666
42,Vetorial,1,1,0.3,0.6,0.4,0.21774327122153206
43,Vetorial,1,1,0.5,0.8333333333333334,0.625,0.6774193548387096
44,Vetorial,1,1,0.0,0.0,0.0,0.0024876683294000963
45,Vetorial,1,1,0.2,0.16666666666666666,0.1818181818181818,0.21081088674243165
46,Vetorial,1,1,0.5,0.3333333333333333,0.4,0.29900505049105086
47,Vetorial,1,1,0.5,0.35714285714285715,0.41666666666666663,0.32087351647676504
48,Vetorial,1,1,0.2,0.18181818181818182,0.1904761904761905,0.1348795627959854
49,Vetorial,1,1,0.1,0.5,0.16666666666666669,0.26785714285714285
50,Vetorial,1,1,0.1,0.16666666666666666,0.125,0.05145200352949553
51,Vetorial,1,1,0.7,0.7,0.7,0.5834692465078034
52,Vetorial,1,1,0.4,1.0,0.5714285714285715,0.6916666666666667
53,Vetorial,1,1,0.2,0.2,0.20000000000000004,0.2304654479014136
54,Vetorial,1,1,0.1,0.1111111111111111,0.10526315789473685,0.09298179610098006
55,Vetorial,1,1,0.2,0.2,0.20000000000000004,0.25254835457276664
56,Vetorial,1,1,0.2,0.2,0.20000000000000004,0.12290498252549058
57,Vetorial,1,1,0.1,0.07142857142857142,0.08333333333333333,0.08671764069117104
58,Vetorial,1,1,0.4,0.4444444444444444,0.4210526315789474,0.3773274702942222
59,Vetorial,1,1,0.1,0.25,0.14285714285714288,0.13147798619759235
60,Vetorial,1,1,0.3,0.6,0.4,0.49049074545763294
61,Vetorial,1,1,0.3,0.6,0.4,0.5232014827098472
62,Vetorial,1,1,0.0,0.0,0.0,0.03135472850283132
63,Vetorial,1,1,0.0,0.0,0.0,0.028606078606078608
64,Vetorial,1,1,0.2,1.0,0.33333333333333337,0.75
65,Vetorial,1,1,0.5,0.3333333333333333,0.4,0.35045614007119197
66,Vetorial,1,1,0.1,0.2,0.13333333333333333,0.13065644881434355
67,Vetorial,1,1,0.7,0.5,0.5833333333333334,0.6017918259122732
68,Vetorial,1,1,0.1,0.2,0.13333333333333333,0.08587239679512851
69,Vetorial,1,1,0.1,0.2,0.13333333333333333,0.05533342767740616
70,Vetorial,1,1,0.1,0.1,0.10000000000000002,0.05324796709170796
71,Vetorial,1,1,0.0,0.0,0.0,0.04565902509665359
72,Vetorial,1,1,0.0,0.0,0.0,0.073366150996693
73,Vetorial,1,1,0.3,0.15,0.2,0.28962325988302234
74,Vetorial,1,1,0.1,0.16666666666666666,0.125,0.12049360794536941
75,Vetorial,1,1,0.1,0.2,0.13333333333333333,0.0775399103671079
76,Vetorial,1,1,0.1,0.14285714285714285,0.11764705882352941,0.11304271972994337
77,Vetorial,1,1,0.4,0.6666666666666666,0.5,0.4159027247262541
78,Vetorial,1,1,0.2,0.6666666666666666,0.30769230769230765,0.31025641025641026
79,Vetorial,1,1,0.1,0.2,0.13333333333333333,0.05615710454420131
80,Vetorial,1,1,0.0,0.0,0.0,0.053439591191325984
81,Vetorial,1,1,0.2,1.0,0.33333333333333337,0.26785714285714285
82,Vetorial,1,1,0.2,0.4,0.26666666666666666,0.40125188536953244
83,Vetorial,1,1,0.1,0.25,0.14285714285714288,0.07193969452265958
84,Vetorial,1,1,0.3,0.2727272727272727,0.28571428571428564,0.3090345304613824
85,Vetorial,1,1,0.0,0.0,0.0,0.017306581584367868
86,Vetorial,1,1,0.2,1.0,0.33333333333333337,0.45
87,Vetorial,1,1,0.0,0.0,0.0,0.016678201746771416
88,Vetorial,1,1,0.6,1.0,0.7499999999999999,0.7051587301587302
89,Vetorial,1,1,0.2,0.3333333333333333,0.25,0.14737253487253488
90,Vetorial,1,1,0.2,0.15384615384615385,0.17391304347826086,0.1534603017650356
91,Vetorial,1,1,0.4,0.4444444444444444,0.4210526315789474,0.3215933009846096
92,Vetorial,1,1,0.7,0.5384615384615384,0.608695652173913,0.5602777863735415
93,Vetorial,1,1,0.1,1.0,0.18181818181818182,0.5
94,Vetorial,1,1,0.6,0.5,0.5454545454545454,0.5796393151357206
95,Vetorial,1,1,0.1,0.5,0.16666666666666669,0.5161290322580645
96,Vetorial,1,1,0.4,0.3076923076923077,0.34782608695652173,0.27490207673614037
97,Vetorial,1,1,0.2,0.2,0.20000000000000004,0.12071655552382528
98,Vetorial,1,1,0.0,0.0,0.0,0.01833909855285789
99,Vetorial,1,1,0.2,0.5,0.28571428571428575,0.28837950747581353
100,Vetorial,1,1,0.2,0.2222222222222222,0.2105263157894737,0.21591686659669113
101,Vetorial,1,1,0.5,0.8333333333333334,0.625,0.8198412698412697
102,Vetorial,1,1,0.2,0.5,0.28571428571428575,0.38782507110930514
103,Vetorial,1,1,0.0,0.0,0.0,0.01617088314336021
104,Vetorial,1,1,0.0,0.0,0.0,0.054381401542747364
105,Vetorial,1,1,0.3,0.6,0.4,0.42344835849508744
106,Vetorial,1,1,0.2,0.4,0.26666666666666666,0.32239506364885534
107,Vetorial,1,1,0.2,0.2857142857142857,0.23529411764705882,0.2564176348163974
108,Vetorial,1,1,0.5,0.7142857142857143,0.588235294117647,0.7428880643166356
109,Vetorial,1,1,0.0,0.0,0.0,0.03488609145900879
110,Vetorial,1,1,0.1,0.25,0.14285714285714288,0.13389230139230138
111,Vetorial,1,1,0.2,0.2857142857142857,0.23529411764705882,0.2476295133437991
112,Vetorial,1,1,0.1,0.5,0.16666666666666669,0.2976190476190476
113,Vetorial,1,1,0.2,0.5,0.28571428571428575,0.3487751256281407
114,Vetorial,1,1,0.1,0.25,0.14285714285714288,0.05786131996658313
115,Vetorial,1,1,0.0,0.0,0.0,0.013504728162086123
116,Vetorial,1,1,0.1,0.2,0.13333333333333333,0.06039485707074947
117,Vetorial,1,1,0.0,0.0,0.0,0.04134697357203751
118,Vetorial,1,1,0.1,0.3333333333333333,0.15384615384615383,0.14871730801266034
119,Vetorial,1,1,0.1,1.0,0.18181818181818182,1.0
120,Vetorial,1,1,0.5,0.5555555555555556,0.5263157894736842,0.5062083601977219
121,Vetorial,1,1,0.3,0.42857142857142855,0.3529411764705882,0.5207960259202495
122,Vetorial,1,1,0.4,0.4444444444444444,0.4210526315789474,0.21424773213370235
123,Vetorial,1,1,0.1,0.5,0.16666666666666669,0.10368663594470046
124,Vetorial,1,1,0.0,0.0,0.0,0.004074059961589653
125,Vetorial,1,1,0.3,0.17647058823529413,0.22222222222222224,0.30133985211371855
126,Vetorial,1,1,0.2,0.25,0.22222222222222224,0.22660186668199697
127,Vetorial,1,1,0.1,0.2,0.13333333333333333,0.12278640059127863
128,Vetorial,1,1,0.0,0.0,0.0,0.021079527307569467
129,Vetorial,1,1,0.3,0.42857142857142855,0.3529411764705882,0.24370492108706543
130,Vetorial,1,1,0.4,0.8,0.5333333333333333,0.45017006802721093
131,Vetorial,1,1,0.3,0.375,0.33333333333333326,0.2929323606913121
132,Vetorial,1,1,0.8,0.5333333333333333,0.64,0.7073457138674528
133,Vetorial,1,1,0.2,0.2857142857142857,0.23529411764705882,0.15355670281695022
134,Vetorial,1,1,0.1,0.5,0.16666666666666669,0.21428571428571427
135,Vetorial,1,1,0.3,0.375,0.33333333333333326,0.6144961043858104
136,Vetorial,1,1,0.1,0.3333333333333333,0.15384615384615383,0.0879054520358868
137,Vetorial,1,1,0.2,0.5,0.28571428571428575,0.2375
138,Vetorial,1,1,0.1,0.5,0.16666666666666669,0.12333333333333332
139,Vetorial,1,1,0.0,0.0,0.0,0.0069638344417121524
140,Vetorial,1,1,0.2,0.3333333333333333,0.25,0.12963130250910823
141,Vetorial,1,1,0.3,0.5,0.37499999999999994,0.2836170352111837
142,Vetorial,1,1,0.0,0.0,0.0,0.07692307692307693
143,Vetorial,1,1,0.2,1.0,0.33333333333333337,0.5
144,Vetorial,1,1,0.5,0.8333333333333334,0.625,0.7654151404151404
145,Vetorial,1,1,0.4,0.5714285714285714,0.47058823529411764,0.612805697317843
146,Vetorial,1,1,0.2,1.0,0.33333333333333337,0.8333333333333333
147,Vetorial,1,1,0.3,0.3,0.3,0.25117580104453585
148,Vetorial,1,1,0.3,0.5,0.37499999999999994,0.3628246474028208
149,Vetorial,1,1,0.4,0.36363636363636365,0.380952380952381,0.374732005524063
150,Vetorial,1,1,0.2,1.0,0.33333333333333337,0.8333333333333333
151,Vetorial,1,1,0.0,0.0,0.0,0.045156721435364075
152,Vetorial,1,1,0.0,0.0,0.0,0.01168820164918326
153,Vetorial,1,1,0.3,0.42857142857142855,0.3529411764705882,0.26213338530521846
154,Vetorial,1,1,0.2,1.0,0.33333333333333337,0.5833333333333333
155,Vetorial,1,1,0.3,0.5,0.37499999999999994,0.2811773172768426
156,Vetorial,1,1,0.6,0.42857142857142855,0.5,0.5386362717381806
157,Vetorial,1,1,0.6,0.15384615384615385,0.2448979591836735,0.3633533222531341
158,Vetorial,1,1,0.2,0.25,0.22222222222222224,0.2797064099966386
159,Vetorial,1,1,0.2,0.25,0.22222222222222224,0.10247930755245578
160,Vetorial,1,1,0.0,0.0,0.0,0.037091767881241564
161,Vetorial,1,1,0.3,0.5,0.37499999999999994,0.393688628444726
162,Vetorial,1,1,0.2,0.25,0.22222222222222224,0.17683041945308758
163,Vetorial,1,1,0.2,0.6666666666666666,0.30769230769230765,0.2844891871737509
164,Vetorial,1,1,0.3,0.375,0.33333333333333326,0.37124969544324377
165,Vetorial,1,1,0.2,1.0,0.33333333333333337,0.375
166,Vetorial,1,1,0.0,0.0,0.0,0.024592570937829763
167,Vetorial,1,1,0.0,0.0,0.0,0.11688311688311688
168,Vetorial,1,1,0.1,0.5,0.16666666666666669,0.25
169,Vetorial,1,1,0.1,0.25,0.14285714285714288,0.16981351981351983
170,Vetorial,1,1,0.5,0.8333333333333334,0.625,0.4646953405017921
171,Vetorial,1,1,0.3,1.0,0.4615384615384615,0.40277777777777773
172,Vetorial,1,1,0.4,1.0,0.5714285714285715,0.6791666666666667
173,Vetorial,1,1,0.2,1.0,0.33333333333333337,0.5833333333333333
174,Vetorial,1,1,0.1,0.2,0.13333333333333333,0.15422168987456442
175,Vetorial,1,1,0.0,0.0,0.0,0.05056973446350092
176,Vetorial,1,1,0.1,0.14285714285714285,0.11764705882352941,0.060298943590061625
177,Vetorial,1,1,0.4,0.8,0.5333333333333333,0.740909090909091
178,Vetorial,1,1,0.3,0.75,0.4285714285714285,0.5904761904761904
179,Vetorial,1,1,0.2,0.5,0.28571428571428575,0.2687404507257449
180,Vetorial,1,1,0.3,0.42857142857142855,0.3529411764705882,0.3725328592975652
181,Vetorial,1,1,0.1,0.2,0.13333333333333333,0.25000090979393175
182,Vetorial,1,1,0.2,1.0,0.33333333333333337,0.5833333333333333
183,Vetorial,1,1,0.7,0.5384615384615384,0.608695652173913,0.6476008898026498
184,Vetorial,1,1,0.2,0.2857142857142857,0.23529411764705882,0.16200381637693395
185,Vetorial,1,1,0.6,0.6666666666666666,0.631578947368421,0.802209772798008
186,Vetorial,1,1,0.5,0.3125,0.38461538461538464,0.22536650377783715
187,Vetorial,1,1,0.2,0.3333333333333333,0.25,0.11651341026081435
188,Vetorial,1,1,0.3,0.2727272727272727,0.28571428571428564,0.4319057168321873
189,Vetorial,1,1,0.1,0.1111111111111111,0.10526315789473685,0.12945081370710332
190,Vetorial,1,1,0.2,0.4,0.26666666666666666,0.30658263305322125
191,Vetorial,1,1,0.7,0.5384615384615384,0.608695652173913,0.5892804471556183
192,Vetorial,1,1,0.3,0.75,0.4285714285714285,0.5520270270270271
193,Vetorial,1,1,0.7,0.7777777777777778,0.7368421052631577,0.6943893298059964
194,Vetorial,1,1,0.1,0.16666666666666666,0.125,0.19104090354090353
195,Vetorial,1,1,0.1,0.3333333333333333,0.15384615384615383,0.07225071225071225
196,Vetorial,1,1,0.3,0.25,0.2727272727272727,0.18708776429245336
197,Vetorial,1,1,0.3,1.0,0.4615384615384615,0.8333333333333334
198,Vetorial,1,1,0.2,0.5,0.28571428571428575,0.36111111111111105
199,Vetorial,1,1,0.1,0.125,0.11111111111111112,0.11523406042072279
200,Vetorial,1,1,0.1,0.3333333333333333,0.15384615384615383,0.1860410830999066
201,Vetorial,1,1,0.3,0.1875,0.23076923076923075,0.2647634316447339
202,Vetorial,1,1,0.4,0.2857142857142857,0.3333333333333333,0.25572359065347244
203,Vetorial,1,1,0.2,0.14285714285714285,0.16666666666666666,0.11280234432043755
204,Vetorial,1,1,0.2,0.14285714285714285,0.16666666666666666,0.13740997551765205
205,Vetorial,1,1,0.2,1.0,0.33333333333333337,0.45
206,Vetorial,1,1,0.1,0.3333333333333333,0.15384615384615383,0.0900432262501228
207,Vetorial,1,1,0.1,0.2,0.13333333333333333,0.21887604668414523
208,Vetorial,1,1,0.5,0.8333333333333334,0.625,0.6021825396825397
209,Vetorial,1,1,0.3,0.25,0.2727272727272727,0.18546064291509123
210,Vetorial,1,1,0.2,0.3333333333333333,0.25,0.33392309797932285
211,Vetorial,1,1,0.2,0.18181818181818182,0.1904761904761905,0.14317999864230002
212,Vetorial,1,1,0.5,0.35714285714285715,0.41666666666666663,0.4997024716070085
213,Vetorial,1,1,0.6,0.5454545454545454,0.5714285714285713,0.5733188579136298
214,Vetorial,1,1,0.1,0.25,0.14285714285714288,0.10653104677800769
215,Vetorial,1,1,0.0,0.0,0.0,0.0494047619047619
216,Vetorial,1,1,0.0,0.0,0.0,0.0021141649048625794
217,Vetorial,1,1,0.2,0.13333333333333333,0.16,0.1946758550212236
218,Vetorial,1,1,0.3,0.2,0.24,0.2723966345791717
219,Vetorial,1,1,0.1,0.05555555555555555,0.07142857142857142,0.07952951629827225
220,Vetorial,1,1,0.3,0.15789473684210525,0.20689655172413793,0.16947927043557953
221,Vetorial,1,1,0.4,0.2222222222222222,0.2857142857142857,0.24873481440696
222,Vetorial,1,1,0.6,0.6666666666666666,0.631578947368421,0.7119791666666667
223,Vetorial,1,1,0.2,0.5,0.28571428571428575,0.46777732071849715
224,Vetorial,1,1,0.1,0.125,0.11111111111111112,0.10800667503829654
225,Vetorial,1,1,0.2,0.08333333333333333,0.11764705882352941,0.1136359253050581
1,BM25,1,1,0.3,0.10714285714285714,0.15789473684210525,0.23830020127147122
2,BM25,1,1,0.4,0.16666666666666666,0.23529411764705882,0.22601019284833188
3,BM25,1,1,0.7,0.875,0.7777777777777777,0.6708423520923521
4,BM25,1,1,0.1,0.5,0.16666666666666669,0.5344827586206896
5,BM25,1,1,0.3,0.75,0.4285714285714285,0.33242534301856336
6,BM25,1,1,0.1,0.25,0.14285714285714288,0.18750212130468724
7,BM25,1,1,0.2,0.4,0.26666666666666666,0.26197618008809104
8,BM25,1,1,0.1,0.09090909090909091,0.09523809523809525,0.1654758592367265
9,BM25,1,1,0.3,1.0,0.4615384615384615,0.6388888888888888
10,BM25,1,1,0.1,0.125,0.11111111111111112,0.14845457001511317
11,BM25,1,1,0.2,0.2857142857142857,0.23529411764705882,0.1904898579288823
12,BM25,1,1,0.2,0.4,0.26666666666666666,0.3105489667565139
13,BM25,1,1,0.0,0.0,0.0,0.007864374933384034
14,BM25,1,1,0.1,0.5,0.16666666666666669,0.5909090909090909
15,BM25,1,1,0.2,1.0,0.33333333333333337,0.8333333333333333
16,BM25,1,1,0.1,0.3333333333333333,0.15384615384615383,0.2038095238095238
17,BM25,1,1,0.1,0.5,0.16666666666666669,0.07514604354753053
18,BM25,1,1,0.1,0.3333333333333333,0.15384615384615383,0.35909192721714955
19,BM25,1,1,0.1,0.1111111111111111,0.10526315789473685,0.05179640018171505
20,BM25,1,1,0.7,0.7777777777777778,0.7368421052631577,0.6104497354497355
21,BM25,1,1,0.0,0.0,0.0,0.056008833400379564
22,BM25,1,1,0.0,0.0,0.0,0.0016666666666666668
23,BM25,1,1,0.4,0.125,0.19047619047619047,0.2095394966024283
24,BM25,1,1,0.2,0.6666666666666666,0.30769230769230765,0.32
25,BM25,1,1,0.6,0.6666666666666666,0.631578947368421,0.6948232951717271
26,BM25,1,1,0.2,0.3333333333333333,0.25,0.24030294022549722
27,BM25,1,1,0.2,0.6666666666666666,0.30769230769230765,0.13186977299880526
28,BM25,1,1,0.0,0.0,0.0,0.005162462059013783
29,BM25,1,1,0.4,0.4444444444444444,0.4210526315789474,0.35915316110778805
30,BM25,1,1,0.1,0.14285714285714285,0.11764705882352941,0.06930060696811573
31,BM25,1,1,0.0,0.0,0.0,0.0007886435331230284
32,BM25,1,1,0.1,0.16666666666666666,0.125,0.04856430236120832
33,BM25,1,1,0.3,1.0,0.4615384615384615,0.5888888888888889
34,BM25,1,1,0.2,0.3333333333333333,0.25,0.27050356506238854
35,BM25,1,1,0.0,0.0,0.0,0.024492312462126017
36,BM25,1,1,0.1,0.5,0.16666666666666669,0.5138888888888888
37,BM25,1,1,0.1,0.1111111111111111,0.10526315789473685,0.09469813119520692
38,BM25,1,1,0.0,0.0,0.0,0.048962351637682006
39,BM25,1,1,0.2,0.15384615384615385,0.17391304347826086,0.12212975759484368
40,BM25,1,1,0.2,0.16666666666666666,0.1818181818181818,0.087005362372706
41,BM25,1,1,0.2,0.6666666666666666,0.30769230769230765,0.7575757575757575
42,BM25,1,1,0.3,0.6,0.4,0.20704087073323282
43,BM25,1,1,0.3,0.5,0.37499999999999994,0.5147241103558576
44,BM25,1,1,0.0,0.0,0.0,0.0024876683294000963
45,BM25,1,1,0.1,0.08333333333333333,0.0909090909090909,0.1464906361987748
46,BM25,1,1,0.6,0.4,0.48,0.329239660608648
47,BM25,1,1,0.6,0.42857142857142855,0.5,0.38703096539715437
48,BM25,1,1,0.2,0.18181818181818182,0.1904761904761905,0.17336923480159536
49,BM25,1,1,0.1,0.5,0.16666666666666669,0.1125
50,BM25,1,1,0.1,0.16666666666666666,0.125,0.10108820091897051
51,BM25,1,1,0.7,0.7,0.7,0.6263617412363902
52,BM25,1,1,0.4,1.0,0.5714285714285715,0.5111111111111111
53,BM25,1,1,0.3,0.3,0.3,0.2645702762150131
54,BM25,1,1,0.1,0.1111111111111111,0.10526315789473685,0.1324638936218614
55,BM25,1,1,0.2,0.2,0.20000000000000004,0.31892143787901944
56,BM25,1,1,0.2,0.2,0.20000000000000004,0.10897650121508444
57,BM25,1,1,0.1,0.07142857142857142,0.08333333333333333,0.0931620967415562
58,BM25,1,1,0.3,0.3333333333333333,0.3157894736842105,0.22026078677005262
59,BM25,1,1,0.1,0.25,0.14285714285714288,0.060279206122933846
60,BM25,1,1,0.3,0.6,0.4,0.44131467826306175
61,BM25,1,1,0.3,0.6,0.4,0.5500322372662799
62,BM25,1,1,0.0,0.0,0.0,0.02289753545643641
63,BM25,1,1,0.0,0.0,0.0,0.046264404473359694
64,BM25,1,1,0.1,0.5,0.16666666666666669,0.5454545454545454
65,BM25,1,1,0.5,0.3333333333333333,0.4,0.2522571722641619
66,BM25,1,1,0.1,0.2,0.13333333333333333,0.08143330964226486
67,BM25,1,1,0.6,0.42857142857142855,0.5,0.5101077495586418
68,BM25,1,1,0.1,0.2,0.13333333333333333,0.09243939819349142
69,BM25,1,1,0.0,0.0,0.0,0.039853872305485205
70,BM25,1,1,0.1,0.1,0.10000000000000002,0.08243945475141776
71,BM25,1,1,0.1,0.125,0.11111111111111112,0.04854934007220665
72,BM25,1,1,0.2,0.11764705882352941,0.14814814814814817,0.13718610804652126
73,BM25,1,1,0.6,0.3,0.4,0.34894190902120303
74,BM25,1,1,0.2,0.3333333333333333,0.25,0.1335239243110156
75,BM25,1,1,0.0,0.0,0.0,0.020000473725296213
76,BM25,1,1,0.1,0.14285714285714285,0.11764705882352941,0.11930364889575559
77,BM25,1,1,0.2,0.3333333333333333,0.25,0.2917797888386124
78,BM25,1,1,0.3,1.0,0.4615384615384615,0.3333333333333333
79,BM25,1,1,0.0,0.0,0.0,0.06132708896141135
80,BM25,1,1,0.0,0.0,0.0,0.02405579868688888
81,BM25,1,1,0.2,1.0,0.33333333333333337,0.75
82,BM25,1,1,0.3,0.6,0.4,0.3717366946778712
83,BM25,1,1,0.1,0.25,0.14285714285714288,0.13495559735493098
84,BM25,1,1,0.3,0.2727272727272727,0.28571428571428564,0.38618153283122114
85,BM25,1,1,0.1,0.25,0.14285714285714288,0.26317879766693747
86,BM25,1,1,0.2,1.0,0.33333333333333337,0.5833333333333333
87,BM25,1,1,0.0,0.0,0.0,0.014313483923910374
88,BM25,1,1,0.6,1.0,0.7499999999999999,0.6496031746031746
89,BM25,1,1,0.1,0.16666666666666666,0.125,0.17451662892839362
90,BM25,1,1,0.3,0.23076923076923078,0.2608695652173913,0.16564347364552237
91,BM25,1,1,0.5,0.5555555555555556,0.5263157894736842,0.3750689124381641
92,BM25,1,1,0.6,0.46153846153846156,0.5217391304347826,0.5051795267499137
93,BM25,1,1,0.1,1.0,0.18181818181818182,0.5
94,BM25,1,1,0.6,0.5,0.5454545454545454,0.6068067442047332
95,BM25,1,1,0.1,0.5,0.16666666666666669,0.5256410256410257
96,BM25,1,1,0.5,0.38461538461538464,0.4347826086956522,0.3445865975765869
97,BM25,1,1,0.3,0.3,0.3,0.20971227694530575
98,BM25,1,1,0.0,0.0,0.0,0.029802597567891442
99,BM25,1,1,0.2,0.5,0.28571428571428575,0.28357181516812124
100,BM25,1,1,0.3,0.3333333333333333,0.3157894736842105,0.22718783617281707
101,BM25,1,1,0.5,0.8333333333333334,0.625,0.7829545454545453
102,BM25,1,1,0.2,0.5,0.28571428571428575,0.36235872110783013
103,BM25,1,1,0.0,0.0,0.0,0.028797145769622834
104,BM25,1,1,0.1,0.2,0.13333333333333333,0.08193675932262305
105,BM25,1,1,0.3,0.6,0.4,0.4581967213114754
106,BM25,1,1,0.3,0.6,0.4,0.4569908814589666
107,BM25,1,1,0.3,0.42857142857142855,0.3529411764705882,0.303454524828586
108,BM25,1,1,0.5,0.7142857142857143,0.588235294117647,0.7386363636363634
109,BM25,1,1,0.0,0.0,0.0,0.03739457112061654
110,BM25,1,1,0.0,0.0,0.0,0.05101859125425504
111,BM25,1,1,0.2,0.2857142857142857,0.23529411764705882,0.2595076492135316
112,BM25,1,1,0.1,0.5,0.16666666666666669,0.3333333333333333
113,BM25,1,1,0.2,0.5,0.28571428571428575,0.3384127475247525
114,BM25,1,1,0.0,0.0,0.0,0.043364377955880155
115,BM25,1,1,0.1,0.25,0.14285714285714288,0.04141642978080374
116,BM25,1,1,0.1,0.2,0.13333333333333333,0.06110667356906243
117,BM25,1,1,0.0,0.0,0.0,0.04522357723577236
118,BM25,1,1,0.2,0.6666666666666666,0.30769230769230765,0.454059829059829
119,BM25,1,1,0.1,1.0,0.18181818181818182,1.0
120,BM25,1,1,0.6,0.6666666666666666,0.631578947368421,0.5188937696290638
121,BM25,1,1,0.4,0.5714285714285714,0.47058823529411764,0.5114385614385614
122,BM25,1,1,0.4,0.4444444444444444,0.4210526315789474,0.3194458508494685
123,BM25,1,1,0.1,0.5,0.16666666666666669,0.12142857142857143
124,BM25,1,1,0.0,0.0,0.0,0.004348867900588213
125,BM25,1,1,0.3,0.17647058823529413,0.22222222222222224,0.2623042337343961
126,BM25,1,1,0.2,0.25,0.22222222222222224,0.22220041125748094
127,BM25,1,1,0.1,0.2,0.13333333333333333,0.08499750503771038
128,BM25,1,1,0.0,0.0,0.0,0.018788606726149622
129,BM25,1,1,0.3,0.42857142857142855,0.3529411764705882,0.32167489835116864
130,BM25,1,1,0.4,0.8,0.5333333333333333,0.501039016115352
131,BM25,1,1,0.3,0.375,0.33333333333333326,0.3155299691715767
132,BM25,1,1,0.7,0.4666666666666667,0.56,0.6961192037130214
133,BM25,1,1,0.1,0.14285714285714285,0.11764705882352941,0.24382870407715132
134,BM25,1,1,0.1,0.5,0.16666666666666669,0.275
135,BM25,1,1,0.4,0.5,0.4444444444444445,0.6145375457875457
136,BM25,1,1,0.1,0.3333333333333333,0.15384615384615383,0.3963585434173669
137,BM25,1,1,0.2,0.5,0.28571428571428575,0.2741935483870968
138,BM25,1,1,0.1,0.5,0.16666666666666669,0.12941176470588237
139,BM25,1,1,0.0,0.0,0.0,0.009124839936931688
140,BM25,1,1,0.2,0.3333333333333333,0.25,0.17273720349563046
141,BM25,1,1,0.3,0.5,0.37499999999999994,0.3724736532391804
142,BM25,1,1,0.0,0.0,0.0,0.09090909090909091
143,BM25,1,1,0.2,1.0,0.33333333333333337,0.7
144,BM25,1,1,0.5,0.8333333333333334,0.625,0.4563492063492063
145,BM25,1,1,0.4,0.5714285714285714,0.47058823529411764,0.24979342522349257
146,BM25,1,1,0.2,1.0,0.33333333333333337,0.5833333333333333
147,BM25,1,1,0.3,0.3,0.3,0.25842128153122884
148,BM25,1,1,0.2,0.3333333333333333,0.25,0.21268866547910428
149,BM25,1,1,0.5,0.45454545454545453,0.47619047619047616,0.41207961575029584
150,BM25,1,1,0.2,1.0,0.33333333333333337,0.8333333333333333
151,BM25,1,1,0.0,0.0,0.0,0.04113067353534725
152,BM25,1,1,0.0,0.0,0.0,0.01160690432879282
153,BM25,1,1,0.3,0.42857142857142855,0.3529411764705882,0.3197454936937243
154,BM25,1,1,0.2,1.0,0.33333333333333337,0.75
155,BM25,1,1,0.2,0.3333333333333333,0.25,0.26307732056617933
156,BM25,1,1,0.7,0.5,0.5833333333333334,0.5342053337994453
157,BM25,1,1,0.6,0.15384615384615385,0.2448979591836735,0.32564861758387675
158,BM25,1,1,0.4,0.5,0.4444444444444445,0.3969648923369431
159,BM25,1,1,0.1,0.125,0.11111111111111112,0.07025221431430281
160,BM25,1,1,0.1,0.2,0.13333333333333333,0.12047856010747515
161,BM25,1,1,0.3,0.5,0.37499999999999994,0.5389306599832916
162,BM25,1,1,0.2,0.25,0.22222222222222224,0.21066279853927292
163,BM25,1,1,0.2,0.6666666666666666,0.30769230769230765,0.29777777777777775
164,BM25,1,1,0.4,0.5,0.4444444444444445,0.514201850780798
165,BM25,1,1,0.2,1.0,0.33333333333333337,0.5
166,BM25,1,1,0.1,0.125,0.11111111111111112,0.05398249304044223
167,BM25,1,1,0.2,1.0,0.33333333333333337,0.5
168,BM25,1,1,0.1,0.5,0.16666666666666669,0.12333333333333332
169,BM25,1,1,0.2,0.5,0.28571428571428575,0.3091737891737892
170,BM25,1,1,0.4,0.6666666666666666,0.5,0.5706248744223428
171,BM25,1,1,0.3,1.0,0.4615384615384615,0.44285714285714284
172,BM25,1,1,0.4,1.0,0.5714285714285715,0.6791666666666667
173,BM25,1,1,0.2,1.0,0.33333333333333337,1.0
174,BM25,1,1,0.1,0.2,0.13333333333333333,0.07980782176104553
175,BM25,1,1,0.0,0.0,0.0,0.055009043332825566
176,BM25,1,1,0.1,0.14285714285714285,0.11764705882352941,0.08015015178359079
177,BM25,1,1,0.4,0.8,0.5333333333333333,0.6909090909090909
178,BM25,1,1,0.3,0.75,0.4285714285714285,0.5214285714285715
179,BM25,1,1,0.2,0.5,0.28571428571428575,0.3090917818740399
180,BM25,1,1,0.3,0.42857142857142855,0.3529411764705882,0.4551226551226551
181,BM25,1,1,0.1,0.2,0.13333333333333333,0.2635422768861319
182,BM25,1,1,0.2,1.0,0.33333333333333337,0.5833333333333333
183,BM25,1,1,0.6,0.46153846153846156,0.5217391304347826,0.6308080705022138
184,BM25,1,1,0.2,0.2857142857142857,0.23529411764705882,0.32832400103561193
185,BM25,1,1,0.6,0.6666666666666666,0.631578947368421,0.8247100122100122
186,BM25,1,1,0.4,0.25,0.3076923076923077,0.17380918294290446
187,BM25,1,1,0.2,0.3333333333333333,0.25,0.19794081811679362
188,BM25,1,1,0.5,0.45454545454545453,0.47619047619047616,0.43038031414512684
189,BM25,1,1,0.2,0.2222222222222222,0.2105263157894737,0.1413326491563805
190,BM25,1,1,0.3,0.6,0.4,0.43076923076923074
191,BM25,1,1,0.3,0.23076923076923078,0.2608695652173913,0.3774435813766832
192,BM25,1,1,0.3,0.75,0.4285714285714285,0.5929824561403508
193,BM25,1,1,0.8,0.8888888888888888,0.8421052631578948,0.8322153557660804
194,BM25,1,1,0.1,0.16666666666666666,0.125,0.1932570118053989
195,BM25,1,1,0.1,0.3333333333333333,0.15384615384615383,0.1020069112174375
196,BM25,1,1,0.3,0.25,0.2727272727272727,0.1391679708724081
197,BM25,1,1,0.2,0.6666666666666666,0.30769230769230765,0.6324786324786325
198,BM25,1,1,0.3,0.75,0.4285714285714285,0.5284824210057854
199,BM25,1,1,0.2,0.25,0.22222222222222224,0.11324339549458512
200,BM25,1,1,0.2,0.6666666666666666,0.30769230769230765,0.24074074074074073
201,BM25,1,1,0.4,0.25,0.3076923076923077,0.32224755552426004
202,BM25,1,1,0.4,0.2857142857142857,0.3333333333333333,0.21110703568891936
203,BM25,1,1,0.3,0.21428571428571427,0.25,0.14185361209046007
204,BM25,1,1,0.1,0.07142857142857142,0.08333333333333333,0.048087584243698085
205,BM25,1,1,0.2,1.0,0.33333333333333337,0.75
206,BM25,1,1,0.2,0.6666666666666666,0.30769230769230765,0.22454780361757107
207,BM25,1,1,0.0,0.0,0.0,0.025219486214814357
208,BM25,1,1,0.5,0.8333333333333334,0.625,0.6825757575757576
209,BM25,1,1,0.2,0.16666666666666666,0.1818181818181818,0.13373872875427825
210,BM25,1,1,0.2,0.3333333333333333,0.25,0.34271894391757396
211,BM25,1,1,0.1,0.09090909090909091,0.09523809523809525,0.1392518641248859
212,BM25,1,1,0.6,0.42857142857142855,0.5,0.5097583542635736
213,BM25,1,1,0.5,0.45454545454545453,0.47619047619047616,0.5937962243289058
214,BM25,1,1,0.1,0.25,0.14285714285714288,0.14977383363155508
215,BM25,1,1,0.0,0.0,0.0,0.061274509803921566
216,BM25,1,1,0.0,0.0,0.0,0.002840909090909091
217,BM25,1,1,0.3,0.2,0.24,0.23413546622066803
218,BM25,1,1,0.4,0.26666666666666666,0.32,0.32968620383288455
219,BM25,1,1,0.0,0.0,0.0,0.03840969446950826
220,BM25,1,1,0.2,0.10526315789473684,0.13793103448275862,0.20968189336358764
221,BM25,1,1,0.4,0.2222222222222222,0.2857142857142857,0.2635993133808183
222,BM25,1,1,0.6,0.6666666666666666,0.631578947368421,0.7683057683057685
223,BM25,1,1,0.3,0.75,0.4285714285714285,0.45921052631578946
224,BM25,1,1,0.1,0.125,0.11111111111111112,0.1353822494282297
225,BM25,1,1,0.3,0.125,0.17647058823529413,0.10958280637883877
