Query_ID,Modelo,Stopwords_Removidas,Stemming_Aplicado,Top_10,P@10,R@10,F1@10,AP
1,Vetorial,0,0,"[('184', np.float64(0.2488), 2), ('13', np.float64(0.2361), 4), ('12', np.float64(0.2049), 3), ('51', np.float64(0.1624), 3), ('486', np.float64(0.1546), -1), ('1268', np.float64(0.1451), 0), ('14', np.float64(0.1218), 4), ('878', np.float64(0.1214), 0), ('327', np.float64(0.1205), 0), ('792', np.float64(0.119), 0)]",0.5,0.17857142857142858,0.2631578947368421,0.270278400208116
2,Vetorial,0,0,"[('12', np.float64(0.469), 1), ('51', np.float64(0.2792), 3), ('746', np.float64(0.2687), 1), ('884', np.float64(0.2277), 0), ('792', np.float64(0.2273), 0), ('1169', np.float64(0.2118), 0), ('14', np.float64(0.2034), 4), ('1042', np.float64(0.1884), 0), ('429', np.float64(0.1857), 0), ('141', np.float64(0.1847), 0)]",0.4,0.16666666666666666,0.23529411764705882,0.2019999634844881
3,Vetorial,0,0,"[('5', np.float64(0.3365), 3), ('485', np.float64(0.3027), -1), ('181', np.float64(0.2803), 3), ('399', np.float64(0.2765), 3), ('144', np.float64(0.2626), 3), ('90', np.float64(0.1719), 3), ('542', np.float64(0.156), 0), ('707', np.float64(0.1318), 0), ('1073', np.float64(0.1244), 0), ('944', np.float64(0.1235), 0)]",0.5,0.625,0.5555555555555556,0.6084974747474748
4,Vetorial,0,0,"[('166', np.float64(0.2553), 3), ('1275', np.float64(0.1892), 0), ('1189', np.float64(0.1828), 0), ('1312', np.float64(0.1746), 0), ('317', np.float64(0.1725), 0), ('410', np.float64(0.1696), 0), ('185', np.float64(0.1679), 0), ('236', np.float64(0.1675), 3), ('1085', np.float64(0.1664), 0), ('488', np.float64(0.1645), -1)]",0.2,1.0,0.33333333333333337,0.625
5,Vetorial,0,0,"[('103', np.float64(0.22), 0), ('746', np.float64(0.1458), 0), ('943', np.float64(0.1333), 0), ('1272', np.float64(0.127), 0), ('1032', np.float64(0.1238), 0), ('1374', np.float64(0.1215), 0), ('540', np.float64(0.12), 0), ('410', np.float64(0.1154), 0), ('36', np.float64(0.1124), 0), ('1379', np.float64(0.1102), 0)]",0.0,0.0,0.0,0.07510964912280703
6,Vetorial,0,0,"[('491', np.float64(0.245), -1), ('386', np.float64(0.217), 0), ('385', np.float64(0.1986), 0), ('257', np.float64(0.1639), 3), ('472', np.float64(0.1513), 0), ('775', np.float64(0.1402), 0), ('1273', np.float64(0.1355), 0), ('148', np.float64(0.13), 0), ('315', np.float64(0.1274), 0), ('861', np.float64(0.1243), 0)]",0.1,0.25,0.14285714285714288,0.08623569513162369
7,Vetorial,0,0,"[('492', np.float64(0.71), -1), ('434', np.float64(0.3227), 0), ('973', np.float64(0.2876), 0), ('1040', np.float64(0.2869), 0), ('57', np.float64(0.2747), 3), ('1231', np.float64(0.2666), 0), ('122', np.float64(0.2658), 0), ('56', np.float64(0.2651), 3), ('354', np.float64(0.2519), 0), ('947', np.float64(0.232), 0)]",0.2,0.4,0.26666666666666666,0.11431910758818095
8,Vetorial,0,0,"[('492', np.float64(0.2431), -1), ('122', np.float64(0.2151), 1), ('461', np.float64(0.154), 0), ('1083', np.float64(0.1525), 0), ('907', np.float64(0.1506), 0), ('443', np.float64(0.1454), 0), ('947', np.float64(0.1442), 0), ('569', np.float64(0.1414), 0), ('19', np.float64(0.1376), 0), ('354', np.float64(0.1368), 1)]",0.2,0.18181818181818182,0.1904761904761905,0.1689792383977404
9,Vetorial,0,0,"[('21', np.float64(0.3737), 2), ('550', np.float64(0.2805), 2), ('22', np.float64(0.2546), 2), ('306', np.float64(0.2358), 0), ('326', np.float64(0.2348), 0), ('571', np.float64(0.2272), 0), ('102', np.float64(0.2117), 0), ('45', np.float64(0.2082), 0), ('1215', np.float64(0.2042), 0), ('398', np.float64(0.1896), 0)]",0.3,1.0,0.4615384615384615,1.0
10,Vetorial,0,0,"[('493', np.float64(0.3249), -1), ('949', np.float64(0.238), 0), ('302', np.float64(0.2309), 3), ('1199', np.float64(0.2047), 0), ('691', np.float64(0.1896), 0), ('524', np.float64(0.1819), 0), ('1286', np.float64(0.1798), 0), ('405', np.float64(0.1739), 2), ('1214', np.float64(0.1711), 0), ('1009', np.float64(0.1661), 0)]",0.2,0.25,0.22222222222222224,0.12075832944745377
11,Vetorial,0,0,"[('495', np.float64(0.4433), -1), ('654', np.float64(0.2784), 4), ('1356', np.float64(0.239), 0), ('1327', np.float64(0.2345), 0), ('28', np.float64(0.2295), 3), ('556', np.float64(0.228), 0), ('304', np.float64(0.2225), 0), ('110', np.float64(0.2114), 0), ('273', np.float64(0.2052), 0), ('27', np.float64(0.2042), 3)]",0.3,0.42857142857142855,0.3529411764705882,0.22899051257659647
12,Vetorial,0,0,"[('624', np.float64(0.2794), -1), ('543', np.float64(0.232), 0), ('1223', np.float64(0.2235), 0), ('650', np.float64(0.1893), 2), ('245', np.float64(0.1844), 0), ('1094', np.float64(0.1685), 0), ('1209', np.float64(0.1683), 0), ('1221', np.float64(0.168), 0), ('649', np.float64(0.1663), 4), ('1232', np.float64(0.1611), 0)]",0.2,0.4,0.26666666666666666,0.16860894660894662
13,Vetorial,0,0,"[('496', np.float64(0.4799), -1), ('903', np.float64(0.2601), 0), ('643', np.float64(0.2411), 0), ('199', np.float64(0.2166), 0), ('660', np.float64(0.2016), 0), ('1268', np.float64(0.1783), 0), ('503', np.float64(0.17), 0), ('801', np.float64(0.1635), 0), ('313', np.float64(0.1592), 0), ('38', np.float64(0.1589), 0)]",0.0,0.0,0.0,0.002803398133506735
14,Vetorial,0,0,"[('64', np.float64(0.4262), 1), ('256', np.float64(0.283), 0), ('170', np.float64(0.258), 0), ('1364', np.float64(0.2182), 0), ('65', np.float64(0.2181), 4), ('345', np.float64(0.2161), 0), ('132', np.float64(0.2056), 0), ('291', np.float64(0.1952), 0), ('1156', np.float64(0.1951), 0), ('439', np.float64(0.1937), 0)]",0.2,1.0,0.33333333333333337,0.7
15,Vetorial,0,0,"[('462', np.float64(0.2622), 3), ('1097', np.float64(0.1929), 0), ('463', np.float64(0.1744), 1), ('761', np.float64(0.1677), 0), ('1096', np.float64(0.1674), 0), ('866', np.float64(0.1598), 0), ('1117', np.float64(0.1554), 0), ('553', np.float64(0.141), 0), ('1025', np.float64(0.1357), 0), ('1099', np.float64(0.1244), 0)]",0.2,1.0,0.33333333333333337,0.8333333333333333
16,Vetorial,0,0,"[('498', np.float64(0.4007), -1), ('106', np.float64(0.3356), 3), ('1301', np.float64(0.2644), 0), ('410', np.float64(0.2165), 0), ('1006', np.float64(0.2095), 0), ('93', np.float64(0.204), 0), ('1112', np.float64(0.2027), 0), ('803', np.float64(0.2024), 0), ('1255', np.float64(0.2015), 0), ('494', np.float64(0.1932), 0)]",0.1,0.3333333333333333,0.15384615384615383,0.2490118577075099
17,Vetorial,0,0,"[('1301', np.float64(0.3378), 0), ('1281', np.float64(0.3377), 0), ('445', np.float64(0.3227), 0), ('106', np.float64(0.3176), 2), ('700', np.float64(0.307), 0), ('1108', np.float64(0.2883), 0), ('498', np.float64(0.2849), -1), ('410', np.float64(0.2825), 0), ('987', np.float64(0.252), 0), ('916', np.float64(0.2387), 0)]",0.1,0.5,0.16666666666666669,0.13908450704225353
18,Vetorial,0,0,"[('248', np.float64(0.4145), 0), ('498', np.float64(0.3785), -1), ('492', np.float64(0.3548), 0), ('354', np.float64(0.3427), 0), ('197', np.float64(0.3171), 2), ('56', np.float64(0.3121), 0), ('234', np.float64(0.302), 0), ('231', np.float64(0.2914), 0), ('1005', np.float64(0.2788), 0), ('947', np.float64(0.2775), 0)]",0.1,0.3333333333333333,0.15384615384615383,0.08979880699625924
19,Vetorial,0,0,"[('554', np.float64(0.1669), 0), ('82', np.float64(0.1657), 0), ('1346', np.float64(0.1423), 0), ('660', np.float64(0.1415), 0), ('706', np.float64(0.1355), 0), ('1279', np.float64(0.1281), 0), ('716', np.float64(0.1227), 3), ('826', np.float64(0.1212), 0), ('1219', np.float64(0.1208), 0), ('442', np.float64(0.1207), 0)]",0.1,0.1111111111111111,0.10526315789473685,0.05148555474545294
20,Vetorial,0,0,"[('500', np.float64(0.4852), -1), ('88', np.float64(0.2576), 3), ('268', np.float64(0.2535), 3), ('450', np.float64(0.2063), 0), ('87', np.float64(0.2061), 3), ('300', np.float64(0.1866), 0), ('966', np.float64(0.1708), 0), ('190', np.float64(0.1567), 0), ('104', np.float64(0.1459), 3), ('267', np.float64(0.1456), 3)]",0.5,0.5555555555555556,0.5263157894736842,0.4492817059483726
21,Vetorial,0,0,"[('502', np.float64(0.3619), -1), ('302', np.float64(0.2083), 0), ('68', np.float64(0.206), 0), ('271', np.float64(0.191), 1), ('16', np.float64(0.1895), 2), ('377', np.float64(0.1877), 0), ('628', np.float64(0.1818), 0), ('1007', np.float64(0.1676), 0), ('538', np.float64(0.161), 0), ('343', np.float64(0.1538), 0)]",0.2,0.5,0.28571428571428575,0.2166666666666667
22,Vetorial,0,0,"[('125', np.float64(0.3609), 0), ('560', np.float64(0.3149), 0), ('140', np.float64(0.2988), 0), ('565', np.float64(0.2916), 0), ('413', np.float64(0.2891), 0), ('307', np.float64(0.2851), 0), ('165', np.float64(0.2846), 0), ('16', np.float64(0.2741), 0), ('962', np.float64(0.2708), 0), ('73', np.float64(0.2691), 0)]",0.0,0.0,0.0,0.0009823182711198428
23,Vetorial,0,0,"[('892', np.float64(0.2184), -1), ('1109', np.float64(0.1739), 2), ('1287', np.float64(0.1662), 0), ('902', np.float64(0.1528), 1), ('28', np.float64(0.1509), 0), ('1151', np.float64(0.133), 0), ('1259', np.float64(0.1326), 2), ('251', np.float64(0.1312), 0), ('899', np.float64(0.1194), 3), ('586', np.float64(0.1186), 0)]",0.4,0.125,0.19047619047619047,0.14707832250297598
24,Vetorial,0,0,"[('46', np.float64(0.2563), 2), ('756', np.float64(0.2524), -1), ('12', np.float64(0.1954), 0), ('51', np.float64(0.1633), 0), ('1317', np.float64(0.1504), 0), ('884', np.float64(0.1457), 0), ('47', np.float64(0.1423), 2), ('1242', np.float64(0.1374), 0), ('102', np.float64(0.1325), 0), ('334', np.float64(0.1314), 0)]",0.2,0.6666666666666666,0.30769230769230765,0.4311755952380952
25,Vetorial,0,0,"[('277', np.float64(0.2877), 3), ('215', np.float64(0.2016), 3), ('121', np.float64(0.1942), 0), ('482', np.float64(0.185), 0), ('798', np.float64(0.1839), 0), ('214', np.float64(0.1808), 3), ('772', np.float64(0.177), 0), ('988', np.float64(0.1754), 0), ('990', np.float64(0.175), 0), ('134', np.float64(0.175), 0)]",0.3,0.3333333333333333,0.3157894736842105,0.4237473498871179
26,Vetorial,0,0,"[('382', np.float64(0.3907), 0), ('4', np.float64(0.3588), 0), ('348', np.float64(0.3122), 0), ('1355', np.float64(0.2991), 0), ('145', np.float64(0.2967), 1), ('3', np.float64(0.2781), 0), ('611', np.float64(0.2761), 1), ('307', np.float64(0.2734), 0), ('306', np.float64(0.2654), 0), ('389', np.float64(0.2652), 0)]",0.2,0.3333333333333333,0.25,0.14434239392222586
27,Vetorial,0,0,"[('1176', np.float64(0.2889), 0), ('1031', np.float64(0.2706), 0), ('1178', np.float64(0.2429), 0), ('1129', np.float64(0.2394), 0), ('1133', np.float64(0.219), 0), ('838', np.float64(0.2146), 0), ('888', np.float64(0.2142), 0), ('1035', np.float64(0.2132), 0), ('512', np.float64(0.1941), -1), ('247', np.float64(0.1576), 0)]",0.0,0.0,0.0,0.07997148265604641
28,Vetorial,0,0,"[('251', np.float64(0.223), 0), ('1050', np.float64(0.209), 0), ('247', np.float64(0.2079), 0), ('678', np.float64(0.1671), 0), ('250', np.float64(0.1662), 0), ('470', np.float64(0.1591), 0), ('921', np.float64(0.1554), 0), ('699', np.float64(0.1498), 0), ('27', np.float64(0.1494), 0), ('1075', np.float64(0.1491), 0)]",0.0,0.0,0.0,0.001437698730503596
29,Vetorial,0,0,"[('465', np.float64(0.3762), 4), ('612', np.float64(0.3384), 2), ('420', np.float64(0.3162), 0), ('250', np.float64(0.2975), 2), ('211', np.float64(0.2794), 0), ('901', np.float64(0.2606), 0), ('464', np.float64(0.2593), 4), ('222', np.float64(0.2525), 0), ('513', np.float64(0.2493), -1), ('146', np.float64(0.2461), 0)]",0.4,0.4444444444444444,0.4210526315789474,0.42225958562191374
30,Vetorial,0,0,"[('513', np.float64(0.2103), -1), ('633', np.float64(0.1805), 0), ('147', np.float64(0.1758), 0), ('247', np.float64(0.1686), 0), ('46', np.float64(0.1683), 0), ('420', np.float64(0.1671), 0), ('602', np.float64(0.165), 0), ('678', np.float64(0.1647), 0), ('464', np.float64(0.1574), 2), ('19', np.float64(0.1556), 0)]",0.1,0.14285714285714285,0.11764705882352941,0.05980829060600679
31,Vetorial,0,0,"[('751', np.float64(0.2212), -1), ('247', np.float64(0.2076), 0), ('916', np.float64(0.1817), 0), ('1341', np.float64(0.1539), 0), ('918', np.float64(0.1516), 0), ('749', np.float64(0.1484), 0), ('228', np.float64(0.1394), 0), ('919', np.float64(0.1379), 0), ('1082', np.float64(0.1376), 0), ('704', np.float64(0.1359), 0)]",0.0,0.0,0.0,0.0008116883116883117
32,Vetorial,0,0,"[('752', np.float64(0.5109), -1), ('382', np.float64(0.2514), 0), ('921', np.float64(0.2231), 0), ('1186', np.float64(0.207), 0), ('530', np.float64(0.2038), 0), ('432', np.float64(0.1761), 0), ('801', np.float64(0.1758), 0), ('1112', np.float64(0.1738), 0), ('250', np.float64(0.1673), 4), ('1197', np.float64(0.1646), 0)]",0.1,0.16666666666666666,0.125,0.04324658154216094
33,Vetorial,0,0,"[('516', np.float64(0.4125), -1), ('431', np.float64(0.2621), 3), ('141', np.float64(0.2546), 4), ('252', np.float64(0.2403), 3), ('1153', np.float64(0.1995), 0), ('808', np.float64(0.1977), 0), ('672', np.float64(0.1824), 0), ('791', np.float64(0.1771), 0), ('714', np.float64(0.1768), 0), ('594', np.float64(0.1756), 0)]",0.3,1.0,0.4615384615384615,0.6388888888888888
34,Vetorial,0,0,"[('610', np.float64(0.3138), 0), ('516', np.float64(0.2776), -1), ('1153', np.float64(0.2645), 0), ('175', np.float64(0.2527), 0), ('799', np.float64(0.2403), 3), ('431', np.float64(0.2315), 3), ('252', np.float64(0.2175), 1), ('795', np.float64(0.2143), 0), ('1062', np.float64(0.2104), 0), ('1074', np.float64(0.1878), 0)]",0.3,0.5,0.37499999999999994,0.2466412242728032
35,Vetorial,0,0,"[('1208', np.float64(0.1915), 0), ('875', np.float64(0.1728), 0), ('75', np.float64(0.1477), 0), ('1244', np.float64(0.1428), 0), ('654', np.float64(0.1326), 0), ('1389', np.float64(0.1259), 0), ('1276', np.float64(0.1175), 0), ('1327', np.float64(0.1175), 0), ('1203', np.float64(0.1171), 0), ('64', np.float64(0.1169), 0)]",0.0,0.0,0.0,0.016242265420707745
36,Vetorial,0,0,"[('550', np.float64(0.1801), 0), ('661', np.float64(0.1754), 0), ('398', np.float64(0.1748), 0), ('283', np.float64(0.1585), 0), ('1268', np.float64(0.1567), 0), ('564', np.float64(0.156), 0), ('123', np.float64(0.1542), 0), ('546', np.float64(0.1537), 0), ('281', np.float64(0.1502), 0), ('623', np.float64(0.1415), 0)]",0.0,0.0,0.0,0.03530961791831357
37,Vetorial,0,0,"[('186', np.float64(0.3046), 0), ('176', np.float64(0.281), 0), ('188', np.float64(0.2662), 2), ('179', np.float64(0.2606), 0), ('519', np.float64(0.2599), -1), ('487', np.float64(0.2556), 3), ('189', np.float64(0.2487), 0), ('461', np.float64(0.2369), 0), ('979', np.float64(0.2346), 0), ('173', np.float64(0.2329), 2)]",0.3,0.3333333333333333,0.3157894736842105,0.21456677718671877
38,Vetorial,0,0,"[('976', np.float64(0.247), 0), ('536', np.float64(0.2292), -1), ('1141', np.float64(0.2288), 0), ('272', np.float64(0.2197), 3), ('1264', np.float64(0.2048), 0), ('979', np.float64(0.2017), 0), ('154', np.float64(0.1996), 0), ('1205', np.float64(0.1989), 0), ('1238', np.float64(0.1944), 0), ('1211', np.float64(0.1845), 0)]",0.1,0.1,0.10000000000000002,0.04948305185903101
39,Vetorial,0,0,"[('315', np.float64(0.2269), 0), ('272', np.float64(0.2018), 1), ('37', np.float64(0.1972), 0), ('959', np.float64(0.1885), 0), ('1154', np.float64(0.1776), 0), ('1149', np.float64(0.1668), 0), ('1264', np.float64(0.1588), 0), ('207', np.float64(0.1546), 3), ('418', np.float64(0.1538), 3), ('1278', np.float64(0.1508), 0)]",0.3,0.23076923076923078,0.2608695652173913,0.18061771613351768
40,Vetorial,0,0,"[('37', np.float64(0.2198), 0), ('272', np.float64(0.1551), 3), ('315', np.float64(0.1481), 0), ('536', np.float64(0.1407), -1), ('1264', np.float64(0.1343), 0), ('1368', np.float64(0.1329), 0), ('207', np.float64(0.1294), 0), ('1205', np.float64(0.1263), 0), ('17', np.float64(0.1248), 0), ('1257', np.float64(0.1181), 0)]",0.1,0.08333333333333333,0.0909090909090909,0.06145926745815638
41,Vetorial,0,0,"[('289', np.float64(0.553), 1), ('433', np.float64(0.4035), 2), ('432', np.float64(0.3204), 0), ('927', np.float64(0.3094), 0), ('1141', np.float64(0.2871), 0), ('549', np.float64(0.2446), 0), ('288', np.float64(0.2405), 1), ('1277', np.float64(0.2383), 0), ('154', np.float64(0.2092), 0), ('229', np.float64(0.2045), 0)]",0.3,1.0,0.4615384615384615,0.8095238095238094
42,Vetorial,0,0,"[('521', np.float64(0.4448), -1), ('526', np.float64(0.421), 0), ('503', np.float64(0.3229), 0), ('468', np.float64(0.3146), 2), ('469', np.float64(0.2884), 3), ('496', np.float64(0.2844), 0), ('797', np.float64(0.2725), 0), ('801', np.float64(0.2661), 0), ('440', np.float64(0.2609), 0), ('467', np.float64(0.2396), 3)]",0.3,0.6,0.4,0.20230854915065438
43,Vetorial,0,0,"[('39', np.float64(0.2595), 3), ('467', np.float64(0.2247), 1), ('469', np.float64(0.2187), 1), ('503', np.float64(0.2186), 3), ('194', np.float64(0.2164), 0), ('468', np.float64(0.1994), 1), ('496', np.float64(0.1909), 0), ('1210', np.float64(0.1907), 0), ('70', np.float64(0.1892), 0), ('404', np.float64(0.1778), 0)]",0.5,0.8333333333333334,0.625,0.8166666666666665
44,Vetorial,0,0,"[('1199', np.float64(0.1671), 0), ('1190', np.float64(0.1657), 0), ('1031', np.float64(0.1563), 0), ('583', np.float64(0.153), 0), ('232', np.float64(0.1424), 0), ('103', np.float64(0.1423), 0), ('760', np.float64(0.1337), 0), ('849', np.float64(0.1324), 0), ('27', np.float64(0.1321), 0), ('801', np.float64(0.1256), 0)]",0.0,0.0,0.0,0.0018297867638647012
45,Vetorial,0,0,"[('305', np.float64(0.3988), 2), ('525', np.float64(0.3479), -1), ('123', np.float64(0.2844), 0), ('1185', np.float64(0.2551), 3), ('540', np.float64(0.2441), 0), ('84', np.float64(0.2433), 0), ('26', np.float64(0.2385), 0), ('353', np.float64(0.2257), 0), ('1299', np.float64(0.2135), 0), ('133', np.float64(0.194), 0)]",0.2,0.16666666666666666,0.1818181818181818,0.18319400314256393
46,Vetorial,0,0,"[('305', np.float64(0.3611), 2), ('525', np.float64(0.3466), -1), ('123', np.float64(0.3127), 4), ('1185', np.float64(0.3073), 4), ('84', np.float64(0.279), 4), ('353', np.float64(0.2726), 0), ('37', np.float64(0.2628), 0), ('623', np.float64(0.2564), 3), ('872', np.float64(0.2425), 0), ('1366', np.float64(0.2421), 0)]",0.5,0.3333333333333333,0.4,0.33104237552470034
47,Vetorial,0,0,"[('568', np.float64(0.3372), 0), ('525', np.float64(0.3113), -1), ('305', np.float64(0.2752), 3), ('310', np.float64(0.2421), 2), ('327', np.float64(0.2396), 0), ('570', np.float64(0.2377), 2), ('307', np.float64(0.2365), 2), ('1200', np.float64(0.227), 0), ('663', np.float64(0.2101), 3), ('260', np.float64(0.2083), 0)]",0.5,0.35714285714285715,0.41666666666666663,0.316176832912758
48,Vetorial,0,0,"[('526', np.float64(0.3769), -1), ('440', np.float64(0.3287), 3), ('797', np.float64(0.2587), 3), ('683', np.float64(0.2417), 0), ('334', np.float64(0.2283), 0), ('521', np.float64(0.1829), 0), ('222', np.float64(0.1826), 0), ('26', np.float64(0.1739), 0), ('707', np.float64(0.1701), 0), ('655', np.float64(0.1692), 0)]",0.2,0.18181818181818182,0.1904761904761905,0.15802628933933058
49,Vetorial,0,0,"[('527', np.float64(0.4136), -1), ('320', np.float64(0.296), 3), ('322', np.float64(0.259), 0), ('321', np.float64(0.2575), 0), ('1235', np.float64(0.248), 0), ('366', np.float64(0.2394), 0), ('1370', np.float64(0.2353), 0), ('832', np.float64(0.2259), 0), ('1108', np.float64(0.2194), 0), ('349', np.float64(0.2165), 0)]",0.1,0.5,0.16666666666666669,0.27439024390243905
50,Vetorial,0,0,"[('1301', np.float64(0.2817), 0), ('192', np.float64(0.2716), 0), ('798', np.float64(0.2646), 0), ('1154', np.float64(0.2633), 0), ('498', np.float64(0.2616), 0), ('922', np.float64(0.2529), 0), ('273', np.float64(0.2493), 0), ('801', np.float64(0.248), 0), ('27', np.float64(0.2469), 0), ('248', np.float64(0.2433), 0)]",0.0,0.0,0.0,0.012004693658352444
51,Vetorial,0,0,"[('494', np.float64(0.3709), 2), ('23', np.float64(0.2468), 2), ('326', np.float64(0.2428), 4), ('1301', np.float64(0.2282), 0), ('94', np.float64(0.2239), 1), ('498', np.float64(0.2099), 0), ('261', np.float64(0.2095), 4), ('1154', np.float64(0.2095), 0), ('1214', np.float64(0.2028), 0), ('105', np.float64(0.2018), 2)]",0.6,0.6,0.6,0.5854547756150429
52,Vetorial,0,0,"[('1215', np.float64(0.2777), 0), ('306', np.float64(0.2587), 2), ('21', np.float64(0.246), 2), ('326', np.float64(0.2458), 4), ('550', np.float64(0.2312), 0), ('1383', np.float64(0.2026), 0), ('4', np.float64(0.1944), 0), ('251', np.float64(0.1913), 0), ('528', np.float64(0.191), -1), ('629', np.float64(0.1907), 0)]",0.3,0.75,0.4285714285714285,0.5700757575757576
53,Vetorial,0,0,"[('208', np.float64(0.4294), 4), ('267', np.float64(0.3069), 0), ('269', np.float64(0.3022), 0), ('61', np.float64(0.2844), 0), ('1273', np.float64(0.2763), 0), ('298', np.float64(0.2734), 4), ('1236', np.float64(0.2679), 0), ('1221', np.float64(0.2542), 0), ('653', np.float64(0.2532), 0), ('1222', np.float64(0.2429), 0)]",0.2,0.2,0.20000000000000004,0.21637021171741472
54,Vetorial,0,0,"[('123', np.float64(0.4576), -1), ('1185', np.float64(0.3423), 0), ('84', np.float64(0.3397), 2), ('305', np.float64(0.3388), 0), ('525', np.float64(0.3295), 0), ('666', np.float64(0.3087), 0), ('1213', np.float64(0.2929), 0), ('1307', np.float64(0.2911), 0), ('564', np.float64(0.2886), 0), ('1107', np.float64(0.2872), 0)]",0.1,0.1111111111111111,0.10526315789473685,0.10204941413520617
55,Vetorial,0,0,"[('460', np.float64(0.3234), 2), ('1154', np.float64(0.3029), 0), ('1149', np.float64(0.2935), 0), ('406', np.float64(0.2798), 0), ('376', np.float64(0.2707), 4), ('959', np.float64(0.2627), 0), ('17', np.float64(0.2399), 0), ('1301', np.float64(0.219), 0), ('344', np.float64(0.2111), 0), ('377', np.float64(0.203), 4)]",0.3,0.3,0.3,0.2487583046248772
56,Vetorial,0,0,"[('753', np.float64(0.3303), -1), ('391', np.float64(0.1866), 0), ('202', np.float64(0.1837), 0), ('878', np.float64(0.172), 0), ('14', np.float64(0.1671), 4), ('1339', np.float64(0.1635), 3), ('783', np.float64(0.1543), 0), ('1290', np.float64(0.1527), 0), ('1275', np.float64(0.1488), 0), ('1111', np.float64(0.143), 0)]",0.2,0.2,0.20000000000000004,0.15390548676676694
57,Vetorial,0,0,"[('753', np.float64(0.3551), -1), ('878', np.float64(0.2158), 0), ('202', np.float64(0.214), 0), ('1275', np.float64(0.2068), 0), ('380', np.float64(0.1988), 2), ('1339', np.float64(0.191), 0), ('916', np.float64(0.1883), 0), ('52', np.float64(0.1881), 0), ('3', np.float64(0.1872), 0), ('444', np.float64(0.1836), 0)]",0.1,0.07142857142857142,0.08333333333333333,0.08973375317792363
58,Vetorial,0,0,"[('754', np.float64(0.3374), -1), ('120', np.float64(0.2726), 0), ('270', np.float64(0.2569), 0), ('873', np.float64(0.2393), 0), ('872', np.float64(0.2158), 0), ('1159', np.float64(0.2108), 0), ('788', np.float64(0.2089), 2), ('1084', np.float64(0.2043), 0), ('398', np.float64(0.1987), 0), ('785', np.float64(0.1966), 3)]",0.2,0.2222222222222222,0.2105263157894737,0.13722971532730208
59,Vetorial,0,0,"[('1176', np.float64(0.1909), 0), ('1359', np.float64(0.1834), 0), ('1116', np.float64(0.1825), 0), ('1084', np.float64(0.1779), 0), ('1055', np.float64(0.1744), 0), ('842', np.float64(0.1721), 0), ('671', np.float64(0.1685), 0), ('1105', np.float64(0.1594), 0), ('458', np.float64(0.1553), 0), ('657', np.float64(0.1533), 0)]",0.0,0.0,0.0,0.019779784731466084
60,Vetorial,0,0,"[('527', np.float64(0.4989), 3), ('320', np.float64(0.4251), 4), ('322', np.float64(0.3911), -1), ('321', np.float64(0.383), 0), ('107', np.float64(0.2499), 0), ('730', np.float64(0.242), 0), ('1240', np.float64(0.2371), 0), ('1235', np.float64(0.2336), 0), ('960', np.float64(0.2297), 0), ('243', np.float64(0.2274), 0)]",0.2,0.4,0.26666666666666666,0.4622987117552335
61,Vetorial,0,0,"[('539', np.float64(0.3094), -1), ('566', np.float64(0.2701), 2), ('564', np.float64(0.2505), 3), ('333', np.float64(0.2213), 0), ('435', np.float64(0.2117), 0), ('283', np.float64(0.2002), 0), ('1258', np.float64(0.1924), 0), ('1213', np.float64(0.1921), 0), ('145', np.float64(0.1884), 0), ('784', np.float64(0.1714), 0)]",0.2,0.4,0.26666666666666666,0.26683489201561483
62,Vetorial,0,0,"[('787', np.float64(0.3191), 0), ('785', np.float64(0.2996), 0), ('105', np.float64(0.2957), 0), ('381', np.float64(0.2921), 0), ('148', np.float64(0.2835), 0), ('459', np.float64(0.2817), 0), ('1383', np.float64(0.2787), 0), ('1258', np.float64(0.2631), 0), ('452', np.float64(0.2551), 0), ('786', np.float64(0.2497), 0)]",0.0,0.0,0.0,0.03149059293135706
63,Vetorial,0,0,"[('843', np.float64(0.2169), 0), ('1045', np.float64(0.2079), 0), ('678', np.float64(0.203), 0), ('1121', np.float64(0.1966), 0), ('1116', np.float64(0.1948), 0), ('839', np.float64(0.1891), 0), ('1046', np.float64(0.1759), 0), ('1359', np.float64(0.161), 0), ('204', np.float64(0.1566), 0), ('763', np.float64(0.1545), 0)]",0.0,0.0,0.0,0.006263283905291832
64,Vetorial,0,0,"[('1204', np.float64(0.1907), 0), ('730', np.float64(0.1847), 0), ('878', np.float64(0.1777), 0), ('775', np.float64(0.1761), 0), ('914', np.float64(0.1742), 0), ('202', np.float64(0.1687), 0), ('15', np.float64(0.1623), 0), ('390', np.float64(0.1572), 1), ('391', np.float64(0.1542), 2), ('1252', np.float64(0.1527), 0)]",0.2,1.0,0.33333333333333337,0.1736111111111111
65,Vetorial,0,0,"[('3', np.float64(0.5056), 2), ('4', np.float64(0.3674), 3), ('393', np.float64(0.3505), 3), ('664', np.float64(0.3293), 2), ('388', np.float64(0.3117), -1), ('1386', np.float64(0.2865), 0), ('180', np.float64(0.2714), 3), ('1106', np.float64(0.2549), 0), ('569', np.float64(0.2527), 0), ('2', np.float64(0.2482), 2)]",0.6,0.4,0.48,0.4114071047189457
66,Vetorial,0,0,"[('128', np.float64(0.3164), 0), ('1182', np.float64(0.287), 0), ('305', np.float64(0.2554), 0), ('375', np.float64(0.2542), 0), ('310', np.float64(0.2527), 0), ('664', np.float64(0.2407), 2), ('2', np.float64(0.2407), 0), ('191', np.float64(0.2401), 0), ('629', np.float64(0.2356), 2), ('659', np.float64(0.2339), 3)]",0.3,0.6,0.4,0.17835093011563602
67,Vetorial,0,0,"[('3', np.float64(0.4367), 1), ('4', np.float64(0.4203), 3), ('393', np.float64(0.3973), 3), ('664', np.float64(0.3604), 2), ('180', np.float64(0.3137), 1), ('2', np.float64(0.3111), 1), ('389', np.float64(0.2802), 3), ('458', np.float64(0.2778), 0), ('128', np.float64(0.276), 1), ('309', np.float64(0.2737), 0)]",0.8,0.5714285714285714,0.6666666666666666,0.6911481162345217
68,Vetorial,0,0,"[('628', np.float64(0.3599), -1), ('662', np.float64(0.1787), 2), ('974', np.float64(0.1667), 0), ('365', np.float64(0.1648), 0), ('254', np.float64(0.1639), 0), ('272', np.float64(0.1609), 0), ('125', np.float64(0.1543), 0), ('397', np.float64(0.1541), 0), ('308', np.float64(0.1481), 0), ('338', np.float64(0.1409), 0)]",0.1,0.2,0.13333333333333333,0.12763907734056987
69,Vetorial,0,0,"[('4', np.float64(0.2406), 0), ('540', np.float64(0.2195), -1), ('105', np.float64(0.1974), 0), ('365', np.float64(0.1963), 0), ('300', np.float64(0.1927), 0), ('664', np.float64(0.1908), 0), ('671', np.float64(0.1908), 0), ('264', np.float64(0.1877), 0), ('1383', np.float64(0.1864), 0), ('366', np.float64(0.1845), 0)]",0.0,0.0,0.0,0.09129117259552041
70,Vetorial,0,0,"[('540', np.float64(0.3885), -1), ('4', np.float64(0.3451), 0), ('180', np.float64(0.3359), 0), ('327', np.float64(0.329), 0), ('300', np.float64(0.31), 0), ('349', np.float64(0.3043), 0), ('62', np.float64(0.284), 2), ('494', np.float64(0.2692), 0), ('3', np.float64(0.2586), 0), ('1186', np.float64(0.2567), 0)]",0.1,0.1,0.10000000000000002,0.11378894637820247
71,Vetorial,0,0,"[('305', np.float64(0.3518), 0), ('63', np.float64(0.3326), 0), ('540', np.float64(0.3239), -1), ('573', np.float64(0.308), 0), ('26', np.float64(0.275), 0), ('525', np.float64(0.2659), 0), ('1253', np.float64(0.2619), 0), ('570', np.float64(0.2581), 0), ('310', np.float64(0.2561), 0), ('537', np.float64(0.2484), 0)]",0.0,0.0,0.0,0.04494316265342323
72,Vetorial,0,0,"[('1078', np.float64(0.2016), 0), ('139', np.float64(0.197), 0), ('193', np.float64(0.1654), 0), ('657', np.float64(0.1543), 0), ('315', np.float64(0.1542), 0), ('53', np.float64(0.1501), 0), ('1191', np.float64(0.1497), 0), ('666', np.float64(0.1439), 0), ('567', np.float64(0.1387), 0), ('668', np.float64(0.1365), 0)]",0.0,0.0,0.0,0.029914541675872264
73,Vetorial,0,0,"[('332', np.float64(0.3884), 2), ('541', np.float64(0.2762), -1), ('573', np.float64(0.2596), 3), ('577', np.float64(0.1831), 4), ('574', np.float64(0.1736), 3), ('1310', np.float64(0.1724), 0), ('625', np.float64(0.1719), 2), ('572', np.float64(0.1698), 2), ('410', np.float64(0.1619), 0), ('373', np.float64(0.1571), 0)]",0.6,0.3,0.4,0.3678933131360948
74,Vetorial,0,0,"[('26', np.float64(0.273), 0), ('1153', np.float64(0.2591), 0), ('1142', np.float64(0.212), 0), ('625', np.float64(0.2108), 0), ('1161', np.float64(0.2075), 0), ('280', np.float64(0.2001), 0), ('68', np.float64(0.1904), 0), ('364', np.float64(0.1829), 0), ('372', np.float64(0.1808), 0), ('1155', np.float64(0.1778), 0)]",0.0,0.0,0.0,0.042792548560676984
75,Vetorial,0,0,"[('324', np.float64(0.3131), 3), ('55', np.float64(0.2423), 0), ('73', np.float64(0.2408), 0), ('559', np.float64(0.234), 0), ('1393', np.float64(0.2335), 0), ('323', np.float64(0.2307), 0), ('629', np.float64(0.2212), 0), ('565', np.float64(0.2178), 0), ('283', np.float64(0.2088), 0), ('1258', np.float64(0.2005), 0)]",0.1,0.2,0.13333333333333333,0.23045558016488252
76,Vetorial,0,0,"[('666', np.float64(0.2697), 3), ('630', np.float64(0.2668), -1), ('667', np.float64(0.2651), 2), ('171', np.float64(0.2501), 0), ('565', np.float64(0.2486), 0), ('50', np.float64(0.2385), 0), ('668', np.float64(0.2336), 0), ('1198', np.float64(0.2284), 0), ('1394', np.float64(0.2278), 0), ('255', np.float64(0.2255), 0)]",0.2,0.2857142857142857,0.23529411764705882,0.27311338816094527
77,Vetorial,0,0,"[('329', np.float64(0.4813), 4), ('667', np.float64(0.3242), 3), ('668', np.float64(0.2707), 2), ('1264', np.float64(0.2673), 0), ('630', np.float64(0.2515), -1), ('170', np.float64(0.244), 0), ('345', np.float64(0.2389), 0), ('1395', np.float64(0.2382), 0), ('1391', np.float64(0.2319), 4), ('572', np.float64(0.2281), 0)]",0.4,0.6666666666666666,0.5,0.6232929711190581
78,Vetorial,0,0,"[('589', np.float64(0.3896), 3), ('543', np.float64(0.3617), -1), ('590', np.float64(0.3256), 3), ('588', np.float64(0.2982), 2), ('591', np.float64(0.2704), 0), ('216', np.float64(0.2619), 0), ('237', np.float64(0.2516), 0), ('578', np.float64(0.2377), 0), ('138', np.float64(0.226), 0), ('576', np.float64(0.2175), 0)]",0.3,1.0,0.4615384615384615,0.8055555555555555
79,Vetorial,0,0,"[('544', np.float64(0.3141), -1), ('748', np.float64(0.3095), 0), ('199', np.float64(0.2947), 0), ('597', np.float64(0.2551), 3), ('567', np.float64(0.2449), 0), ('600', np.float64(0.2408), 0), ('251', np.float64(0.2372), 0), ('755', np.float64(0.228), 0), ('175', np.float64(0.2088), 0), ('599', np.float64(0.2015), 0)]",0.1,0.2,0.13333333333333333,0.07848840037125208
80,Vetorial,0,0,"[('544', np.float64(0.2167), -1), ('790', np.float64(0.1865), 0), ('748', np.float64(0.1809), 0), ('599', np.float64(0.172), 0), ('251', np.float64(0.1487), 0), ('600', np.float64(0.1463), 0), ('814', np.float64(0.136), 0), ('199', np.float64(0.1352), 0), ('878', np.float64(0.1346), 0), ('606', np.float64(0.1214), 0)]",0.0,0.0,0.0,0.034010140326572055
81,Vetorial,0,0,"[('714', np.float64(0.2631), 0), ('631', np.float64(0.2103), -1), ('755', np.float64(0.1886), 0), ('1153', np.float64(0.1769), 0), ('598', np.float64(0.1742), 0), ('799', np.float64(0.1686), 4), ('876', np.float64(0.1631), 0), ('652', np.float64(0.1622), 0), ('594', np.float64(0.1592), 0), ('795', np.float64(0.1529), 0)]",0.1,0.5,0.16666666666666669,0.14583333333333331
82,Vetorial,0,0,"[('678', np.float64(0.278), 3), ('1334', np.float64(0.2455), 0), ('1339', np.float64(0.2309), 0), ('1332', np.float64(0.2291), 0), ('699', np.float64(0.2013), 0), ('677', np.float64(0.1996), 2), ('632', np.float64(0.1875), -1), ('465', np.float64(0.1871), 0), ('676', np.float64(0.178), 2), ('779', np.float64(0.1623), 0)]",0.3,0.6,0.4,0.3585854903390448
83,Vetorial,0,0,"[('1275', np.float64(0.3151), 0), ('753', np.float64(0.3086), 0), ('633', np.float64(0.2999), -1), ('898', np.float64(0.2808), 0), ('428', np.float64(0.2754), 0), ('680', np.float64(0.2473), 2), ('224', np.float64(0.2264), 0), ('1059', np.float64(0.2252), 0), ('1058', np.float64(0.2178), 0), ('232', np.float64(0.2034), 0)]",0.1,0.25,0.14285714285714288,0.0580011097355595
84,Vetorial,0,0,"[('398', np.float64(0.2598), 0), ('142', np.float64(0.2448), 3), ('294', np.float64(0.2359), 3), ('435', np.float64(0.2209), 0), ('1263', np.float64(0.216), 0), ('283', np.float64(0.2145), 0), ('959', np.float64(0.2074), 0), ('564', np.float64(0.2069), 0), ('872', np.float64(0.2067), 0), ('1310', np.float64(0.2041), 0)]",0.2,0.18181818181818182,0.1904761904761905,0.23057050482818048
85,Vetorial,0,0,"[('418', np.float64(0.201), 0), ('272', np.float64(0.1957), 0), ('315', np.float64(0.1929), 0), ('294', np.float64(0.1831), 0), ('1264', np.float64(0.1739), 0), ('293', np.float64(0.1654), 0), ('516', np.float64(0.1592), 0), ('876', np.float64(0.1573), 0), ('9', np.float64(0.155), 0), ('795', np.float64(0.1509), 0)]",0.0,0.0,0.0,0.013815889659169368
86,Vetorial,0,0,"[('755', np.float64(0.4113), -1), ('594', np.float64(0.2854), 3), ('790', np.float64(0.2535), 3), ('431', np.float64(0.2293), 0), ('600', np.float64(0.1994), 0), ('599', np.float64(0.1849), 0), ('188', np.float64(0.1738), 0), ('280', np.float64(0.1646), 0), ('179', np.float64(0.1643), 0), ('1153', np.float64(0.1588), 0)]",0.2,1.0,0.33333333333333337,0.5833333333333333
87,Vetorial,0,0,"[('334', np.float64(0.3265), 0), ('1228', np.float64(0.3262), 0), ('26', np.float64(0.3196), 0), ('797', np.float64(0.2957), 0), ('439', np.float64(0.2951), 0), ('1198', np.float64(0.2792), 0), ('569', np.float64(0.2465), 0), ('707', np.float64(0.2406), 0), ('655', np.float64(0.2364), 0), ('903', np.float64(0.2359), 0)]",0.0,0.0,0.0,0.009150500533610004
88,Vetorial,0,0,"[('617', np.float64(0.3901), 3), ('548', np.float64(0.3799), -1), ('613', np.float64(0.3789), 2), ('616', np.float64(0.3461), 3), ('622', np.float64(0.3087), 0), ('614', np.float64(0.2584), 2), ('615', np.float64(0.2472), 2), ('618', np.float64(0.215), 4), ('162', np.float64(0.2075), 0), ('510', np.float64(0.2061), 0)]",0.6,1.0,0.7499999999999999,0.7579365079365079
89,Vetorial,0,0,"[('793', np.float64(0.2389), 2), ('801', np.float64(0.2344), 0), ('924', np.float64(0.234), 0), ('794', np.float64(0.2338), 2), ('200', np.float64(0.226), 0), ('757', np.float64(0.2216), -1), ('205', np.float64(0.2197), 0), ('752', np.float64(0.2104), 0), ('803', np.float64(0.2051), 0), ('797', np.float64(0.2047), 3)]",0.3,0.5,0.37499999999999994,0.3655864197530864
90,Vetorial,0,0,"[('358', np.float64(0.3616), 0), ('265', np.float64(0.3468), 0), ('1364', np.float64(0.2451), 3), ('1228', np.float64(0.2444), 0), ('1187', np.float64(0.2434), 4), ('71', np.float64(0.24), 0), ('311', np.float64(0.236), 3), ('457', np.float64(0.2354), 0), ('335', np.float64(0.2304), 3), ('291', np.float64(0.2237), 3)]",0.5,0.38461538461538464,0.4347826086956522,0.29032809696556394
91,Vetorial,0,0,"[('610', np.float64(0.2735), 0), ('252', np.float64(0.2331), 2), ('799', np.float64(0.201), 3), ('526', np.float64(0.1866), 0), ('503', np.float64(0.1852), 0), ('1062', np.float64(0.1746), 0), ('879', np.float64(0.1723), 0), ('316', np.float64(0.1715), 0), ('431', np.float64(0.1576), 0), ('801', np.float64(0.1575), 2)]",0.3,0.3333333333333333,0.3157894736842105,0.24179448046178845
92,Vetorial,0,0,"[('1247', np.float64(0.2672), 3), ('758', np.float64(0.2603), -1), ('810', np.float64(0.2157), 4), ('804', np.float64(0.201), 4), ('809', np.float64(0.198), 3), ('806', np.float64(0.1896), 4), ('808', np.float64(0.1875), 3), ('1252', np.float64(0.1823), 0), ('1243', np.float64(0.1802), 4), ('28', np.float64(0.1795), 0)]",0.7,0.5384615384615384,0.608695652173913,0.5412085510579107
93,Vetorial,0,0,"[('635', np.float64(0.4289), -1), ('691', np.float64(0.2932), 3), ('68', np.float64(0.2261), 0), ('1143', np.float64(0.1915), 0), ('355', np.float64(0.1869), 0), ('302', np.float64(0.1794), 0), ('144', np.float64(0.1773), 0), ('1336', np.float64(0.1548), 0), ('1161', np.float64(0.1536), 0), ('37', np.float64(0.1468), 0)]",0.1,1.0,0.18181818181818182,0.5
94,Vetorial,0,0,"[('1393', np.float64(0.4679), 3), ('559', np.float64(0.4324), 3), ('283', np.float64(0.4216), 3), ('1161', np.float64(0.3489), 4), ('983', np.float64(0.3365), 0), ('101', np.float64(0.3325), 4), ('662', np.float64(0.3241), 0), ('366', np.float64(0.3045), 0), ('564', np.float64(0.3008), 0), ('689', np.float64(0.2926), 4)]",0.6,0.5,0.5454545454545454,0.5644765459982851
95,Vetorial,0,0,"[('662', np.float64(0.3105), 4), ('564', np.float64(0.2376), 0), ('283', np.float64(0.229), 1), ('689', np.float64(0.2251), 0), ('872', np.float64(0.2187), 0), ('635', np.float64(0.2129), -1), ('1258', np.float64(0.2076), 0), ('1395', np.float64(0.2061), 0), ('628', np.float64(0.1992), 0), ('398', np.float64(0.1914), 0)]",0.2,1.0,0.33333333333333337,0.8333333333333333
96,Vetorial,0,0,"[('699', np.float64(0.3707), 4), ('637', np.float64(0.3487), -1), ('698', np.float64(0.3242), 4), ('779', np.float64(0.2899), 3), ('1334', np.float64(0.2824), 0), ('1339', np.float64(0.2798), 4), ('465', np.float64(0.2719), 0), ('1332', np.float64(0.2647), 0), ('632', np.float64(0.2515), 0), ('700', np.float64(0.251), 4)]",0.5,0.38461538461538464,0.4347826086956522,0.3624239160403073
97,Vetorial,0,0,"[('251', np.float64(0.1725), 0), ('1214', np.float64(0.1659), 0), ('779', np.float64(0.1648), 3), ('728', np.float64(0.1497), 0), ('36', np.float64(0.1481), 0), ('1260', np.float64(0.1426), 0), ('1391', np.float64(0.1389), 0), ('1270', np.float64(0.1324), 0), ('114', np.float64(0.1314), 0), ('329', np.float64(0.1296), 0)]",0.1,0.1,0.10000000000000002,0.05574037728190895
98,Vetorial,0,0,"[('1343', np.float64(0.1884), 0), ('673', np.float64(0.1703), 0), ('638', np.float64(0.1566), -1), ('311', np.float64(0.1441), 0), ('288', np.float64(0.1362), 0), ('902', np.float64(0.1236), 0), ('315', np.float64(0.1219), 0), ('1091', np.float64(0.1196), 0), ('1095', np.float64(0.1179), 0), ('712', np.float64(0.1146), 4)]",0.1,0.2,0.13333333333333333,0.027360136768834347
99,Vetorial,0,0,"[('639', np.float64(0.2648), -1), ('376', np.float64(0.1928), 0), ('414', np.float64(0.1913), 0), ('958', np.float64(0.1856), 0), ('719', np.float64(0.1787), 2), ('613', np.float64(0.1779), 0), ('715', np.float64(0.1652), 0), ('403', np.float64(0.163), 0), ('962', np.float64(0.161), 0), ('36', np.float64(0.1543), 0)]",0.1,0.25,0.14285714285714288,0.11590064375866535
100,Vetorial,0,0,"[('822', np.float64(0.4537), 2), ('1122', np.float64(0.4286), 2), ('760', np.float64(0.4146), -1), ('741', np.float64(0.412), 0), ('1171', np.float64(0.4113), 0), ('1126', np.float64(0.4054), 0), ('1013', np.float64(0.3611), 0), ('1068', np.float64(0.3564), 0), ('739', np.float64(0.3558), 0), ('897', np.float64(0.3521), 0)]",0.2,0.2222222222222222,0.2105263157894737,0.30224836585582004
101,Vetorial,0,0,"[('817', np.float64(0.347), 2), ('820', np.float64(0.3253), 3), ('819', np.float64(0.2848), 2), ('1119', np.float64(0.2804), 0), ('823', np.float64(0.2748), 0), ('825', np.float64(0.24), 3), ('826', np.float64(0.2356), 0), ('760', np.float64(0.2302), -1), ('818', np.float64(0.2174), 2), ('837', np.float64(0.2078), 0)]",0.5,0.8333333333333334,0.625,0.747181964573269
102,Vetorial,0,0,"[('910', np.float64(0.2333), 3), ('516', np.float64(0.1499), 0), ('660', np.float64(0.1414), 0), ('728', np.float64(0.1255), 1), ('1001', np.float64(0.1254), 0), ('998', np.float64(0.1252), 0), ('1039', np.float64(0.1166), 0), ('862', np.float64(0.1144), 0), ('1007', np.float64(0.1142), 0), ('729', np.float64(0.1134), -1)]",0.2,0.5,0.28571428571428575,0.3966645885286783
103,Vetorial,0,0,"[('761', np.float64(0.5039), -1), ('770', np.float64(0.3405), 0), ('720', np.float64(0.2993), 0), ('1048', np.float64(0.2937), 0), ('1127', np.float64(0.2665), 0), ('1050', np.float64(0.2619), 0), ('1049', np.float64(0.2577), 0), ('956', np.float64(0.2527), 0), ('1126', np.float64(0.2396), 0), ('669', np.float64(0.237), 0)]",0.0,0.0,0.0,0.026266526266526265
104,Vetorial,0,0,"[('762', np.float64(0.3074), -1), ('1024', np.float64(0.2189), 0), ('29', np.float64(0.213), 0), ('462', np.float64(0.2066), 0), ('644', np.float64(0.2008), 0), ('744', np.float64(0.1959), 0), ('1294', np.float64(0.1814), 0), ('1055', np.float64(0.1725), 0), ('1042', np.float64(0.1713), 0), ('819', np.float64(0.1686), 0)]",0.0,0.0,0.0,0.029311625796934953
105,Vetorial,0,0,"[('848', np.float64(0.4849), 3), ('764', np.float64(0.4608), -1), ('847', np.float64(0.2811), 4), ('1019', np.float64(0.2448), 0), ('890', np.float64(0.232), 0), ('1129', np.float64(0.2158), 0), ('117', np.float64(0.2136), 0), ('1071', np.float64(0.2109), 0), ('846', np.float64(0.2033), 4), ('763', np.float64(0.199), 0)]",0.3,0.6,0.4,0.4159601391964568
106,Vetorial,0,0,"[('908', np.float64(0.2858), 0), ('890', np.float64(0.2696), 0), ('764', np.float64(0.2664), -1), ('1129', np.float64(0.2409), 0), ('848', np.float64(0.2372), 0), ('594', np.float64(0.2328), 0), ('844', np.float64(0.2194), 4), ('847', np.float64(0.189), 2), ('886', np.float64(0.1759), 0), ('740', np.float64(0.1739), 0)]",0.2,0.4,0.26666666666666666,0.1298605240912933
107,Vetorial,0,0,"[('640', np.float64(0.3202), -1), ('909', np.float64(0.263), 4), ('725', np.float64(0.2597), 2), ('883', np.float64(0.2107), 0), ('811', np.float64(0.2023), 0), ('51', np.float64(0.1912), 0), ('29', np.float64(0.1911), 0), ('209', np.float64(0.1892), 0), ('220', np.float64(0.1888), 0), ('1279', np.float64(0.1883), 0)]",0.2,0.2857142857142857,0.23529411764705882,0.20014271962448713
108,Vetorial,0,0,"[('75', np.float64(0.393), 3), ('720', np.float64(0.289), 4), ('726', np.float64(0.2779), 2), ('768', np.float64(0.238), 0), ('1244', np.float64(0.2174), 0), ('883', np.float64(0.2166), 0), ('884', np.float64(0.2119), 0), ('909', np.float64(0.2039), 3), ('1208', np.float64(0.2017), 0), ('881', np.float64(0.199), 0)]",0.4,0.5714285714285714,0.47058823529411764,0.6832482993197279
109,Vetorial,0,0,"[('1008', np.float64(0.3464), 0), ('31', np.float64(0.3125), 0), ('859', np.float64(0.2945), 0), ('864', np.float64(0.2694), 0), ('856', np.float64(0.2612), 0), ('711', np.float64(0.2567), 0), ('5', np.float64(0.2461), 0), ('51', np.float64(0.2333), 0), ('158', np.float64(0.2318), 0), ('857', np.float64(0.2282), 0)]",0.0,0.0,0.0,0.02613187371063259
110,Vetorial,0,0,"[('1131', np.float64(0.2939), 0), ('957', np.float64(0.2816), 0), ('1013', np.float64(0.2779), 0), ('642', np.float64(0.265), 0), ('888', np.float64(0.2636), 0), ('827', np.float64(0.2545), 0), ('897', np.float64(0.2538), 0), ('739', np.float64(0.2504), 0), ('761', np.float64(0.2486), 0), ('760', np.float64(0.2421), 0)]",0.0,0.0,0.0,0.01838558583914621
111,Vetorial,0,0,"[('894', np.float64(0.4012), -1), ('766', np.float64(0.3088), 0), ('391', np.float64(0.3021), 2), ('658', np.float64(0.2968), 3), ('858', np.float64(0.2959), 0), ('948', np.float64(0.293), 0), ('627', np.float64(0.2799), 3), ('857', np.float64(0.2784), 0), ('1131', np.float64(0.2713), 0), ('856', np.float64(0.2679), 0)]",0.3,0.42857142857142855,0.3529411764705882,0.2595345609508171
112,Vetorial,0,0,"[('641', np.float64(0.5814), -1), ('730', np.float64(0.4406), 4), ('733', np.float64(0.3294), 0), ('736', np.float64(0.3195), 0), ('734', np.float64(0.2948), 0), ('735', np.float64(0.2835), 0), ('840', np.float64(0.2826), 0), ('1370', np.float64(0.267), 0), ('155', np.float64(0.2609), 0), ('955', np.float64(0.2605), 0)]",0.1,0.5,0.16666666666666669,0.3055555555555556
113,Vetorial,0,0,"[('748', np.float64(0.2052), 3), ('716', np.float64(0.1794), 0), ('265', np.float64(0.1708), 3), ('638', np.float64(0.1652), 0), ('708', np.float64(0.1646), 0), ('1272', np.float64(0.1619), 0), ('801', np.float64(0.1559), 0), ('755', np.float64(0.1522), 0), ('503', np.float64(0.147), 0), ('815', np.float64(0.145), 0)]",0.2,0.5,0.28571428571428575,0.43594964827841537
114,Vetorial,0,0,"[('895', np.float64(0.3827), -1), ('918', np.float64(0.2034), 0), ('757', np.float64(0.1834), 0), ('1290', np.float64(0.1724), 0), ('676', np.float64(0.1709), 0), ('794', np.float64(0.1703), 0), ('1239', np.float64(0.1622), 0), ('916', np.float64(0.1619), 2), ('775', np.float64(0.1613), 0), ('666', np.float64(0.1587), 0)]",0.1,0.25,0.14285714285714288,0.052451487958275804
115,Vetorial,0,0,"[('184', np.float64(0.185), -1), ('540', np.float64(0.1825), 0), ('625', np.float64(0.174), 0), ('13', np.float64(0.1711), 0), ('494', np.float64(0.1443), 0), ('327', np.float64(0.1345), 0), ('359', np.float64(0.1318), 0), ('1186', np.float64(0.1277), 0), ('14', np.float64(0.126), 0), ('730', np.float64(0.1246), 0)]",0.0,0.0,0.0,0.014347703044511554
116,Vetorial,0,0,"[('522', np.float64(0.3554), 0), ('605', np.float64(0.3487), 3), ('48', np.float64(0.3457), 0), ('1038', np.float64(0.3201), 0), ('1303', np.float64(0.3168), 0), ('423', np.float64(0.2973), 0), ('384', np.float64(0.289), 0), ('1218', np.float64(0.2689), 0), ('801', np.float64(0.2593), 0), ('123', np.float64(0.2577), 0)]",0.1,0.2,0.13333333333333333,0.12305074857784529
117,Vetorial,0,0,"[('229', np.float64(0.3034), 0), ('230', np.float64(0.2871), 0), ('60', np.float64(0.2427), 0), ('782', np.float64(0.2425), 0), ('196', np.float64(0.2333), 0), ('924', np.float64(0.231), 0), ('927', np.float64(0.2248), 0), ('282', np.float64(0.2127), 0), ('1304', np.float64(0.2122), 0), ('1239', np.float64(0.2012), 0)]",0.0,0.0,0.0,0.023697302958889763
118,Vetorial,0,0,"[('545', np.float64(0.3321), 0), ('803', np.float64(0.3256), 0), ('1239', np.float64(0.265), 0), ('923', np.float64(0.2643), 2), ('1243', np.float64(0.2501), 0), ('1062', np.float64(0.2495), 0), ('1112', np.float64(0.2281), 0), ('360', np.float64(0.2146), 0), ('701', np.float64(0.2108), 0), ('610', np.float64(0.2082), 0)]",0.1,0.3333333333333333,0.15384615384615383,0.12794612794612795
119,Vetorial,0,0,"[('926', np.float64(0.2777), 4), ('928', np.float64(0.2417), 0), ('763', np.float64(0.2101), 0), ('1068', np.float64(0.2027), 0), ('827', np.float64(0.2014), 0), ('1132', np.float64(0.1988), 0), ('739', np.float64(0.1977), 0), ('744', np.float64(0.1976), 0), ('897', np.float64(0.1946), -1), ('1034', np.float64(0.1913), 0)]",0.1,1.0,0.18181818181818182,1.0
120,Vetorial,0,0,"[('887', np.float64(0.3903), 2), ('769', np.float64(0.3351), -1), ('1146', np.float64(0.2967), 2), ('897', np.float64(0.2814), 0), ('741', np.float64(0.2698), 0), ('885', np.float64(0.2672), 3), ('760', np.float64(0.2495), 0), ('739', np.float64(0.2491), 0), ('888', np.float64(0.2389), 3), ('889', np.float64(0.2281), 4)]",0.5,0.5555555555555556,0.5263157894736842,0.4909290881803059
121,Vetorial,0,0,"[('1146', np.float64(0.298), 2), ('887', np.float64(0.2936), 1), ('888', np.float64(0.2368), 1), ('31', np.float64(0.2268), 0), ('769', np.float64(0.2129), -1), ('885', np.float64(0.2084), 1), ('1178', np.float64(0.1912), 0), ('957', np.float64(0.1885), 0), ('837', np.float64(0.1858), 0), ('739', np.float64(0.1797), 0)]",0.4,0.5714285714285714,0.47058823529411764,0.6426282051282051
122,Vetorial,0,0,"[('898', np.float64(0.3117), -1), ('1070', np.float64(0.2668), 0), ('1068', np.float64(0.2425), 0), ('930', np.float64(0.218), 0), ('934', np.float64(0.2178), 4), ('1287', np.float64(0.2149), 0), ('938', np.float64(0.1999), 2), ('633', np.float64(0.1935), 0), ('826', np.float64(0.1909), 0), ('1059', np.float64(0.1908), 0)]",0.2,0.2222222222222222,0.2105263157894737,0.14191072233864763
123,Vetorial,0,0,"[('1360', np.float64(0.2544), 0), ('775', np.float64(0.1994), 0), ('1221', np.float64(0.1854), 0), ('537', np.float64(0.1724), 0), ('34', np.float64(0.1685), 0), ('389', np.float64(0.1673), 0), ('305', np.float64(0.1575), 0), ('1222', np.float64(0.1562), 0), ('196', np.float64(0.155), 0), ('131', np.float64(0.152), 0)]",0.0,0.0,0.0,0.05220125786163522
124,Vetorial,0,0,"[('941', np.float64(0.3683), -1), ('898', np.float64(0.2118), 0), ('1068', np.float64(0.2113), 0), ('442', np.float64(0.1866), 0), ('1287', np.float64(0.182), 0), ('1070', np.float64(0.1815), 0), ('73', np.float64(0.1792), 0), ('625', np.float64(0.1764), 0), ('934', np.float64(0.1711), 0), ('404', np.float64(0.1686), 0)]",0.0,0.0,0.0,0.003418295792682243
125,Vetorial,0,0,"[('610', np.float64(0.257), 0), ('997', np.float64(0.2482), 2), ('1195', np.float64(0.2443), 0), ('993', np.float64(0.2376), 0), ('695', np.float64(0.2367), 0), ('176', np.float64(0.201), 3), ('1352', np.float64(0.2003), 0), ('1349', np.float64(0.192), 0), ('1292', np.float64(0.1913), 0), ('519', np.float64(0.1852), 0)]",0.2,0.11764705882352941,0.14814814814814817,0.23699961997453312
126,Vetorial,0,0,"[('1326', np.float64(0.2717), 2), ('1095', np.float64(0.2695), 0), ('974', np.float64(0.2562), 2), ('397', np.float64(0.2075), 0), ('1265', np.float64(0.1964), 0), ('1288', np.float64(0.1945), 0), ('773', np.float64(0.1863), 0), ('628', np.float64(0.1796), 0), ('338', np.float64(0.1633), 0), ('125', np.float64(0.156), 0)]",0.2,0.25,0.22222222222222224,0.22301345544074302
127,Vetorial,0,0,"[('5', np.float64(0.2645), 0), ('6', np.float64(0.2485), 0), ('981', np.float64(0.2358), 3), ('585', np.float64(0.2013), 0), ('1207', np.float64(0.1954), 0), ('962', np.float64(0.1835), 0), ('872', np.float64(0.1826), 0), ('869', np.float64(0.1771), 0), ('399', np.float64(0.1763), 0), ('1073', np.float64(0.1749), 0)]",0.1,0.2,0.13333333333333333,0.10519359747542004
128,Vetorial,0,0,"[('945', np.float64(0.4281), -1), ('1063', np.float64(0.222), 0), ('745', np.float64(0.1668), 0), ('988', np.float64(0.1581), 0), ('111', np.float64(0.1579), 0), ('92', np.float64(0.1429), 0), ('429', np.float64(0.1345), 0), ('248', np.float64(0.1337), 0), ('762', np.float64(0.1243), 0), ('1043', np.float64(0.1143), 0)]",0.0,0.0,0.0,0.027926421404682274
129,Vetorial,0,0,"[('945', np.float64(0.3393), -1), ('988', np.float64(0.3029), 3), ('987', np.float64(0.237), 2), ('1281', np.float64(0.1898), 0), ('527', np.float64(0.1828), 0), ('989', np.float64(0.1669), 3), ('985', np.float64(0.1629), 2), ('4', np.float64(0.1512), 0), ('637', np.float64(0.1474), 0), ('660', np.float64(0.1462), 0)]",0.4,0.5714285714285714,0.47058823529411764,0.3418650793650793
130,Vetorial,0,0,"[('859', np.float64(0.388), 3), ('1008', np.float64(0.338), 3), ('766', np.float64(0.3162), 2), ('948', np.float64(0.2918), -1), ('856', np.float64(0.2838), 0), ('391', np.float64(0.2521), 0), ('857', np.float64(0.2442), 0), ('864', np.float64(0.2323), 0), ('202', np.float64(0.2291), 0), ('858', np.float64(0.2286), 3)]",0.4,0.8,0.5333333333333333,0.6810834236186348
131,Vetorial,0,0,"[('1021', np.float64(0.3626), 0), ('950', np.float64(0.3384), -1), ('1014', np.float64(0.2476), 2), ('1026', np.float64(0.2365), 0), ('1023', np.float64(0.2355), 0), ('952', np.float64(0.2323), 0), ('1029', np.float64(0.2087), 0), ('1017', np.float64(0.1876), 3), ('1028', np.float64(0.179), 0), ('1020', np.float64(0.171), 2)]",0.3,0.375,0.33333333333333326,0.24203317901234567
132,Vetorial,0,0,"[('1026', np.float64(0.4575), 3), ('1013', np.float64(0.4409), 3), ('1015', np.float64(0.3969), 3), ('1021', np.float64(0.3905), 0), ('1023', np.float64(0.3775), 3), ('1020', np.float64(0.377), 4), ('1014', np.float64(0.3606), 1), ('1028', np.float64(0.3468), 0), ('951', np.float64(0.3191), 3), ('1017', np.float64(0.3118), 3)]",0.8,0.5333333333333333,0.64,0.6924004699004699
133,Vetorial,0,0,"[('1026', np.float64(0.4655), 0), ('1013', np.float64(0.4486), 0), ('1015', np.float64(0.4038), 0), ('1023', np.float64(0.3841), 0), ('1020', np.float64(0.3836), 1), ('1014', np.float64(0.3669), 0), ('1028', np.float64(0.3628), 0), ('951', np.float64(0.3453), 0), ('1021', np.float64(0.3305), 0), ('871', np.float64(0.3086), 0)]",0.1,0.14285714285714285,0.11764705882352941,0.1569872941919874
134,Vetorial,0,0,"[('951', np.float64(0.3185), -1), ('1013', np.float64(0.2863), 0), ('1026', np.float64(0.2717), 0), ('1015', np.float64(0.2658), 0), ('1014', np.float64(0.2647), 0), ('1028', np.float64(0.2554), 3), ('1020', np.float64(0.2537), 0), ('1023', np.float64(0.2517), 0), ('1012', np.float64(0.2497), 0), ('866', np.float64(0.2308), 0)]",0.1,0.5,0.16666666666666669,0.125
135,Vetorial,0,0,"[('1026', np.float64(0.5405), 4), ('1013', np.float64(0.4582), 0), ('1029', np.float64(0.4475), 0), ('1020', np.float64(0.4375), 0), ('951', np.float64(0.4312), -1), ('1023', np.float64(0.4103), 4), ('1014', np.float64(0.3922), 0), ('1015', np.float64(0.3781), 0), ('1017', np.float64(0.3614), 4), ('1021', np.float64(0.356), 0)]",0.3,0.375,0.33333333333333326,0.3971821522131119
136,Vetorial,0,0,"[('951', np.float64(0.3547), -1), ('1026', np.float64(0.3256), 0), ('1033', np.float64(0.3143), 0), ('1013', np.float64(0.3058), 0), ('1021', np.float64(0.3014), 1), ('1125', np.float64(0.2942), 0), ('1015', np.float64(0.2879), 0), ('1020', np.float64(0.2848), 0), ('1023', np.float64(0.2752), 0), ('1028', np.float64(0.2597), 0)]",0.1,0.3333333333333333,0.15384615384615383,0.09691857849752587
137,Vetorial,0,0,"[('952', np.float64(0.4634), -1), ('1023', np.float64(0.388), 0), ('1026', np.float64(0.3771), 0), ('1021', np.float64(0.3178), 3), ('1015', np.float64(0.2391), 0), ('1028', np.float64(0.2381), 0), ('1024', np.float64(0.2348), 0), ('1013', np.float64(0.2292), 0), ('1020', np.float64(0.2231), 0), ('1034', np.float64(0.2197), 3)]",0.2,0.5,0.28571428571428575,0.20937499999999998
138,Vetorial,0,0,"[('897', np.float64(0.3417), 0), ('889', np.float64(0.3244), 0), ('844', np.float64(0.3228), 0), ('953', np.float64(0.3022), -1), ('826', np.float64(0.29), 0), ('841', np.float64(0.2662), 0), ('743', np.float64(0.262), 0), ('1068', np.float64(0.2607), 0), ('908', np.float64(0.2592), 0), ('851', np.float64(0.256), 0)]",0.0,0.0,0.0,0.0224390243902439
139,Vetorial,0,0,"[('826', np.float64(0.3807), 0), ('897', np.float64(0.3368), 0), ('844', np.float64(0.3278), 0), ('887', np.float64(0.2998), 0), ('131', np.float64(0.2896), 0), ('953', np.float64(0.2831), -1), ('1068', np.float64(0.2766), 0), ('1038', np.float64(0.2754), 0), ('889', np.float64(0.2702), 0), ('760', np.float64(0.2672), 0)]",0.0,0.0,0.0,0.003765132449676343
140,Vetorial,0,0,"[('954', np.float64(0.3483), -1), ('1045', np.float64(0.2363), 0), ('1038', np.float64(0.1975), 1), ('839', np.float64(0.177), 0), ('497', np.float64(0.1619), 0), ('955', np.float64(0.1498), 0), ('870', np.float64(0.1485), 0), ('885', np.float64(0.1394), 0), ('887', np.float64(0.1382), 0), ('720', np.float64(0.126), 0)]",0.1,0.16666666666666666,0.125,0.07921911496326615
141,Vetorial,0,0,"[('889', np.float64(0.2444), 0), ('851', np.float64(0.2057), 0), ('1043', np.float64(0.2048), 2), ('843', np.float64(0.201), 0), ('743', np.float64(0.1997), 0), ('1038', np.float64(0.1866), 1), ('930', np.float64(0.1824), 0), ('1135', np.float64(0.1803), 0), ('885', np.float64(0.18), 0), ('1044', np.float64(0.1748), 2)]",0.3,0.5,0.37499999999999994,0.1850845491491415
142,Vetorial,0,0,"[('954', np.float64(0.2053), -1), ('827', np.float64(0.1574), 0), ('1125', np.float64(0.1367), 0), ('887', np.float64(0.131), 0), ('885', np.float64(0.1262), 0), ('769', np.float64(0.1114), 0), ('870', np.float64(0.109), 0), ('1068', np.float64(0.1078), 0), ('890', np.float64(0.1051), 0), ('765', np.float64(0.1027), 0)]",0.0,0.0,0.0,0.0014577259475218659
143,Vetorial,0,0,"[('1045', np.float64(0.2944), 0), ('889', np.float64(0.2651), 0), ('1043', np.float64(0.2587), 1), ('954', np.float64(0.2472), -1), ('930', np.float64(0.2442), 0), ('839', np.float64(0.241), 0), ('955', np.float64(0.2395), 0), ('1051', np.float64(0.2263), 0), ('1044', np.float64(0.2204), 1), ('843', np.float64(0.2157), 0)]",0.2,1.0,0.33333333333333337,0.2777777777777778
144,Vetorial,0,0,"[('1045', np.float64(0.3943), 2), ('839', np.float64(0.3009), 3), ('955', np.float64(0.2989), -1), ('763', np.float64(0.2852), 3), ('1046', np.float64(0.2204), 0), ('838', np.float64(0.2166), 3), ('840', np.float64(0.2138), 2), ('1176', np.float64(0.1842), 0), ('846', np.float64(0.1807), 0), ('1363', np.float64(0.1802), 0)]",0.5,0.8333333333333334,0.625,0.7654151404151404
145,Vetorial,0,0,"[('1045', np.float64(0.4427), 3), ('839', np.float64(0.3914), 2), ('1051', np.float64(0.307), 0), ('763', np.float64(0.2617), 2), ('838', np.float64(0.2599), 2), ('1046', np.float64(0.2523), 0), ('955', np.float64(0.2357), -1), ('1118', np.float64(0.201), 0), ('1116', np.float64(0.1953), 0), ('1121', np.float64(0.1904), 0)]",0.4,0.5714285714285714,0.47058823529411764,0.5522244878409263
146,Vetorial,0,0,"[('1045', np.float64(0.5664), 3), ('955', np.float64(0.4667), -1), ('840', np.float64(0.3763), 1), ('641', np.float64(0.2979), 0), ('839', np.float64(0.2847), 0), ('730', np.float64(0.253), 0), ('854', np.float64(0.2187), 0), ('763', np.float64(0.2149), 0), ('1046', np.float64(0.204), 0), ('1175', np.float64(0.2007), 0)]",0.2,1.0,0.33333333333333337,0.8333333333333333
147,Vetorial,0,0,"[('956', np.float64(0.5435), -1), ('1050', np.float64(0.4909), 3), ('1049', np.float64(0.3344), 4), ('1128', np.float64(0.2513), 0), ('191', np.float64(0.2345), 0), ('1358', np.float64(0.2338), 0), ('843', np.float64(0.2221), 3), ('1127', np.float64(0.2042), 0), ('720', np.float64(0.2021), 0), ('1172', np.float64(0.1999), 0)]",0.3,0.3,0.3,0.24164927406582368
148,Vetorial,0,0,"[('1048', np.float64(0.4668), 2), ('956', np.float64(0.355), -1), ('761', np.float64(0.2879), 0), ('1126', np.float64(0.2829), 0), ('1050', np.float64(0.2718), 2), ('720', np.float64(0.252), 0), ('763', np.float64(0.2307), 0), ('827', np.float64(0.2276), 0), ('739', np.float64(0.2216), 0), ('1049', np.float64(0.2196), 3)]",0.3,0.5,0.37499999999999994,0.3608974358974359
149,Vetorial,0,0,"[('1070', np.float64(0.3052), 0), ('930', np.float64(0.3021), 3), ('926', np.float64(0.2288), 0), ('898', np.float64(0.2194), 0), ('1058', np.float64(0.2172), 3), ('826', np.float64(0.2145), 0), ('633', np.float64(0.2102), 0), ('1051', np.float64(0.2001), 0), ('1059', np.float64(0.1973), 3), ('934', np.float64(0.1939), 3)]",0.4,0.36363636363636365,0.380952380952381,0.3333912206509704
150,Vetorial,0,0,"[('1062', np.float64(0.5182), -1), ('1074', np.float64(0.4279), 3), ('1075', np.float64(0.4174), 3), ('1243', np.float64(0.3225), 0), ('1239', np.float64(0.3089), 0), ('610', np.float64(0.2943), 0), ('924', np.float64(0.2694), 0), ('1259', np.float64(0.2675), 0), ('923', np.float64(0.2637), 0), ('1108', np.float64(0.2506), 0)]",0.2,1.0,0.33333333333333337,0.5833333333333333
151,Vetorial,0,0,"[('783', np.float64(0.2247), 0), ('924', np.float64(0.2193), 0), ('794', np.float64(0.2167), 0), ('1246', np.float64(0.2147), 0), ('433', np.float64(0.2078), 0), ('52', np.float64(0.2041), 0), ('251', np.float64(0.2002), 0), ('1239', np.float64(0.1947), 0), ('222', np.float64(0.1911), 0), ('1248', np.float64(0.1899), 0)]",0.0,0.0,0.0,0.023695443921759658
152,Vetorial,0,0,"[('671', np.float64(0.2965), 0), ('1225', np.float64(0.2433), 0), ('94', np.float64(0.2378), 0), ('1382', np.float64(0.2357), 0), ('794', np.float64(0.2347), 0), ('1062', np.float64(0.233), -1), ('4', np.float64(0.2276), 0), ('364', np.float64(0.2241), 0), ('696', np.float64(0.2224), 0), ('1076', np.float64(0.2209), 1)]",0.1,0.16666666666666666,0.125,0.03591116671397175
153,Vetorial,0,0,"[('1063', np.float64(0.4446), -1), ('1085', np.float64(0.2778), 3), ('1081', np.float64(0.2503), 4), ('393', np.float64(0.1968), 0), ('551', np.float64(0.1966), 0), ('1082', np.float64(0.1908), 4), ('149', np.float64(0.1898), 0), ('117', np.float64(0.1825), 0), ('394', np.float64(0.1823), 0), ('323', np.float64(0.1645), 0)]",0.3,0.42857142857142855,0.3529411764705882,0.26978240340242676
154,Vetorial,0,0,"[('1088', np.float64(0.2729), 3), ('1054', np.float64(0.2724), 0), ('1087', np.float64(0.2499), 2), ('1055', np.float64(0.2426), 0), ('1086', np.float64(0.2164), 0), ('111', np.float64(0.2077), 0), ('1262', np.float64(0.1927), 0), ('1063', np.float64(0.1834), -1), ('551', np.float64(0.1706), 0), ('777', np.float64(0.1373), 0)]",0.2,1.0,0.33333333333333337,0.8333333333333333
155,Vetorial,0,0,"[('1099', np.float64(0.2693), 4), ('1101', np.float64(0.2476), 3), ('1097', np.float64(0.2162), 0), ('553', np.float64(0.204), 0), ('810', np.float64(0.2009), 0), ('1100', np.float64(0.1752), 2), ('1065', np.float64(0.1749), -1), ('804', np.float64(0.1675), 0), ('598', np.float64(0.1561), 0), ('1226', np.float64(0.1225), 0)]",0.3,0.5,0.37499999999999994,0.42214838538367955
156,Vetorial,0,0,"[('1097', np.float64(0.3139), 2), ('1099', np.float64(0.2889), 3), ('1096', np.float64(0.25), 3), ('553', np.float64(0.2434), 2), ('1100', np.float64(0.1916), 2), ('1065', np.float64(0.1744), -1), ('1101', np.float64(0.1483), 3), ('1098', np.float64(0.1458), 3), ('534', np.float64(0.1337), 0), ('866', np.float64(0.132), 0)]",0.7,0.5,0.5833333333333334,0.5555654953434442
157,Vetorial,0,0,"[('1006', np.float64(0.3988), -1), ('318', np.float64(0.2672), 3), ('498', np.float64(0.2551), 0), ('369', np.float64(0.249), 3), ('372', np.float64(0.2433), 2), ('1393', np.float64(0.2338), 0), ('25', np.float64(0.2322), 2), ('160', np.float64(0.2299), 3), ('456', np.float64(0.2201), 2), ('161', np.float64(0.2164), 3)]",0.7,0.1794871794871795,0.2857142857142857,0.3054519938727902
158,Vetorial,0,0,"[('302', np.float64(0.2922), 1), ('949', np.float64(0.2011), 0), ('1199', np.float64(0.1948), 0), ('462', np.float64(0.1916), 0), ('328', np.float64(0.1861), 0), ('691', np.float64(0.1851), 0), ('552', np.float64(0.1847), 2), ('59', np.float64(0.1685), 0), ('259', np.float64(0.1655), 0), ('1072', np.float64(0.1606), 0)]",0.2,0.25,0.22222222222222224,0.19983404004923697
159,Vetorial,0,0,"[('1066', np.float64(0.352), -1), ('1197', np.float64(0.2992), 0), ('1112', np.float64(0.2573), 3), ('723', np.float64(0.2181), 0), ('801', np.float64(0.2097), 0), ('716', np.float64(0.2052), 0), ('844', np.float64(0.2014), 0), ('895', np.float64(0.193), 0), ('1321', np.float64(0.1896), 0), ('1259', np.float64(0.1893), 0)]",0.1,0.125,0.11111111111111112,0.08168374645218282
160,Vetorial,0,0,"[('1071', np.float64(0.4432), -1), ('885', np.float64(0.386), 0), ('890', np.float64(0.3747), 0), ('769', np.float64(0.2628), 0), ('739', np.float64(0.2567), 0), ('740', np.float64(0.2506), 0), ('887', np.float64(0.25), 0), ('1172', np.float64(0.2393), 0), ('400', np.float64(0.2317), 0), ('848', np.float64(0.2301), 0)]",0.0,0.0,0.0,0.03659959643490266
161,Vetorial,0,0,"[('1386', np.float64(0.357), 2), ('1185', np.float64(0.3079), 0), ('1192', np.float64(0.3078), 0), ('460', np.float64(0.3036), 0), ('55', np.float64(0.2898), 4), ('54', np.float64(0.2813), 2), ('145', np.float64(0.2803), 0), ('435', np.float64(0.2789), 0), ('959', np.float64(0.2579), 0), ('406', np.float64(0.2485), 0)]",0.3,0.5,0.37499999999999994,0.33673952151465797
162,Vetorial,0,0,"[('55', np.float64(0.3535), 0), ('460', np.float64(0.3379), 2), ('559', np.float64(0.3026), 0), ('959', np.float64(0.2884), 0), ('1386', np.float64(0.2715), 0), ('366', np.float64(0.2692), 0), ('461', np.float64(0.2675), 2), ('145', np.float64(0.2647), 0), ('365', np.float64(0.2574), 0), ('1149', np.float64(0.253), 0)]",0.2,0.25,0.22222222222222224,0.1588153815943591
163,Vetorial,0,0,"[('492', np.float64(0.6053), -1), ('56', np.float64(0.3113), 3), ('434', np.float64(0.3107), 0), ('57', np.float64(0.309), 3), ('1231', np.float64(0.2807), 0), ('232', np.float64(0.2806), 0), ('1040', np.float64(0.2751), 0), ('124', np.float64(0.2723), 0), ('1186', np.float64(0.2658), 0), ('973', np.float64(0.2601), 0)]",0.2,0.6666666666666666,0.30769230769230765,0.33560606060606063
164,Vetorial,0,0,"[('358', np.float64(0.2855), 0), ('311', np.float64(0.2434), 2), ('503', np.float64(0.2381), -1), ('265', np.float64(0.2316), 0), ('1364', np.float64(0.2139), 3), ('415', np.float64(0.1974), 3), ('1383', np.float64(0.192), 0), ('457', np.float64(0.1891), 0), ('170', np.float64(0.187), 0), ('335', np.float64(0.1857), 4)]",0.4,0.5,0.4444444444444445,0.3534675198627663
165,Vetorial,0,0,"[('504', np.float64(0.2914), -1), ('72', np.float64(0.2332), 1), ('978', np.float64(0.2251), 0), ('569', np.float64(0.2242), 0), ('71', np.float64(0.2236), 1), ('1276', np.float64(0.216), 0), ('256', np.float64(0.2154), 0), ('326', np.float64(0.2118), 0), ('376', np.float64(0.2097), 0), ('671', np.float64(0.1995), 0)]",0.2,1.0,0.33333333333333337,0.45
166,Vetorial,0,0,"[('504', np.float64(0.3431), -1), ('256', np.float64(0.2749), 0), ('72', np.float64(0.2547), 0), ('1276', np.float64(0.2517), 0), ('334', np.float64(0.2431), 0), ('569', np.float64(0.2413), 0), ('326', np.float64(0.2391), 0), ('1220', np.float64(0.2368), 0), ('55', np.float64(0.2358), 0), ('1303', np.float64(0.2306), 0)]",0.0,0.0,0.0,0.0235434037063935
167,Vetorial,0,0,"[('553', np.float64(0.2585), 0), ('1279', np.float64(0.219), 0), ('1147', np.float64(0.1556), 0), ('1157', np.float64(0.1549), 0), ('877', np.float64(0.1454), 0), ('84', np.float64(0.1443), 0), ('1043', np.float64(0.1442), 0), ('1100', np.float64(0.1387), 0), ('537', np.float64(0.1318), 0), ('1241', np.float64(0.1263), 0)]",0.0,0.0,0.0,0.05846153846153847
168,Vetorial,0,0,"[('750', np.float64(0.3925), -1), ('965', np.float64(0.3238), 0), ('341', np.float64(0.3214), 0), ('118', np.float64(0.3021), 0), ('217', np.float64(0.3018), 1), ('1187', np.float64(0.2874), 0), ('157', np.float64(0.2794), 0), ('404', np.float64(0.2482), 0), ('173', np.float64(0.2473), 0), ('738', np.float64(0.2458), 0)]",0.1,0.5,0.16666666666666669,0.10261096605744126
169,Vetorial,0,0,"[('750', np.float64(0.3435), -1), ('965', np.float64(0.2792), 0), ('341', np.float64(0.2655), 0), ('118', np.float64(0.2589), 1), ('157', np.float64(0.2542), 1), ('217', np.float64(0.2517), 0), ('1187', np.float64(0.2327), 0), ('738', np.float64(0.2178), 0), ('173', np.float64(0.2086), 0), ('970', np.float64(0.2067), 0)]",0.2,0.5,0.28571428571428575,0.17680491551459293
170,Vetorial,0,0,"[('893', np.float64(0.2216), -1), ('904', np.float64(0.2163), 3), ('905', np.float64(0.2077), 0), ('139', np.float64(0.1998), 2), ('238', np.float64(0.1859), 2), ('140', np.float64(0.1726), 0), ('239', np.float64(0.1565), 3), ('1082', np.float64(0.1534), 0), ('175', np.float64(0.1473), 0), ('1033', np.float64(0.146), 0)]",0.4,0.6666666666666666,0.5,0.43524025693286394
171,Vetorial,0,0,"[('516', np.float64(0.3959), -1), ('431', np.float64(0.3515), 1), ('252', np.float64(0.2717), 1), ('141', np.float64(0.2617), 4), ('714', np.float64(0.2185), 0), ('1153', np.float64(0.2183), 0), ('808', np.float64(0.2132), 0), ('672', np.float64(0.2125), 0), ('1155', np.float64(0.212), 0), ('594', np.float64(0.2007), 0)]",0.3,1.0,0.4615384615384615,0.6388888888888888
172,Vetorial,0,0,"[('527', np.float64(0.6278), -1), ('320', np.float64(0.6049), 1), ('322', np.float64(0.4255), 3), ('321', np.float64(0.3937), 1), ('476', np.float64(0.3037), 3), ('1370', np.float64(0.2902), 0), ('478', np.float64(0.2861), 0), ('1235', np.float64(0.2553), 0), ('366', np.float64(0.2413), 0), ('1281', np.float64(0.2407), 0)]",0.4,1.0,0.5714285714285715,0.6791666666666667
173,Vetorial,0,0,"[('532', np.float64(0.4215), -1), ('367', np.float64(0.3057), 1), ('451', np.float64(0.2808), 1), ('293', np.float64(0.162), 0), ('1192', np.float64(0.1608), 0), ('1054', np.float64(0.16), 0), ('1240', np.float64(0.1502), 0), ('1086', np.float64(0.1499), 0), ('777', np.float64(0.1466), 0), ('91', np.float64(0.1438), 0)]",0.2,1.0,0.33333333333333337,0.5833333333333333
174,Vetorial,0,0,"[('483', np.float64(0.3729), 0), ('1274', np.float64(0.2003), 0), ('1319', np.float64(0.1954), 0), ('501', np.float64(0.193), 0), ('35', np.float64(0.1686), 0), ('411', np.float64(0.1555), 1), ('533', np.float64(0.1537), -1), ('178', np.float64(0.1342), 0), ('46', np.float64(0.1262), 0), ('1157', np.float64(0.1227), 0)]",0.1,0.2,0.13333333333333333,0.05830804299114158
175,Vetorial,0,0,"[('941', np.float64(0.5511), -1), ('139', np.float64(0.2824), 0), ('238', np.float64(0.2282), 0), ('1256', np.float64(0.2262), 0), ('491', np.float64(0.2231), 0), ('270', np.float64(0.2197), 0), ('9', np.float64(0.2148), 0), ('1191', np.float64(0.2114), 0), ('666', np.float64(0.2037), 0), ('1078', np.float64(0.1901), 0)]",0.0,0.0,0.0,0.027666309373009623
176,Vetorial,0,0,"[('963', np.float64(0.3054), 0), ('542', np.float64(0.2997), -1), ('1073', np.float64(0.2008), 0), ('5', np.float64(0.1974), 0), ('181', np.float64(0.1628), 0), ('586', np.float64(0.1563), 1), ('981', np.float64(0.1411), 0), ('869', np.float64(0.1367), 0), ('707', np.float64(0.1352), 0), ('160', np.float64(0.1314), 0)]",0.1,0.14285714285714285,0.11764705882352941,0.05952301262092276
177,Vetorial,0,0,"[('590', np.float64(0.3264), 4), ('543', np.float64(0.3128), -1), ('589', np.float64(0.2658), 2), ('588', np.float64(0.2626), 2), ('216', np.float64(0.2258), 0), ('576', np.float64(0.2127), 0), ('591', np.float64(0.2069), 0), ('138', np.float64(0.1991), 0), ('237', np.float64(0.1977), 0), ('426', np.float64(0.1869), 0)]",0.3,0.6,0.4,0.6214285714285714
178,Vetorial,0,0,"[('591', np.float64(0.2778), 1), ('589', np.float64(0.2348), 4), ('138', np.float64(0.2038), 0), ('216', np.float64(0.1942), 0), ('543', np.float64(0.1848), -1), ('1155', np.float64(0.1827), 0), ('590', np.float64(0.1774), 3), ('237', np.float64(0.1765), 0), ('31', np.float64(0.1569), 0), ('772', np.float64(0.151), 0)]",0.3,0.75,0.4285714285714285,0.6738095238095237
179,Vetorial,0,0,"[('633', np.float64(0.3882), -1), ('680', np.float64(0.2519), 3), ('428', np.float64(0.2278), 0), ('224', np.float64(0.2166), 0), ('682', np.float64(0.2148), 3), ('227', np.float64(0.205), 0), ('49', np.float64(0.1851), 0), ('122', np.float64(0.1785), 0), ('512', np.float64(0.1738), 0), ('918', np.float64(0.1726), 0)]",0.2,0.5,0.28571428571428575,0.23849761718043072
180,Vetorial,0,0,"[('548', np.float64(0.3103), -1), ('616', np.float64(0.2475), 4), ('613', np.float64(0.2435), 0), ('622', np.float64(0.222), 2), ('617', np.float64(0.1975), 4), ('314', np.float64(0.1916), 0), ('614', np.float64(0.1814), 0), ('218', np.float64(0.159), 0), ('1391', np.float64(0.1491), 0), ('874', np.float64(0.1276), 0)]",0.3,0.42857142857142855,0.3529411764705882,0.2855440940667396
181,Vetorial,0,0,"[('610', np.float64(0.2866), 0), ('1195', np.float64(0.2848), 0), ('997', np.float64(0.2816), 3), ('695', np.float64(0.2612), 0), ('993', np.float64(0.2551), 0), ('1352', np.float64(0.2158), 0), ('1062', np.float64(0.212), 0), ('1292', np.float64(0.2111), 0), ('176', np.float64(0.2051), 0), ('519', np.float64(0.2043), 0)]",0.1,0.2,0.13333333333333333,0.13132156865290298
182,Vetorial,0,0,"[('634', np.float64(0.661), -1), ('685', np.float64(0.5152), 1), ('593', np.float64(0.288), 0), ('655', np.float64(0.2499), 0), ('572', np.float64(0.241), 0), ('440', np.float64(0.2394), 0), ('686', np.float64(0.2394), 3), ('797', np.float64(0.2275), 0), ('1300', np.float64(0.2256), 0), ('334', np.float64(0.225), 0)]",0.2,1.0,0.33333333333333337,0.39285714285714285
183,Vetorial,0,0,"[('1247', np.float64(0.2099), 4), ('758', np.float64(0.1984), -1), ('1243', np.float64(0.1792), 4), ('809', np.float64(0.1772), 1), ('808', np.float64(0.1711), 1), ('804', np.float64(0.1668), 4), ('175', np.float64(0.1436), 0), ('374', np.float64(0.1411), 0), ('39', np.float64(0.1271), 0), ('1287', np.float64(0.1235), 0)]",0.5,0.38461538461538464,0.4347826086956522,0.41114422498600367
184,Vetorial,0,0,"[('554', np.float64(0.2377), 0), ('82', np.float64(0.1812), 0), ('813', np.float64(0.1779), 0), ('1113', np.float64(0.1596), 0), ('509', np.float64(0.1451), 0), ('1348', np.float64(0.1391), 0), ('1217', np.float64(0.1364), 0), ('1219', np.float64(0.1335), 0), ('978', np.float64(0.1256), 0), ('895', np.float64(0.1237), 0)]",0.0,0.0,0.0,0.07380878794411692
185,Vetorial,0,0,"[('856', np.float64(0.494), 3), ('391', np.float64(0.4862), 0), ('858', np.float64(0.4617), 2), ('766', np.float64(0.4545), 2), ('948', np.float64(0.4518), -1), ('857', np.float64(0.4286), 2), ('859', np.float64(0.3831), 2), ('1008', np.float64(0.3821), 3), ('658', np.float64(0.3719), 0), ('627', np.float64(0.3421), 0)]",0.6,0.6666666666666666,0.631578947368421,0.6871091871091871
186,Vetorial,0,0,"[('1062', np.float64(0.3291), 3), ('1243', np.float64(0.2729), 0), ('610', np.float64(0.2671), 0), ('1239', np.float64(0.2315), 0), ('1075', np.float64(0.2308), 3), ('803', np.float64(0.2031), 0), ('924', np.float64(0.187), 3), ('923', np.float64(0.1858), 3), ('1074', np.float64(0.178), 3), ('432', np.float64(0.1585), 0)]",0.5,0.3125,0.38461538461538464,0.20353613865768885
187,Vetorial,0,0,"[('763', np.float64(0.4858), -1), ('841', np.float64(0.4121), 0), ('897', np.float64(0.3537), 0), ('1068', np.float64(0.3285), 0), ('1126', np.float64(0.326), 0), ('743', np.float64(0.2947), 4), ('1071', np.float64(0.2876), 0), ('839', np.float64(0.2849), 3), ('741', np.float64(0.2788), 0), ('936', np.float64(0.2782), 0)]",0.2,0.3333333333333333,0.25,0.09825672292985071
188,Vetorial,0,0,"[('725', np.float64(0.265), 2), ('722', np.float64(0.2194), 2), ('1360', np.float64(0.2068), 0), ('640', np.float64(0.1991), -1), ('909', np.float64(0.1846), 3), ('1279', np.float64(0.182), 0), ('220', np.float64(0.1703), 0), ('1270', np.float64(0.1621), 0), ('209', np.float64(0.1597), 0), ('811', np.float64(0.1586), 0)]",0.3,0.2727272727272727,0.28571428571428564,0.289795158981869
189,Vetorial,0,0,"[('767', np.float64(0.2795), -1), ('726', np.float64(0.1878), 0), ('768', np.float64(0.1837), 0), ('865', np.float64(0.1744), 3), ('883', np.float64(0.1717), 0), ('870', np.float64(0.162), 3), ('640', np.float64(0.1616), 0), ('909', np.float64(0.1493), 0), ('881', np.float64(0.1451), 0), ('884', np.float64(0.1396), 0)]",0.2,0.2222222222222222,0.2105263157894737,0.15150521504100667
190,Vetorial,0,0,"[('390', np.float64(0.254), 3), ('1339', np.float64(0.2439), 0), ('391', np.float64(0.2425), 1), ('856', np.float64(0.2401), 0), ('895', np.float64(0.2392), 0), ('627', np.float64(0.2327), 0), ('15', np.float64(0.2319), 1), ('948', np.float64(0.2295), 0), ('52', np.float64(0.2293), 0), ('766', np.float64(0.2215), 0)]",0.3,0.6,0.4,0.44778858911985847
191,Vetorial,0,0,"[('766', np.float64(0.2526), 0), ('391', np.float64(0.2332), 3), ('948', np.float64(0.2195), 3), ('858', np.float64(0.2154), 2), ('658', np.float64(0.2072), 3), ('894', np.float64(0.2069), -1), ('1392', np.float64(0.2018), 0), ('856', np.float64(0.1933), 3), ('857', np.float64(0.1913), 2), ('859', np.float64(0.1883), 0)]",0.6,0.46153846153846156,0.5217391304347826,0.49436197270401894
192,Vetorial,0,0,"[('735', np.float64(0.2588), 1), ('875', np.float64(0.2003), 0), ('647', np.float64(0.1987), 0), ('641', np.float64(0.1915), -1), ('46', np.float64(0.1309), 0), ('734', np.float64(0.1042), 1), ('386', np.float64(0.091), 0), ('642', np.float64(0.0896), 0), ('745', np.float64(0.0895), 0), ('388', np.float64(0.0831), 0)]",0.2,0.5,0.28571428571428575,0.36818045563549157
193,Vetorial,0,0,"[('733', np.float64(0.3133), 4), ('735', np.float64(0.3081), 4), ('641', np.float64(0.2891), -1), ('730', np.float64(0.2745), 3), ('736', np.float64(0.2293), 4), ('648', np.float64(0.2076), 3), ('1392', np.float64(0.1982), 3), ('422', np.float64(0.1974), 3), ('644', np.float64(0.1815), 0), ('734', np.float64(0.1728), 4)]",0.8,0.8888888888888888,0.8421052631578948,0.7704396314765923
194,Vetorial,0,0,"[('642', np.float64(0.4956), -1), ('932', np.float64(0.3695), 0), ('888', np.float64(0.3421), 0), ('741', np.float64(0.3278), 4), ('744', np.float64(0.3237), 3), ('957', np.float64(0.3144), 0), ('760', np.float64(0.3077), 0), ('739', np.float64(0.3012), 2), ('1126', np.float64(0.2947), 0), ('1131', np.float64(0.2843), 0)]",0.3,0.5,0.37499999999999994,0.2164630235635144
195,Vetorial,0,0,"[('642', np.float64(0.3826), -1), ('932', np.float64(0.3036), 0), ('1055', np.float64(0.2862), 0), ('739', np.float64(0.2859), 3), ('744', np.float64(0.2678), 0), ('1359', np.float64(0.2488), 0), ('1122', np.float64(0.247), 0), ('741', np.float64(0.2462), 0), ('1116', np.float64(0.2454), 0), ('1126', np.float64(0.2435), 0)]",0.1,0.3333333333333333,0.15384615384615383,0.0958821961620469
196,Vetorial,0,0,"[('184', np.float64(0.2757), -1), ('746', np.float64(0.2268), 3), ('540', np.float64(0.224), 0), ('494', np.float64(0.2169), 0), ('442', np.float64(0.2121), 0), ('57', np.float64(0.2057), 0), ('966', np.float64(0.2045), 0), ('499', np.float64(0.2035), 0), ('1361', np.float64(0.1963), 0), ('56', np.float64(0.1949), 0)]",0.1,0.08333333333333333,0.0909090909090909,0.0700039301643711
197,Vetorial,0,0,"[('884', np.float64(0.3452), 3), ('881', np.float64(0.3181), 2), ('726', np.float64(0.2561), 0), ('768', np.float64(0.2534), -1), ('723', np.float64(0.2119), 0), ('1168', np.float64(0.2042), 0), ('883', np.float64(0.1789), 3), ('909', np.float64(0.1766), 0), ('746', np.float64(0.1636), 0), ('767', np.float64(0.1501), 0)]",0.3,1.0,0.4615384615384615,0.8095238095238094
198,Vetorial,0,0,"[('889', np.float64(0.3524), 2), ('897', np.float64(0.3365), 0), ('551', np.float64(0.3233), 0), ('743', np.float64(0.3077), 0), ('739', np.float64(0.2925), 0), ('741', np.float64(0.289), 0), ('798', np.float64(0.283), 0), ('826', np.float64(0.2787), 0), ('887', np.float64(0.2746), 2), ('1126', np.float64(0.2743), 0)]",0.2,0.5,0.28571428571428575,0.3695436507936508
199,Vetorial,0,0,"[('1059', np.float64(0.1965), 0), ('1294', np.float64(0.1932), 0), ('930', np.float64(0.191), 0), ('739', np.float64(0.1896), 0), ('1058', np.float64(0.186), 0), ('1055', np.float64(0.1844), 2), ('764', np.float64(0.1756), 0), ('890', np.float64(0.1717), 0), ('514', np.float64(0.1702), 0), ('926', np.float64(0.1698), 0)]",0.1,0.125,0.11111111111111112,0.06701154879718169
200,Vetorial,0,0,"[('1071', np.float64(0.2413), -1), ('1134', np.float64(0.214), 2), ('885', np.float64(0.1846), 0), ('889', np.float64(0.1696), 0), ('461', np.float64(0.155), 0), ('1052', np.float64(0.1523), 0), ('934', np.float64(0.1521), 0), ('851', np.float64(0.1509), 0), ('760', np.float64(0.1464), 0), ('957', np.float64(0.1459), 0)]",0.1,0.3333333333333333,0.15384615384615383,0.210989010989011
201,Vetorial,0,0,"[('625', np.float64(0.2432), 2), ('410', np.float64(0.2063), 0), ('24', np.float64(0.1943), 0), ('1379', np.float64(0.1908), 0), ('554', np.float64(0.1878), 0), ('1295', np.float64(0.1855), 3), ('401', np.float64(0.1839), 3), ('329', np.float64(0.1832), 0), ('1274', np.float64(0.1772), 0), ('541', np.float64(0.1754), 3)]",0.4,0.25,0.3076923076923077,0.23288600163156273
202,Vetorial,0,0,"[('1285', np.float64(0.3569), -1), ('1310', np.float64(0.2255), 4), ('925', np.float64(0.1862), 0), ('19', np.float64(0.1833), 0), ('225', np.float64(0.1832), 0), ('612', np.float64(0.1788), 0), ('514', np.float64(0.1771), 0), ('687', np.float64(0.1724), 0), ('58', np.float64(0.1701), 0), ('979', np.float64(0.1674), 0)]",0.1,0.07142857142857142,0.08333333333333333,0.10845833143838328
203,Vetorial,0,0,"[('1306', np.float64(0.2434), 3), ('225', np.float64(0.2413), 0), ('1285', np.float64(0.2338), -1), ('58', np.float64(0.2252), 3), ('38', np.float64(0.2209), 0), ('122', np.float64(0.1911), 3), ('362', np.float64(0.1866), 0), ('814', np.float64(0.1849), 0), ('482', np.float64(0.1809), 0), ('411', np.float64(0.1733), 0)]",0.3,0.21428571428571427,0.25,0.19292807502656667
204,Vetorial,0,0,"[('147', np.float64(0.1479), 0), ('971', np.float64(0.124), 0), ('1236', np.float64(0.1153), 0), ('1311', np.float64(0.1078), 2), ('310', np.float64(0.107), 0), ('573', np.float64(0.1036), 0), ('305', np.float64(0.1031), 0), ('444', np.float64(0.0964), 0), ('1080', np.float64(0.0949), 0), ('57', np.float64(0.0893), 0)]",0.1,0.07142857142857142,0.08333333333333333,0.06417152634133469
205,Vetorial,0,0,"[('4', np.float64(0.1505), 0), ('1323', np.float64(0.145), 0), ('72', np.float64(0.13), 0), ('1069', np.float64(0.1285), 0), ('135', np.float64(0.1244), 0), ('133', np.float64(0.1205), 0), ('336', np.float64(0.114), 0), ('1287', np.float64(0.1137), -1), ('134', np.float64(0.1128), 0), ('376', np.float64(0.112), 0)]",0.0,0.0,0.0,0.014663511010495987
206,Vetorial,0,0,"[('1290', np.float64(0.4185), -1), ('879', np.float64(0.2237), 0), ('878', np.float64(0.212), 0), ('468', np.float64(0.1989), 0), ('503', np.float64(0.194), 0), ('876', np.float64(0.1827), 0), ('526', np.float64(0.1814), 0), ('1338', np.float64(0.1766), 2), ('469', np.float64(0.1741), 0), ('801', np.float64(0.165), 0)]",0.1,0.3333333333333333,0.15384615384615383,0.10353376132064657
207,Vetorial,0,0,"[('1341', np.float64(0.1941), 3), ('1290', np.float64(0.194), -1), ('948', np.float64(0.1816), 0), ('391', np.float64(0.1805), 0), ('859', np.float64(0.1783), 0), ('1111', np.float64(0.1756), 0), ('747', np.float64(0.1658), 0), ('878', np.float64(0.1636), 0), ('202', np.float64(0.1625), 0), ('593', np.float64(0.1584), 0)]",0.1,0.2,0.13333333333333333,0.2916190476190476
208,Vetorial,0,0,"[('1291', np.float64(0.4268), -1), ('1344', np.float64(0.3011), 3), ('163', np.float64(0.2476), 3), ('566', np.float64(0.2385), 0), ('1345', np.float64(0.2366), 3), ('982', np.float64(0.2114), 0), ('1217', np.float64(0.2062), 0), ('357', np.float64(0.206), 0), ('73', np.float64(0.2037), 0), ('1239', np.float64(0.2035), 0)]",0.3,0.5,0.37499999999999994,0.43174603174603177
209,Vetorial,0,0,"[('959', np.float64(0.3774), 0), ('651', np.float64(0.2827), 0), ('187', np.float64(0.2807), 3), ('45', np.float64(0.2683), 4), ('455', np.float64(0.2571), 0), ('358', np.float64(0.2509), 0), ('240', np.float64(0.2502), 0), ('53', np.float64(0.2475), 0), ('798', np.float64(0.2406), 0), ('89', np.float64(0.2352), 0)]",0.2,0.16666666666666666,0.1818181818181818,0.1512332475680702
210,Vetorial,0,0,"[('1172', np.float64(0.322), 3), ('1145', np.float64(0.2653), -1), ('739', np.float64(0.2415), 0), ('887', np.float64(0.238), 0), ('938', np.float64(0.2376), 0), ('897', np.float64(0.2375), 0), ('1126', np.float64(0.2356), 0), ('1068', np.float64(0.2348), 0), ('743', np.float64(0.2338), 0), ('889', np.float64(0.2183), 0)]",0.1,0.16666666666666666,0.125,0.2705753766473407
211,Vetorial,0,0,"[('739', np.float64(0.3455), 0), ('1068', np.float64(0.2958), 4), ('897', np.float64(0.2784), 0), ('953', np.float64(0.2717), 0), ('741', np.float64(0.2623), 0), ('887', np.float64(0.2565), 0), ('743', np.float64(0.2555), 0), ('885', np.float64(0.2511), 0), ('889', np.float64(0.2478), 0), ('1070', np.float64(0.2463), 0)]",0.1,0.09090909090909091,0.09523809523809525,0.17085535421668616
212,Vetorial,0,0,"[('1178', np.float64(0.4694), 2), ('1176', np.float64(0.3907), 4), ('888', np.float64(0.3471), 2), ('838', np.float64(0.3365), 0), ('1177', np.float64(0.3241), 4), ('885', np.float64(0.3034), 3), ('1146', np.float64(0.2958), -1), ('1130', np.float64(0.284), 0), ('1359', np.float64(0.2598), 0), ('1070', np.float64(0.2497), 0)]",0.5,0.35714285714285715,0.41666666666666663,0.4954157305339084
213,Vetorial,0,0,"[('888', np.float64(0.3794), 1), ('741', np.float64(0.3248), 0), ('885', np.float64(0.3029), 2), ('1173', np.float64(0.2915), 3), ('887', np.float64(0.2904), 2), ('642', np.float64(0.2814), 0), ('891', np.float64(0.2518), 0), ('769', np.float64(0.2404), 3), ('105', np.float64(0.2398), 0), ('1146', np.float64(0.2331), -1)]",0.5,0.45454545454545453,0.47619047619047616,0.46301631870705734
214,Vetorial,0,0,"[('1294', np.float64(0.4637), -1), ('1362', np.float64(0.3298), 3), ('828', np.float64(0.3232), 0), ('848', np.float64(0.249), 0), ('47', np.float64(0.2204), 0), ('739', np.float64(0.215), 0), ('756', np.float64(0.2149), 0), ('831', np.float64(0.205), 0), ('930', np.float64(0.2027), 0), ('890', np.float64(0.1955), 0)]",0.1,0.25,0.14285714285714288,0.14669140640761813
215,Vetorial,0,0,"[('535', np.float64(0.3746), -1), ('770', np.float64(0.2573), 0), ('666', np.float64(0.2497), 0), ('1253', np.float64(0.2457), 0), ('25', np.float64(0.2395), 0), ('984', np.float64(0.2351), 0), ('1198', np.float64(0.2266), 0), ('574', np.float64(0.2215), 0), ('357', np.float64(0.2107), 0), ('401', np.float64(0.2092), 0)]",0.0,0.0,0.0,0.026120660599932594
216,Vetorial,0,0,"[('175', np.float64(0.2509), 0), ('893', np.float64(0.1938), 0), ('764', np.float64(0.1831), 0), ('117', np.float64(0.1824), 0), ('904', np.float64(0.1819), 0), ('974', np.float64(0.181), 0), ('39', np.float64(0.1713), 0), ('1319', np.float64(0.1692), 0), ('407', np.float64(0.1663), 0), ('239', np.float64(0.1657), 0)]",0.0,0.0,0.0,0.0018796992481203006
217,Vetorial,0,0,"[('324', np.float64(0.3592), 0), ('323', np.float64(0.3205), 0), ('1395', np.float64(0.2739), 1), ('629', np.float64(0.2697), 0), ('666', np.float64(0.2693), 1), ('1393', np.float64(0.2667), 0), ('369', np.float64(0.2474), 0), ('983', np.float64(0.246), 0), ('1151', np.float64(0.2415), 0), ('1161', np.float64(0.2322), 0)]",0.2,0.13333333333333333,0.16,0.16786979853699605
218,Vetorial,0,0,"[('323', np.float64(0.2939), 0), ('324', np.float64(0.2819), 0), ('1393', np.float64(0.2695), 1), ('666', np.float64(0.2654), 3), ('629', np.float64(0.2643), 0), ('1395', np.float64(0.247), 0), ('559', np.float64(0.2442), 3), ('872', np.float64(0.2435), 0), ('283', np.float64(0.24), 0), ('180', np.float64(0.2377), 0)]",0.3,0.2,0.24,0.20599118042835765
219,Vetorial,0,0,"[('268', np.float64(0.2486), 0), ('1222', np.float64(0.2354), 0), ('668', np.float64(0.2311), 0), ('1082', np.float64(0.2305), 0), ('299', np.float64(0.2247), 0), ('139', np.float64(0.22), 0), ('197', np.float64(0.2185), 0), ('1078', np.float64(0.2147), 3), ('992', np.float64(0.2108), 0), ('117', np.float64(0.21), 0)]",0.1,0.05555555555555555,0.07142857142857142,0.056364958708903984
220,Vetorial,0,0,"[('4', np.float64(0.2027), 0), ('231', np.float64(0.1901), 0), ('3', np.float64(0.1768), 0), ('461', np.float64(0.1706), 0), ('376', np.float64(0.1683), 3), ('899', np.float64(0.1632), 0), ('292', np.float64(0.1585), 3), ('458', np.float64(0.1555), 4), ('1192', np.float64(0.1518), 0), ('472', np.float64(0.1475), 0)]",0.3,0.15789473684210525,0.20689655172413793,0.1713223777524102
221,Vetorial,0,0,"[('1386', np.float64(0.2351), 4), ('3', np.float64(0.2276), 0), ('1366', np.float64(0.223), 3), ('388', np.float64(0.1987), 0), ('55', np.float64(0.1797), 0), ('46', np.float64(0.1678), 0), ('404', np.float64(0.1659), 0), ('4', np.float64(0.1466), 0), ('54', np.float64(0.1455), 0), ('528', np.float64(0.1427), 0)]",0.2,0.1111111111111111,0.14285714285714285,0.16749970162308941
222,Vetorial,0,0,"[('1130', np.float64(0.5026), 0), ('400', np.float64(0.3637), 3), ('419', np.float64(0.3362), 3), ('1399', np.float64(0.3291), 4), ('1400', np.float64(0.3017), 3), ('888', np.float64(0.3012), 0), ('1070', np.float64(0.2958), 0), ('1178', np.float64(0.2821), 0), ('1050', np.float64(0.2736), 0), ('1121', np.float64(0.2699), 0)]",0.4,0.4444444444444444,0.4210526315789474,0.3416173578773006
223,Vetorial,0,0,"[('400', np.float64(0.3701), 3), ('1400', np.float64(0.2512), 0), ('1399', np.float64(0.2481), 0), ('388', np.float64(0.2446), 0), ('1121', np.float64(0.2283), 0), ('484', np.float64(0.2232), 0), ('393', np.float64(0.2183), 0), ('659', np.float64(0.2134), 0), ('1037', np.float64(0.2102), 0), ('419', np.float64(0.2086), 0)]",0.1,0.25,0.14285714285714288,0.30450174825174825
224,Vetorial,0,0,"[('1312', np.float64(0.3627), 0), ('236', np.float64(0.2943), 0), ('317', np.float64(0.2824), 0), ('1286', np.float64(0.2801), -1), ('1315', np.float64(0.2268), 0), ('1157', np.float64(0.225), 3), ('1298', np.float64(0.2171), 0), ('110', np.float64(0.2163), 0), ('329', np.float64(0.2146), 0), ('1313', np.float64(0.212), 3)]",0.2,0.25,0.22222222222222224,0.16722421064075715
225,Vetorial,0,0,"[('1188', np.float64(0.3474), -1), ('1380', np.float64(0.2857), 4), ('1256', np.float64(0.2231), 0), ('1124', np.float64(0.2215), 3), ('226', np.float64(0.2117), 0), ('638', np.float64(0.209), 0), ('1291', np.float64(0.199), 0), ('701', np.float64(0.1923), 0), ('748', np.float64(0.1887), 0), ('70', np.float64(0.1872), 0)]",0.2,0.08333333333333333,0.11764705882352941,0.08317988177235293
1,BM25,0,0,"[('184', np.float64(23.9803), 2), ('486', np.float64(21.1122), -1), ('13', np.float64(20.6287), 4), ('12', np.float64(18.6481), 3), ('1268', np.float64(18.1121), 0), ('51', np.float64(15.1505), 3), ('878', np.float64(14.3555), 0), ('14', np.float64(13.6049), 4), ('1361', np.float64(12.2315), 0), ('1144', np.float64(12.0153), 0)]",0.5,0.17857142857142858,0.2631578947368421,0.23211400103655055
2,BM25,0,0,"[('12', np.float64(32.9709), 1), ('746', np.float64(18.467), 1), ('792', np.float64(15.9406), 0), ('14', np.float64(15.9365), 4), ('141', np.float64(15.621), 0), ('724', np.float64(15.2727), 0), ('51', np.float64(15.1958), 3), ('1089', np.float64(15.0813), 0), ('1170', np.float64(14.6125), 0), ('172', np.float64(14.523), 0)]",0.4,0.16666666666666666,0.23529411764705882,0.18295323737125258
3,BM25,0,0,"[('5', np.float64(25.035), 3), ('399', np.float64(23.5143), 3), ('181', np.float64(21.2846), 3), ('144', np.float64(19.2504), 3), ('485', np.float64(17.9799), -1), ('542', np.float64(16.4629), 0), ('251', np.float64(13.16), 0), ('828', np.float64(13.03), 0), ('826', np.float64(12.6624), 0), ('980', np.float64(12.5911), 0)]",0.4,0.5,0.4444444444444445,0.5962279272919663
4,BM25,0,0,"[('166', np.float64(30.7296), 3), ('488', np.float64(25.014), -1), ('1189', np.float64(22.6961), 0), ('185', np.float64(21.9771), 0), ('1275', np.float64(19.8391), 0), ('1061', np.float64(19.4489), 0), ('1085', np.float64(18.2202), 0), ('1123', np.float64(17.872), 0), ('1255', np.float64(17.8115), 0), ('259', np.float64(17.2569), 0)]",0.1,0.5,0.16666666666666669,0.5909090909090909
5,BM25,0,0,"[('103', np.float64(16.7175), 0), ('1032', np.float64(15.0475), 0), ('943', np.float64(13.2674), 0), ('1296', np.float64(12.6525), 1), ('746', np.float64(11.4595), 0), ('1272', np.float64(11.1168), 0), ('1379', np.float64(10.5047), 0), ('650', np.float64(10.4226), 0), ('625', np.float64(10.3662), 0), ('28', np.float64(10.3434), 0)]",0.1,0.25,0.14285714285714288,0.16135620915032678
6,BM25,0,0,"[('491', np.float64(17.5715), -1), ('257', np.float64(14.2321), 3), ('315', np.float64(12.8368), 0), ('148', np.float64(12.0133), 0), ('121', np.float64(11.9794), 0), ('251', np.float64(11.7387), 0), ('651', np.float64(11.348), 0), ('386', np.float64(11.0285), 0), ('296', np.float64(11.0149), 0), ('355', np.float64(10.8206), 0)]",0.1,0.25,0.14285714285714288,0.1510938515036876
7,BM25,0,0,"[('492', np.float64(76.2729), -1), ('973', np.float64(42.3556), 0), ('56', np.float64(38.7282), 3), ('434', np.float64(37.8755), 0), ('57', np.float64(37.3106), 3), ('122', np.float64(36.5062), 0), ('1231', np.float64(33.6414), 0), ('1040', np.float64(32.9521), 0), ('124', np.float64(31.9116), 0), ('232', np.float64(30.1722), 0)]",0.2,0.4,0.26666666666666666,0.17498029819627825
8,BM25,0,0,"[('122', np.float64(25.626), 1), ('907', np.float64(21.0379), 0), ('443', np.float64(20.9945), 0), ('492', np.float64(19.773), -1), ('711', np.float64(19.4751), 0), ('232', np.float64(18.5162), 0), ('569', np.float64(17.7222), 0), ('237', np.float64(17.5603), 0), ('69', np.float64(17.11), 0), ('556', np.float64(17.007), 0)]",0.1,0.09090909090909091,0.09523809523809525,0.15987101686087848
9,BM25,0,0,"[('21', np.float64(20.7167), 2), ('45', np.float64(17.5144), 0), ('550', np.float64(15.687), 2), ('571', np.float64(14.6282), 0), ('22', np.float64(14.6124), 2), ('306', np.float64(14.373), 0), ('270', np.float64(14.0854), 0), ('102', np.float64(13.2882), 0), ('1215', np.float64(12.4219), 0), ('303', np.float64(12.2437), 0)]",0.3,1.0,0.4615384615384615,0.7555555555555555
10,BM25,0,0,"[('493', np.float64(27.5748), -1), ('302', np.float64(18.8136), 3), ('1199', np.float64(18.12), 0), ('949', np.float64(18.1169), 0), ('524', np.float64(17.6638), 0), ('691', np.float64(16.5891), 0), ('1286', np.float64(16.2698), 0), ('1009', np.float64(15.7521), 0), ('1010', np.float64(15.7053), 0), ('405', np.float64(15.1914), 2)]",0.2,0.25,0.22222222222222224,0.12819194988085225
11,BM25,0,0,"[('495', np.float64(30.8662), -1), ('654', np.float64(18.6921), 4), ('110', np.float64(17.4056), 0), ('72', np.float64(15.914), 0), ('667', np.float64(15.3966), 0), ('1356', np.float64(15.3014), 0), ('472', np.float64(15.1665), 0), ('1327', np.float64(14.8847), 0), ('370', np.float64(14.2845), 0), ('28', np.float64(14.2114), 3)]",0.2,0.2857142857142857,0.23529411764705882,0.17317923470873597
12,BM25,0,0,"[('624', np.float64(26.4998), -1), ('543', np.float64(18.2164), 0), ('650', np.float64(15.9971), 2), ('649', np.float64(15.7031), 4), ('1232', np.float64(14.9766), 0), ('506', np.float64(12.8698), 0), ('1223', np.float64(11.7986), 0), ('1164', np.float64(11.4898), 0), ('1221', np.float64(11.3427), 0), ('806', np.float64(10.7995), 0)]",0.2,0.4,0.26666666666666666,0.21525541795665631
13,BM25,0,0,"[('496', np.float64(26.0576), -1), ('903', np.float64(15.0989), 0), ('520', np.float64(13.626), 0), ('38', np.float64(10.695), 0), ('313', np.float64(10.5722), 0), ('440', np.float64(10.3748), 0), ('1268', np.float64(10.2797), 0), ('643', np.float64(10.2665), 0), ('199', np.float64(10.0281), 0), ('880', np.float64(9.436), 0)]",0.0,0.0,0.0,0.003045671892122629
14,BM25,0,0,"[('64', np.float64(19.3927), 1), ('256', np.float64(13.2638), 0), ('65', np.float64(12.2381), 4), ('132', np.float64(12.2041), 0), ('170', np.float64(12.1426), 0), ('1364', np.float64(11.7399), 0), ('291', np.float64(11.6097), 0), ('439', np.float64(11.5638), 0), ('402', np.float64(11.08), 0), ('568', np.float64(10.821), 0)]",0.2,1.0,0.33333333333333337,0.8333333333333333
15,BM25,0,0,"[('462', np.float64(16.874), 3), ('463', np.float64(13.6891), 1), ('761', np.float64(11.0436), 0), ('1097', np.float64(10.5344), 0), ('1117', np.float64(9.9001), 0), ('1025', np.float64(9.3091), 0), ('1098', np.float64(9.2432), 0), ('553', np.float64(9.2117), 0), ('1099', np.float64(9.2005), 0), ('1279', np.float64(8.809), 0)]",0.2,1.0,0.33333333333333337,1.0
16,BM25,0,0,"[('498', np.float64(30.3062), -1), ('106', np.float64(21.4117), 3), ('1255', np.float64(17.4416), 0), ('869', np.float64(16.896), 0), ('1301', np.float64(16.1201), 0), ('93', np.float64(15.993), 0), ('1006', np.float64(15.4236), 0), ('1259', np.float64(15.2225), 0), ('927', np.float64(14.9384), 0), ('1108', np.float64(14.1423), 0)]",0.1,0.3333333333333333,0.15384615384615383,0.24853801169590642
17,BM25,0,0,"[('1108', np.float64(26.2508), 0), ('1301', np.float64(24.2837), 0), ('445', np.float64(23.0124), 0), ('700', np.float64(22.9665), 0), ('916', np.float64(21.9496), 0), ('1281', np.float64(20.6861), 0), ('106', np.float64(20.1746), 2), ('410', np.float64(19.9551), 0), ('577', np.float64(19.8546), 0), ('2', np.float64(19.7787), 0)]",0.1,0.5,0.16666666666666669,0.08551307847082494
18,BM25,0,0,"[('248', np.float64(22.4345), 0), ('498', np.float64(20.9427), -1), ('197', np.float64(20.6638), 2), ('234', np.float64(20.6603), 0), ('56', np.float64(20.2232), 0), ('232', np.float64(18.1607), 0), ('1005', np.float64(18.03), 0), ('57', np.float64(17.0423), 0), ('1006', np.float64(16.5395), 0), ('354', np.float64(16.5227), 0)]",0.1,0.3333333333333333,0.15384615384615383,0.14270446399478656
19,BM25,0,0,"[('82', np.float64(18.9245), 0), ('706', np.float64(16.7651), 0), ('1346', np.float64(16.4005), 0), ('554', np.float64(14.8113), 0), ('1279', np.float64(14.2907), 0), ('716', np.float64(14.037), 3), ('1219', np.float64(13.7765), 0), ('1296', np.float64(13.6997), 0), ('713', np.float64(12.5839), 0), ('1295', np.float64(12.2402), 0)]",0.1,0.1111111111111111,0.10526315789473685,0.0432085120741813
20,BM25,0,0,"[('500', np.float64(42.0641), -1), ('268', np.float64(25.6093), 3), ('88', np.float64(24.9544), 3), ('270', np.float64(21.4359), 3), ('450', np.float64(20.9571), 0), ('87', np.float64(18.0947), 3), ('966', np.float64(17.6851), 0), ('123', np.float64(16.0402), 0), ('300', np.float64(15.5317), 0), ('84', np.float64(13.9238), 0)]",0.4,0.4444444444444444,0.4210526315789474,0.4187674681177929
21,BM25,0,0,"[('502', np.float64(32.8236), -1), ('302', np.float64(15.7796), 0), ('343', np.float64(14.74), 0), ('68', np.float64(14.2821), 0), ('271', np.float64(13.3067), 1), ('686', np.float64(13.1474), 0), ('628', np.float64(12.7086), 0), ('96', np.float64(12.2903), 0), ('338', np.float64(12.1396), 0), ('377', np.float64(12.0544), 0)]",0.1,0.25,0.14285714285714288,0.1042160989922184
22,BM25,0,0,"[('125', np.float64(21.3969), 0), ('413', np.float64(20.7639), 0), ('560', np.float64(19.7249), 0), ('307', np.float64(18.5146), 0), ('565', np.float64(17.1388), 0), ('348', np.float64(16.901), 0), ('50', np.float64(16.843), 0), ('962', np.float64(16.7485), 0), ('9', np.float64(16.5425), 0), ('16', np.float64(16.0601), 0)]",0.0,0.0,0.0,0.0017452006980802793
23,BM25,0,0,"[('902', np.float64(15.693), 1), ('28', np.float64(15.0258), 0), ('892', np.float64(14.0407), -1), ('718', np.float64(13.3689), 0), ('251', np.float64(12.4924), 0), ('1151', np.float64(12.0631), 0), ('1287', np.float64(11.9308), 0), ('753', np.float64(11.5847), 0), ('237', np.float64(11.1829), 0), ('360', np.float64(10.4543), 0)]",0.1,0.03125,0.047619047619047616,0.12293304220742186
24,BM25,0,0,"[('756', np.float64(18.0745), -1), ('46', np.float64(17.063), 2), ('12', np.float64(12.723), 0), ('724', np.float64(12.0995), 0), ('51', np.float64(11.207), 0), ('47', np.float64(10.5005), 2), ('893', np.float64(10.1996), 0), ('837', np.float64(9.9103), 0), ('883', np.float64(9.7722), 0), ('650', np.float64(9.5112), 0)]",0.2,0.6666666666666666,0.30769230769230765,0.2821067821067821
25,BM25,0,0,"[('215', np.float64(23.011), 3), ('121', np.float64(19.7396), 0), ('277', np.float64(19.0009), 3), ('214', np.float64(15.929), 3), ('511', np.float64(15.7512), -1), ('216', np.float64(15.6287), 3), ('945', np.float64(14.9835), 0), ('134', np.float64(14.8951), 0), ('212', np.float64(14.3646), 3), ('989', np.float64(14.1917), 0)]",0.5,0.5555555555555556,0.5263157894736842,0.5110097438571979
26,BM25,0,0,"[('611', np.float64(25.2533), 1), ('382', np.float64(24.2617), 0), ('307', np.float64(24.1878), 0), ('145', np.float64(24.13), 1), ('96', np.float64(22.3012), 0), ('348', np.float64(22.2714), 0), ('305', np.float64(21.414), 0), ('4', np.float64(21.3152), 0), ('629', np.float64(20.773), 0), ('1355', np.float64(20.5343), 0)]",0.2,0.3333333333333333,0.25,0.2911927599123639
27,BM25,0,0,"[('1031', np.float64(21.2684), 0), ('1176', np.float64(20.1028), 0), ('888', np.float64(19.6553), 0), ('428', np.float64(19.6525), 3), ('1035', np.float64(19.369), 0), ('1178', np.float64(19.2738), 0), ('1070', np.float64(17.9337), 0), ('1129', np.float64(17.2379), 0), ('512', np.float64(16.8137), -1), ('838', np.float64(16.4389), 0)]",0.1,0.3333333333333333,0.15384615384615383,0.1362155388471178
28,BM25,0,0,"[('251', np.float64(16.4384), 0), ('36', np.float64(11.0639), 0), ('674', np.float64(11.0035), 0), ('893', np.float64(10.3312), 0), ('28', np.float64(10.3207), 0), ('503', np.float64(10.1993), 0), ('367', np.float64(10.0706), 0), ('677', np.float64(9.6973), 0), ('758', np.float64(9.4035), 0), ('521', np.float64(9.3814), 0)]",0.0,0.0,0.0,0.0016540510232688533
29,BM25,0,0,"[('465', np.float64(28.7592), 4), ('612', np.float64(28.119), 2), ('420', np.float64(24.6423), 0), ('513', np.float64(24.4325), -1), ('464', np.float64(23.1207), 4), ('211', np.float64(22.3), 0), ('146', np.float64(22.0712), 0), ('901', np.float64(22.0104), 0), ('514', np.float64(21.6089), 2), ('222', np.float64(21.4648), 0)]",0.4,0.4444444444444444,0.4210526315789474,0.42374917008763985
30,BM25,0,0,"[('513', np.float64(14.3112), -1), ('420', np.float64(12.0401), 0), ('683', np.float64(11.3066), 0), ('633', np.float64(11.259), 0), ('147', np.float64(11.2235), 0), ('464', np.float64(11.0613), 2), ('229', np.float64(10.5703), 0), ('247', np.float64(10.5548), 0), ('602', np.float64(10.527), 0), ('601', np.float64(10.4812), 0)]",0.1,0.14285714285714285,0.11764705882352941,0.07903975230895396
31,BM25,0,0,"[('751', np.float64(21.3728), -1), ('247', np.float64(20.7613), 0), ('1209', np.float64(19.5908), 0), ('916', np.float64(19.3361), 0), ('1153', np.float64(17.6505), 0), ('749', np.float64(17.2246), 0), ('1339', np.float64(17.1179), 0), ('228', np.float64(17.0107), 0), ('1082', np.float64(17.0041), 0), ('229', np.float64(16.7233), 0)]",0.0,0.0,0.0,0.0008733624454148472
32,BM25,0,0,"[('752', np.float64(29.8932), -1), ('1186', np.float64(17.042), 0), ('921', np.float64(13.9155), 0), ('250', np.float64(13.6326), 4), ('147', np.float64(13.5483), 0), ('468', np.float64(13.4413), 0), ('919', np.float64(12.5815), 0), ('467', np.float64(12.3815), 0), ('683', np.float64(12.2451), 0), ('230', np.float64(11.8724), 0)]",0.1,0.16666666666666666,0.125,0.070458665552978
33,BM25,0,0,"[('516', np.float64(53.9194), -1), ('431', np.float64(36.9038), 3), ('141', np.float64(35.8618), 4), ('252', np.float64(31.6552), 3), ('808', np.float64(27.545), 0), ('904', np.float64(27.2333), 0), ('1163', np.float64(24.5241), 0), ('755', np.float64(23.1788), 0), ('76', np.float64(23.1369), 0), ('608', np.float64(22.5585), 0)]",0.3,1.0,0.4615384615384615,0.6388888888888888
34,BM25,0,0,"[('516', np.float64(20.9795), -1), ('1153', np.float64(17.6712), 0), ('799', np.float64(17.2296), 3), ('1350', np.float64(16.2079), 0), ('431', np.float64(15.9542), 3), ('610', np.float64(15.7409), 0), ('175', np.float64(15.6814), 0), ('1155', np.float64(14.4131), 0), ('1062', np.float64(14.0076), 0), ('795', np.float64(13.8864), 0)]",0.2,0.3333333333333333,0.25,0.24234006734006733
35,BM25,0,0,"[('875', np.float64(15.7075), 0), ('1203', np.float64(13.9394), 0), ('1208', np.float64(13.8551), 0), ('488', np.float64(12.0565), 0), ('1389', np.float64(11.8855), 0), ('654', np.float64(11.6765), 0), ('1160', np.float64(10.5305), 0), ('319', np.float64(10.4751), 0), ('1327', np.float64(10.361), 0), ('1276', np.float64(10.2581), 0)]",0.0,0.0,0.0,0.015920697547311607
36,BM25,0,0,"[('550', np.float64(15.1084), 0), ('1268', np.float64(14.7318), 0), ('1004', np.float64(14.2264), 0), ('123', np.float64(14.1644), 0), ('135', np.float64(13.7494), 0), ('274', np.float64(13.6401), 0), ('565', np.float64(13.5323), 0), ('959', np.float64(13.2852), 0), ('1222', np.float64(13.0114), 0), ('646', np.float64(12.957), 0)]",0.0,0.0,0.0,0.03312617260787992
37,BM25,0,0,"[('186', np.float64(16.6069), 0), ('179', np.float64(12.6981), 0), ('1352', np.float64(11.4954), 0), ('409', np.float64(11.4412), 3), ('461', np.float64(11.3131), 0), ('188', np.float64(11.2098), 2), ('283', np.float64(11.1415), 0), ('979', np.float64(11.0386), 0), ('232', np.float64(10.1162), 0), ('126', np.float64(9.9448), 0)]",0.2,0.2222222222222222,0.2105263157894737,0.18389167290718478
38,BM25,0,0,"[('536', np.float64(15.2258), -1), ('1238', np.float64(14.5799), 0), ('976', np.float64(13.4592), 0), ('1373', np.float64(13.1992), 0), ('338', np.float64(12.4236), 0), ('1205', np.float64(12.3053), 0), ('1211', np.float64(12.0601), 0), ('433', np.float64(11.9512), 0), ('186', np.float64(11.556), 0), ('85', np.float64(11.4984), 0)]",0.0,0.0,0.0,0.057875761565906146
39,BM25,0,0,"[('315', np.float64(16.4711), 0), ('1268', np.float64(12.5473), 0), ('959', np.float64(11.9814), 0), ('610', np.float64(11.9272), 0), ('1257', np.float64(11.8849), 3), ('207', np.float64(11.7702), 3), ('37', np.float64(11.6928), 0), ('272', np.float64(10.8348), 1), ('281', np.float64(10.6385), 0), ('1154', np.float64(10.5508), 0)]",0.3,0.23076923076923078,0.2608695652173913,0.12307305430117627
40,BM25,0,0,"[('536', np.float64(13.7823), -1), ('37', np.float64(13.6581), 0), ('17', np.float64(10.9591), 0), ('281', np.float64(10.6385), 0), ('315', np.float64(10.5256), 0), ('1257', np.float64(10.2446), 0), ('207', np.float64(10.0273), 0), ('330', np.float64(9.4874), 0), ('1158', np.float64(9.144), 0), ('1305', np.float64(8.7489), 0)]",0.0,0.0,0.0,0.03139651720047618
41,BM25,0,0,"[('289', np.float64(34.0443), 1), ('433', np.float64(26.0792), 2), ('927', np.float64(18.8709), 0), ('520', np.float64(17.9789), -1), ('288', np.float64(17.8124), 1), ('432', np.float64(17.5826), 0), ('1277', np.float64(16.4338), 0), ('1152', np.float64(15.9736), 0), ('229', np.float64(15.6186), 0), ('126', np.float64(14.7002), 0)]",0.3,1.0,0.4615384615384615,0.8666666666666667
42,BM25,0,0,"[('521', np.float64(43.162), -1), ('526', np.float64(35.14), 0), ('496', np.float64(29.6527), 0), ('468', np.float64(26.63), 2), ('503', np.float64(26.4052), 0), ('469', np.float64(26.3707), 3), ('440', np.float64(25.0768), 0), ('439', np.float64(23.6299), 0), ('797', np.float64(23.4313), 0), ('903', np.float64(22.8238), 0)]",0.2,0.4,0.26666666666666666,0.1777505453838884
43,BM25,0,0,"[('467', np.float64(19.4746), 1), ('469', np.float64(19.2114), 1), ('903', np.float64(17.1337), 0), ('503', np.float64(16.9429), 3), ('496', np.float64(16.375), 0), ('39', np.float64(15.4811), 3), ('404', np.float64(15.2301), 0), ('521', np.float64(15.1432), -1), ('194', np.float64(14.9412), 0), ('468', np.float64(14.9384), 1)]",0.5,0.8333333333333334,0.625,0.6555710738671633
44,BM25,0,0,"[('1190', np.float64(13.97), 0), ('1199', np.float64(13.4687), 0), ('103', np.float64(13.3969), 0), ('108', np.float64(11.7733), 0), ('1031', np.float64(10.5165), 0), ('367', np.float64(10.23), 0), ('357', np.float64(10.227), 0), ('236', np.float64(10.0429), 0), ('760', np.float64(9.7576), 0), ('943', np.float64(9.2417), 0)]",0.0,0.0,0.0,0.0025131427050403598
45,BM25,0,0,"[('305', np.float64(20.4637), 2), ('525', np.float64(19.3612), -1), ('123', np.float64(16.6109), 0), ('540', np.float64(15.5034), 0), ('353', np.float64(15.0256), 0), ('84', np.float64(14.9405), 0), ('1299', np.float64(14.4607), 0), ('274', np.float64(13.7567), 0), ('1185', np.float64(13.3206), 3), ('26', np.float64(12.9255), 0)]",0.2,0.16666666666666666,0.1818181818181818,0.17422753048699702
46,BM25,0,0,"[('305', np.float64(19.2993), 2), ('353', np.float64(17.9526), 0), ('525', np.float64(17.2866), -1), ('123', np.float64(16.8456), 4), ('84', np.float64(15.9829), 4), ('36', np.float64(15.9285), 0), ('983', np.float64(15.7195), 0), ('655', np.float64(15.343), 0), ('1159', np.float64(15.3253), 0), ('623', np.float64(15.2432), 3)]",0.4,0.26666666666666666,0.32,0.32284315740068603
47,BM25,0,0,"[('525', np.float64(24.4551), -1), ('568', np.float64(21.8733), 0), ('307', np.float64(21.0648), 2), ('310', np.float64(19.7024), 2), ('305', np.float64(19.5359), 3), ('570', np.float64(19.2412), 2), ('1200', np.float64(19.164), 0), ('327', np.float64(18.9266), 0), ('304', np.float64(16.6993), 2), ('260', np.float64(16.5948), 0)]",0.5,0.35714285714285715,0.41666666666666663,0.3495275650915875
48,BM25,0,0,"[('526', np.float64(25.7464), -1), ('440', np.float64(24.82), 3), ('797', np.float64(19.4268), 3), ('683', np.float64(18.5926), 0), ('222', np.float64(16.5513), 0), ('521', np.float64(13.9162), 0), ('334', np.float64(13.6612), 0), ('633', np.float64(12.2621), 0), ('655', np.float64(12.0545), 0), ('1320', np.float64(11.9117), 0)]",0.2,0.18181818181818182,0.1904761904761905,0.16715006141265742
49,BM25,0,0,"[('527', np.float64(32.2311), -1), ('321', np.float64(28.2361), 0), ('349', np.float64(25.415), 0), ('1235', np.float64(25.3381), 0), ('320', np.float64(24.639), 3), ('1370', np.float64(24.0357), 0), ('366', np.float64(23.7908), 0), ('322', np.float64(22.3981), 0), ('476', np.float64(21.9158), 0), ('1108', np.float64(20.3191), 0)]",0.1,0.5,0.16666666666666669,0.14166666666666666
50,BM25,0,0,"[('435', np.float64(16.9957), 0), ('1259', np.float64(16.8217), 0), ('192', np.float64(16.3512), 0), ('541', np.float64(16.2931), 0), ('142', np.float64(15.0886), 0), ('494', np.float64(15.0222), 0), ('1301', np.float64(14.945), 0), ('326', np.float64(14.8167), 2), ('332', np.float64(14.7735), 0), ('27', np.float64(14.7648), 0)]",0.1,0.16666666666666666,0.125,0.034137221139827964
51,BM25,0,0,"[('494', np.float64(32.0616), 2), ('326', np.float64(22.3217), 4), ('261', np.float64(20.2491), 4), ('528', np.float64(20.1714), -1), ('36', np.float64(18.1523), 0), ('1213', np.float64(17.5142), 0), ('1281', np.float64(17.4254), 0), ('23', np.float64(16.845), 2), ('1214', np.float64(16.8285), 0), ('142', np.float64(16.8031), 0)]",0.4,0.4,0.4000000000000001,0.47107751203595544
52,BM25,0,0,"[('1215', np.float64(18.5797), 0), ('21', np.float64(17.7478), 2), ('306', np.float64(17.4134), 2), ('36', np.float64(17.121), 0), ('251', np.float64(15.7736), 0), ('550', np.float64(15.2888), 0), ('629', np.float64(15.0855), 0), ('96', np.float64(15.0507), 0), ('1142', np.float64(14.6904), 0), ('1214', np.float64(13.9524), 0)]",0.2,0.5,0.28571428571428575,0.4208333333333333
53,BM25,0,0,"[('208', np.float64(39.2008), 4), ('1221', np.float64(28.6846), 0), ('531', np.float64(24.8127), -1), ('1253', np.float64(23.3537), 0), ('437', np.float64(23.0398), 0), ('269', np.float64(22.3608), 0), ('270', np.float64(22.0114), 0), ('407', np.float64(21.9513), 0), ('298', np.float64(21.3987), 4), ('1236', np.float64(21.2498), 0)]",0.2,0.2,0.20000000000000004,0.24672170835257323
54,BM25,0,0,"[('123', np.float64(37.4081), -1), ('84', np.float64(28.8718), 2), ('1307', np.float64(28.3589), 0), ('44', np.float64(27.6039), 0), ('305', np.float64(27.4338), 0), ('1213', np.float64(27.0907), 0), ('338', np.float64(26.7481), 0), ('274', np.float64(26.2379), 0), ('1185', np.float64(25.3989), 0), ('354', np.float64(25.1316), 0)]",0.1,0.1111111111111111,0.10526315789473685,0.14328848814893144
55,BM25,0,0,"[('17', np.float64(26.8177), 0), ('460', np.float64(26.2594), 2), ('1185', np.float64(25.1631), 0), ('377', np.float64(24.0991), 4), ('1301', np.float64(23.0694), 0), ('135', np.float64(22.195), 0), ('406', np.float64(21.4817), 0), ('344', np.float64(21.3555), 0), ('376', np.float64(21.1827), 4), ('1149', np.float64(20.1969), 0)]",0.3,0.3,0.3,0.21639392684464748
56,BM25,0,0,"[('753', np.float64(37.4209), -1), ('783', np.float64(21.6469), 0), ('14', np.float64(21.3844), 4), ('1339', np.float64(18.1486), 3), ('251', np.float64(16.5195), 0), ('441', np.float64(16.4007), 0), ('1105', np.float64(16.1236), 0), ('1331', np.float64(15.4731), 0), ('711', np.float64(14.7871), 0), ('379', np.float64(14.6657), 4)]",0.3,0.3,0.3,0.18480730155036257
57,BM25,0,0,"[('753', np.float64(24.4204), -1), ('1181', np.float64(16.1572), 0), ('117', np.float64(15.4671), 0), ('380', np.float64(15.3409), 2), ('916', np.float64(15.2947), 0), ('1339', np.float64(15.2126), 0), ('52', np.float64(14.8851), 0), ('444', np.float64(14.794), 0), ('1099', np.float64(14.2157), 0), ('1272', np.float64(13.0982), 0)]",0.1,0.07142857142857142,0.08333333333333333,0.08477298828574012
58,BM25,0,0,"[('754', np.float64(33.8939), -1), ('270', np.float64(26.3633), 0), ('1159', np.float64(23.8216), 0), ('120', np.float64(23.465), 0), ('873', np.float64(22.1418), 0), ('788', np.float64(22.0355), 2), ('789', np.float64(19.5789), 4), ('773', np.float64(19.2454), 0), ('785', np.float64(19.2367), 3), ('1348', np.float64(18.1265), 0)]",0.3,0.3333333333333333,0.3157894736842105,0.12640827069799712
59,BM25,0,0,"[('292', np.float64(15.5471), 0), ('842', np.float64(13.8399), 0), ('657', np.float64(13.6285), 0), ('1105', np.float64(13.5692), 0), ('912', np.float64(13.3228), 0), ('801', np.float64(12.8013), 0), ('786', np.float64(12.7645), 3), ('1055', np.float64(12.5408), 0), ('610', np.float64(12.5385), 0), ('458', np.float64(12.4277), 0)]",0.1,0.25,0.14285714285714288,0.08948911279722245
60,BM25,0,0,"[('527', np.float64(37.6941), 3), ('321', np.float64(35.2935), 0), ('322', np.float64(32.8915), -1), ('320', np.float64(29.8658), 4), ('1235', np.float64(22.0992), 0), ('1377', np.float64(20.0452), 0), ('107', np.float64(19.4613), 0), ('1219', np.float64(19.409), 0), ('72', np.float64(19.056), 0), ('730', np.float64(18.5501), 0)]",0.2,0.4,0.26666666666666666,0.38713002653602774
61,BM25,0,0,"[('539', np.float64(23.0052), -1), ('566', np.float64(20.3612), 2), ('564', np.float64(18.9768), 3), ('435', np.float64(18.6477), 0), ('333', np.float64(16.4982), 0), ('283', np.float64(16.3116), 0), ('1213', np.float64(15.9018), 0), ('1258', np.float64(15.246), 0), ('944', np.float64(14.8749), 0), ('553', np.float64(14.4539), 0)]",0.2,0.4,0.26666666666666666,0.2681431786518058
62,BM25,0,0,"[('1258', np.float64(26.0773), 0), ('1268', np.float64(25.6954), 0), ('459', np.float64(25.6351), 0), ('148', np.float64(25.0933), 0), ('105', np.float64(24.7431), 0), ('381', np.float64(24.4867), 0), ('483', np.float64(23.4996), 0), ('787', np.float64(22.6855), 0), ('452', np.float64(22.1653), 0), ('785', np.float64(22.1096), 0)]",0.0,0.0,0.0,0.02741429845783937
63,BM25,0,0,"[('843', np.float64(11.7636), 0), ('1121', np.float64(11.63), 0), ('1051', np.float64(10.6236), 0), ('839', np.float64(10.476), 0), ('1336', np.float64(10.3126), 0), ('1104', np.float64(9.985), 0), ('1119', np.float64(9.982), 0), ('1118', np.float64(9.8188), 0), ('1334', np.float64(9.7776), 0), ('889', np.float64(9.761), 0)]",0.0,0.0,0.0,0.005176566860301903
64,BM25,0,0,"[('730', np.float64(23.3331), 0), ('1204', np.float64(22.508), 0), ('914', np.float64(21.7472), 0), ('1225', np.float64(20.8169), 0), ('928', np.float64(19.1426), 0), ('37', np.float64(18.3496), 0), ('556', np.float64(18.3491), 0), ('815', np.float64(18.209), 0), ('196', np.float64(17.9351), 0), ('1024', np.float64(17.3212), 0)]",0.0,0.0,0.0,0.048372513562386976
65,BM25,0,0,"[('388', np.float64(23.7776), -1), ('3', np.float64(23.3498), 2), ('1106', np.float64(21.0959), 0), ('393', np.float64(18.8111), 3), ('664', np.float64(18.6274), 2), ('180', np.float64(17.837), 3), ('1370', np.float64(17.5112), 0), ('4', np.float64(17.4468), 3), ('569', np.float64(16.8761), 0), ('1386', np.float64(16.8394), 0)]",0.5,0.3333333333333333,0.4,0.26804800924977007
66,BM25,0,0,"[('128', np.float64(29.8509), 0), ('366', np.float64(21.5504), 0), ('191', np.float64(20.3745), 0), ('375', np.float64(20.2402), 0), ('629', np.float64(19.9971), 2), ('2', np.float64(19.4879), 0), ('329', np.float64(19.0312), 0), ('1206', np.float64(18.9758), 0), ('576', np.float64(18.7794), 0), ('1182', np.float64(18.3178), 0)]",0.1,0.2,0.13333333333333333,0.10018582156039202
67,BM25,0,0,"[('393', np.float64(19.8247), 3), ('2', np.float64(19.5293), 1), ('180', np.float64(18.2366), 1), ('4', np.float64(17.8352), 3), ('664', np.float64(17.6593), 2), ('306', np.float64(17.4885), 0), ('3', np.float64(17.4881), 1), ('9', np.float64(16.7946), 0), ('388', np.float64(16.7686), -1), ('1107', np.float64(16.3226), 0)]",0.6,0.42857142857142855,0.5,0.5285672757993405
68,BM25,0,0,"[('628', np.float64(32.8235), -1), ('662', np.float64(15.8529), 2), ('560', np.float64(14.2057), 0), ('272', np.float64(13.5737), 0), ('1200', np.float64(13.1141), 0), ('1248', np.float64(13.0024), 0), ('344', np.float64(12.8796), 0), ('365', np.float64(12.8513), 0), ('1191', np.float64(12.6579), 0), ('1240', np.float64(12.4152), 0)]",0.1,0.2,0.13333333333333333,0.13583222762789326
69,BM25,0,0,"[('128', np.float64(16.5666), 0), ('540', np.float64(15.1731), -1), ('365', np.float64(13.1821), 0), ('300', np.float64(12.871), 0), ('559', np.float64(12.3586), 0), ('292', np.float64(12.3328), 0), ('306', np.float64(12.2127), 0), ('117', np.float64(12.1841), 0), ('1043', np.float64(12.0916), 0), ('366', np.float64(12.0641), 0)]",0.0,0.0,0.0,0.0538226578184922
70,BM25,0,0,"[('540', np.float64(17.3809), -1), ('180', np.float64(15.5979), 0), ('300', np.float64(14.3751), 0), ('349', np.float64(14.2535), 0), ('327', np.float64(12.9998), 0), ('62', np.float64(12.488), 2), ('365', np.float64(11.8225), 0), ('1236', np.float64(11.605), 0), ('1311', np.float64(11.3225), 0), ('1260', np.float64(10.5776), 0)]",0.1,0.1,0.10000000000000002,0.09821656087187303
71,BM25,0,0,"[('540', np.float64(14.0331), -1), ('305', np.float64(13.9696), 0), ('63', np.float64(13.3623), 0), ('573', np.float64(13.0581), 0), ('525', np.float64(12.9727), 0), ('572', np.float64(12.3641), 1), ('1395', np.float64(12.1173), 0), ('26', np.float64(11.9758), 0), ('570', np.float64(11.7526), 0), ('1253', np.float64(11.6829), 0)]",0.1,0.125,0.11111111111111112,0.05436422293564441
72,BM25,0,0,"[('315', np.float64(20.3759), 0), ('193', np.float64(18.7593), 0), ('139', np.float64(18.7506), 0), ('1078', np.float64(18.316), 0), ('799', np.float64(17.8264), 0), ('416', np.float64(17.0943), 0), ('657', np.float64(16.8635), 0), ('1395', np.float64(16.7237), 0), ('630', np.float64(16.6422), 2), ('1082', np.float64(16.5307), 0)]",0.1,0.058823529411764705,0.07407407407407408,0.028190945253915096
73,BM25,0,0,"[('332', np.float64(44.2001), 2), ('541', np.float64(35.5062), -1), ('577', np.float64(23.7894), 4), ('625', np.float64(22.8596), 2), ('573', np.float64(21.6338), 3), ('401', np.float64(20.6512), 2), ('488', np.float64(19.9151), 0), ('42', np.float64(19.6276), 0), ('574', np.float64(18.9721), 3), ('1296', np.float64(18.7951), 0)]",0.6,0.3,0.4,0.33992350678102307
74,BM25,0,0,"[('1153', np.float64(21.9282), 0), ('625', np.float64(19.9013), 0), ('364', np.float64(18.9038), 0), ('68', np.float64(18.7498), 0), ('26', np.float64(18.6889), 0), ('1161', np.float64(18.4807), 0), ('1142', np.float64(17.9685), 0), ('576', np.float64(17.3358), 2), ('516', np.float64(16.3214), 0), ('280', np.float64(16.2873), 0)]",0.1,0.16666666666666666,0.125,0.06390206433221833
75,BM25,0,0,"[('55', np.float64(23.1378), 0), ('82', np.float64(20.9326), 0), ('324', np.float64(20.4644), 3), ('565', np.float64(20.1004), 0), ('1395', np.float64(19.6566), 0), ('630', np.float64(19.4442), -1), ('73', np.float64(19.1791), 0), ('645', np.float64(18.9075), 0), ('50', np.float64(18.8389), 0), ('54', np.float64(18.5673), 0)]",0.1,0.2,0.13333333333333333,0.08726542017073548
76,BM25,0,0,"[('630', np.float64(24.4065), -1), ('667', np.float64(22.2582), 2), ('666', np.float64(21.5651), 3), ('328', np.float64(19.5395), 0), ('1007', np.float64(17.7341), 0), ('1394', np.float64(17.5189), 0), ('1198', np.float64(17.3435), 0), ('255', np.float64(17.2914), 0), ('50', np.float64(17.236), 0), ('43', np.float64(17.076), 0)]",0.2,0.2857142857142857,0.23529411764705882,0.22292198871718896
77,BM25,0,0,"[('329', np.float64(31.2761), 4), ('1395', np.float64(24.7152), 0), ('630', np.float64(24.6134), -1), ('667', np.float64(23.4463), 3), ('1264', np.float64(21.6387), 0), ('1391', np.float64(19.8201), 4), ('668', np.float64(18.8945), 2), ('572', np.float64(18.7274), 0), ('272', np.float64(18.6766), 0), ('315', np.float64(17.9814), 0)]",0.4,0.6666666666666666,0.5,0.47167808037373254
78,BM25,0,0,"[('589', np.float64(28.7628), 3), ('543', np.float64(27.6148), -1), ('588', np.float64(22.5478), 2), ('578', np.float64(21.4179), 0), ('237', np.float64(21.0788), 0), ('590', np.float64(20.609), 3), ('216', np.float64(18.9737), 0), ('138', np.float64(16.6072), 0), ('426', np.float64(15.1215), 0), ('591', np.float64(14.6882), 0)]",0.3,1.0,0.4615384615384615,0.7222222222222222
79,BM25,0,0,"[('199', np.float64(25.7559), 0), ('544', np.float64(25.681), -1), ('755', np.float64(24.9114), 0), ('748', np.float64(23.2325), 0), ('597', np.float64(23.0891), 3), ('567', np.float64(21.8253), 0), ('1066', np.float64(18.5388), 0), ('251', np.float64(18.2093), 0), ('196', np.float64(18.0533), 0), ('52', np.float64(17.2981), 0)]",0.1,0.2,0.13333333333333333,0.05585777576972136
80,BM25,0,0,"[('544', np.float64(24.5789), -1), ('790', np.float64(18.7517), 0), ('1335', np.float64(15.4366), 0), ('878', np.float64(15.2774), 0), ('606', np.float64(14.8934), 0), ('251', np.float64(14.711), 0), ('1113', np.float64(14.104), 0), ('748', np.float64(13.8628), 0), ('814', np.float64(13.7099), 0), ('1066', np.float64(13.548), 0)]",0.0,0.0,0.0,0.00842167161679989
81,BM25,0,0,"[('714', np.float64(22.3335), 0), ('631', np.float64(21.7269), -1), ('755', np.float64(18.7703), 0), ('799', np.float64(18.6736), 4), ('1163', np.float64(17.2318), 0), ('672', np.float64(15.9892), 1), ('1153', np.float64(15.464), 0), ('1354', np.float64(15.0001), 0), ('140', np.float64(14.7328), 0), ('256', np.float64(14.2494), 0)]",0.2,1.0,0.33333333333333337,0.29166666666666663
82,BM25,0,0,"[('677', np.float64(27.3562), 2), ('1339', np.float64(27.2717), 0), ('1332', np.float64(26.9865), 0), ('678', np.float64(24.5391), 3), ('1334', np.float64(24.014), 0), ('676', np.float64(20.4033), 2), ('465', np.float64(19.4567), 0), ('315', np.float64(18.6812), 0), ('712', np.float64(18.1504), 0), ('632', np.float64(18.0891), -1)]",0.3,0.6,0.4,0.4323853989813243
83,BM25,0,0,"[('898', np.float64(15.2092), 0), ('1275', np.float64(14.2065), 0), ('753', np.float64(13.7047), 0), ('428', np.float64(13.4249), 0), ('633', np.float64(12.8045), -1), ('680', np.float64(11.8466), 2), ('97', np.float64(10.9838), 0), ('236', np.float64(10.7284), 0), ('1196', np.float64(10.536), 0), ('1330', np.float64(9.9015), 0)]",0.1,0.25,0.14285714285714288,0.07080556128175175
84,BM25,0,0,"[('142', np.float64(21.9948), 3), ('294', np.float64(20.7003), 3), ('522', np.float64(19.2007), 4), ('435', np.float64(18.8723), 0), ('1104', np.float64(18.0019), 0), ('959', np.float64(17.8956), 0), ('398', np.float64(17.5086), 0), ('1310', np.float64(17.3087), 0), ('873', np.float64(17.2138), 4), ('661', np.float64(16.9948), 0)]",0.4,0.36363636363636365,0.380952380952381,0.3744502961185068
85,BM25,0,0,"[('314', np.float64(19.3107), 0), ('184', np.float64(18.4136), 0), ('315', np.float64(18.3896), 0), ('84', np.float64(18.3355), 0), ('294', np.float64(17.3744), 0), ('7', np.float64(16.9368), 0), ('9', np.float64(16.5905), 0), ('1287', np.float64(16.5541), 0), ('719', np.float64(16.0843), 0), ('710', np.float64(16.0522), 3)]",0.1,0.25,0.14285714285714288,0.03752507413221699
86,BM25,0,0,"[('755', np.float64(46.8452), -1), ('790', np.float64(29.5682), 3), ('594', np.float64(24.8177), 3), ('431', np.float64(23.2747), 0), ('188', np.float64(19.5747), 0), ('179', np.float64(19.0725), 0), ('1155', np.float64(18.8157), 0), ('600', np.float64(18.5831), 0), ('280', np.float64(18.5588), 0), ('214', np.float64(16.7935), 0)]",0.2,1.0,0.33333333333333337,0.5833333333333333
87,BM25,0,0,"[('1228', np.float64(25.5027), 0), ('439', np.float64(22.0592), 0), ('1198', np.float64(21.3229), 0), ('334', np.float64(20.8318), 0), ('547', np.float64(20.6916), -1), ('797', np.float64(20.6764), 0), ('26', np.float64(20.6266), 0), ('572', np.float64(20.5453), 0), ('2', np.float64(19.9698), 0), ('625', np.float64(19.1483), 0)]",0.0,0.0,0.0,0.009650888133373794
88,BM25,0,0,"[('548', np.float64(42.5078), -1), ('617', np.float64(40.4192), 3), ('613', np.float64(38.8821), 2), ('622', np.float64(34.6698), 0), ('616', np.float64(32.4561), 3), ('614', np.float64(26.312), 2), ('615', np.float64(25.3111), 2), ('618', np.float64(22.1097), 4), ('1150', np.float64(20.4013), 0), ('958', np.float64(20.206), 0)]",0.6,1.0,0.7499999999999999,0.6496031746031746
89,BM25,0,0,"[('757', np.float64(27.8901), -1), ('801', np.float64(25.6688), 0), ('793', np.float64(24.9554), 2), ('797', np.float64(22.4291), 3), ('917', np.float64(21.6324), 0), ('924', np.float64(21.1065), 0), ('1338', np.float64(20.4413), 0), ('921', np.float64(20.283), 0), ('916', np.float64(19.8233), 0), ('464', np.float64(19.8034), 0)]",0.2,0.3333333333333333,0.25,0.26390198132146286
90,BM25,0,0,"[('265', np.float64(20.7391), 0), ('1187', np.float64(16.6914), 4), ('1228', np.float64(14.3228), 0), ('358', np.float64(13.9844), 0), ('311', np.float64(13.4022), 3), ('1257', np.float64(12.6957), 0), ('293', np.float64(12.3571), 0), ('71', np.float64(12.1457), 0), ('334', np.float64(12.1201), 0), ('291', np.float64(12.1083), 3)]",0.3,0.23076923076923078,0.2608695652173913,0.22496895057877644
91,BM25,0,0,"[('252', np.float64(17.0017), 2), ('924', np.float64(14.7118), 0), ('799', np.float64(14.1667), 3), ('431', np.float64(13.9967), 0), ('316', np.float64(12.8265), 0), ('1153', np.float64(12.4312), 0), ('925', np.float64(12.1625), 0), ('610', np.float64(10.8735), 0), ('315', np.float64(10.8565), 0), ('672', np.float64(10.6766), 4)]",0.3,0.3333333333333333,0.3157894736842105,0.3445598863087515
92,BM25,0,0,"[('758', np.float64(31.2929), -1), ('807', np.float64(28.6906), 4), ('1247', np.float64(25.8702), 3), ('810', np.float64(25.0265), 4), ('806', np.float64(23.7991), 4), ('804', np.float64(22.6591), 4), ('1252', np.float64(22.295), 0), ('809', np.float64(21.7279), 3), ('36', np.float64(21.6404), 0), ('28', np.float64(20.2924), 0)]",0.6,0.46153846153846156,0.5217391304347826,0.4601382584881405
93,BM25,0,0,"[('635', np.float64(42.9639), -1), ('691', np.float64(28.6513), 3), ('68', np.float64(24.512), 0), ('1143', np.float64(21.8684), 0), ('1336', np.float64(18.1187), 0), ('355', np.float64(16.5835), 0), ('572', np.float64(16.512), 0), ('1157', np.float64(16.3423), 0), ('686', np.float64(15.7122), 0), ('804', np.float64(15.6157), 0)]",0.1,1.0,0.18181818181818182,0.5
94,BM25,0,0,"[('1393', np.float64(27.041), 3), ('283', np.float64(24.3011), 3), ('983', np.float64(23.6668), 0), ('1161', np.float64(22.4838), 4), ('101', np.float64(20.3241), 4), ('559', np.float64(20.2909), 3), ('438', np.float64(20.0285), 0), ('1104', np.float64(19.5882), 4), ('662', np.float64(18.9957), 0), ('1394', np.float64(18.8349), 0)]",0.6,0.5,0.5454545454545454,0.582399861878453
95,BM25,0,0,"[('635', np.float64(18.5555), -1), ('662', np.float64(17.5452), 4), ('36', np.float64(13.8447), 0), ('628', np.float64(13.5801), 0), ('283', np.float64(13.4931), 1), ('689', np.float64(13.1907), 0), ('1002', np.float64(13.0167), 0), ('1258', np.float64(12.7045), 0), ('1191', np.float64(12.6625), 0), ('690', np.float64(12.3991), 0)]",0.2,1.0,0.33333333333333337,0.45
96,BM25,0,0,"[('637', np.float64(25.1475), -1), ('699', np.float64(20.8107), 4), ('1339', np.float64(20.4842), 4), ('698', np.float64(19.0747), 4), ('465', np.float64(17.9713), 0), ('779', np.float64(17.374), 3), ('1332', np.float64(16.9156), 0), ('1334', np.float64(16.6599), 0), ('712', np.float64(16.088), 0), ('705', np.float64(15.9333), 3)]",0.5,0.38461538461538464,0.4347826086956522,0.39200774494724333
97,BM25,0,0,"[('251', np.float64(15.6124), 0), ('1331', np.float64(15.5232), 0), ('779', np.float64(15.2441), 3), ('728', np.float64(14.2852), 0), ('1214', np.float64(13.5533), 0), ('36', np.float64(12.9769), 0), ('953', np.float64(10.9607), 0), ('1334', np.float64(10.91), 0), ('187', np.float64(10.8519), 0), ('824', np.float64(10.5921), 0)]",0.1,0.1,0.10000000000000002,0.0710611594898691
98,BM25,0,0,"[('638', np.float64(32.1547), -1), ('673', np.float64(27.9886), 0), ('1343', np.float64(23.4247), 0), ('315', np.float64(21.548), 0), ('288', np.float64(18.9148), 0), ('521', np.float64(18.7867), 0), ('1095', np.float64(18.5798), 0), ('792', np.float64(17.0794), 0), ('712', np.float64(16.9307), 4), ('902', np.float64(16.7222), 0)]",0.1,0.2,0.13333333333333333,0.02968341765257418
99,BM25,0,0,"[('639', np.float64(27.7126), -1), ('962', np.float64(23.2152), 0), ('42', np.float64(22.4355), 0), ('715', np.float64(22.357), 0), ('613', np.float64(21.3875), 0), ('36', np.float64(21.3318), 0), ('914', np.float64(21.2315), 0), ('958', np.float64(21.0833), 0), ('1035', np.float64(20.2933), 0), ('403', np.float64(20.2844), 0)]",0.0,0.0,0.0,0.06034227765556834
100,BM25,0,0,"[('1122', np.float64(34.48), 2), ('760', np.float64(33.6283), -1), ('822', np.float64(33.1309), 2), ('1126', np.float64(31.0341), 0), ('1068', np.float64(30.4107), 0), ('1171', np.float64(29.0234), 0), ('1051', np.float64(28.6453), 3), ('739', np.float64(28.3127), 0), ('741', np.float64(28.1378), 0), ('1067', np.float64(27.2172), 0)]",0.3,0.3333333333333333,0.3157894736842105,0.28217839702947817
101,BM25,0,0,"[('819', np.float64(35.5317), 2), ('817', np.float64(32.4412), 2), ('820', np.float64(29.1014), 3), ('823', np.float64(28.1383), 0), ('1119', np.float64(27.7081), 0), ('760', np.float64(26.7799), -1), ('837', np.float64(25.3873), 0), ('825', np.float64(24.3155), 3), ('826', np.float64(23.593), 0), ('818', np.float64(22.9423), 2)]",0.5,0.8333333333333334,0.625,0.7083333333333334
102,BM25,0,0,"[('910', np.float64(16.1316), 3), ('729', np.float64(11.5903), -1), ('516', np.float64(11.3663), 0), ('720', np.float64(10.6962), 0), ('1007', np.float64(10.3131), 0), ('1001', np.float64(9.2448), 0), ('998', np.float64(9.1229), 0), ('713', np.float64(8.9478), 0), ('1331', np.float64(8.649), 0), ('1006', np.float64(8.5857), 0)]",0.1,0.25,0.14285714285714288,0.32891358124277376
103,BM25,0,0,"[('761', np.float64(20.9453), -1), ('1048', np.float64(12.5545), 0), ('1050', np.float64(12.3138), 0), ('1127', np.float64(11.8531), 0), ('956', np.float64(11.6676), 0), ('1214', np.float64(11.5824), 0), ('1126', np.float64(11.2794), 0), ('951', np.float64(10.7015), 0), ('251', np.float64(10.1203), 0), ('720', np.float64(9.9232), 0)]",0.0,0.0,0.0,0.028973950026581603
104,BM25,0,0,"[('762', np.float64(30.8831), -1), ('1024', np.float64(20.5355), 0), ('1294', np.float64(19.0629), 0), ('1019', np.float64(18.4403), 0), ('837', np.float64(16.6999), 3), ('744', np.float64(16.5533), 0), ('644', np.float64(16.1185), 0), ('835', np.float64(16.0286), 3), ('462', np.float64(15.8967), 0), ('1055', np.float64(15.4548), 0)]",0.2,0.4,0.26666666666666666,0.12218198077353007
105,BM25,0,0,"[('848', np.float64(39.3586), 3), ('764', np.float64(39.1048), -1), ('847', np.float64(23.273), 4), ('953', np.float64(18.745), 0), ('1068', np.float64(14.9033), 0), ('117', np.float64(14.8264), 0), ('1126', np.float64(14.751), 0), ('887', np.float64(13.0081), 0), ('739', np.float64(12.919), 0), ('763', np.float64(12.8256), 0)]",0.2,0.4,0.26666666666666666,0.4061933477452876
106,BM25,0,0,"[('764', np.float64(10.7937), -1), ('42', np.float64(9.5239), 0), ('552', np.float64(8.5501), 0), ('844', np.float64(8.3741), 4), ('908', np.float64(8.1126), 0), ('846', np.float64(8.0082), 3), ('847', np.float64(7.8215), 2), ('728', np.float64(7.5887), 0), ('1066', np.float64(7.4266), 0), ('740', np.float64(7.3054), 0)]",0.3,0.6,0.4,0.21667991938526487
107,BM25,0,0,"[('640', np.float64(32.9477), -1), ('725', np.float64(24.702), 2), ('909', np.float64(22.3437), 4), ('883', np.float64(20.5457), 0), ('29', np.float64(19.3746), 0), ('220', np.float64(18.5241), 0), ('658', np.float64(18.1232), 0), ('184', np.float64(17.4246), 0), ('345', np.float64(17.3218), 0), ('724', np.float64(17.1119), 0)]",0.2,0.2857142857142857,0.23529411764705882,0.24908418258453655
108,BM25,0,0,"[('75', np.float64(25.7446), 3), ('720', np.float64(20.953), 4), ('724', np.float64(18.4702), 2), ('881', np.float64(16.1417), 0), ('726', np.float64(15.5662), 2), ('727', np.float64(15.3271), 2), ('884', np.float64(15.2886), 0), ('951', np.float64(13.3511), 0), ('909', np.float64(13.0261), 3), ('837', np.float64(12.5493), 0)]",0.6,0.8571428571428571,0.7058823529411764,0.8285714285714285
109,BM25,0,0,"[('1008', np.float64(14.0008), 0), ('711', np.float64(13.6448), 0), ('859', np.float64(13.5653), 0), ('51', np.float64(13.3523), 0), ('5', np.float64(13.0515), 0), ('31', np.float64(11.9642), 0), ('391', np.float64(11.7271), 0), ('627', np.float64(11.1146), 0), ('982', np.float64(10.6916), 0), ('729', np.float64(9.5959), 0)]",0.0,0.0,0.0,0.03046696338754301
110,BM25,0,0,"[('1117', np.float64(21.048), 0), ('1387', np.float64(20.0179), 0), ('1131', np.float64(19.5577), 0), ('1071', np.float64(18.4445), 0), ('642', np.float64(18.2885), 0), ('1020', np.float64(18.1508), 0), ('1013', np.float64(17.4649), 0), ('1032', np.float64(17.054), 0), ('915', np.float64(17.0322), 0), ('412', np.float64(16.6049), 0)]",0.0,0.0,0.0,0.016429829193164568
111,BM25,0,0,"[('894', np.float64(28.5054), -1), ('857', np.float64(19.778), 0), ('627', np.float64(18.968), 3), ('390', np.float64(18.9678), 0), ('658', np.float64(18.2135), 3), ('1008', np.float64(17.852), 0), ('766', np.float64(17.5263), 0), ('859', np.float64(17.2256), 0), ('856', np.float64(16.8776), 0), ('285', np.float64(16.4571), 0)]",0.2,0.2857142857142857,0.23529411764705882,0.2355597517599415
112,BM25,0,0,"[('641', np.float64(48.5561), -1), ('730', np.float64(33.3335), 4), ('733', np.float64(22.8921), 0), ('422', np.float64(21.4275), 0), ('735', np.float64(21.2744), 0), ('527', np.float64(21.1233), 0), ('736', np.float64(20.9592), 0), ('734', np.float64(20.9528), 0), ('15', np.float64(20.1228), 0), ('644', np.float64(19.8086), 0)]",0.1,0.5,0.16666666666666669,0.3333333333333333
113,BM25,0,0,"[('748', np.float64(19.322), 3), ('708', np.float64(17.9977), 0), ('704', np.float64(17.5998), 0), ('815', np.float64(17.5883), 0), ('265', np.float64(16.7505), 3), ('52', np.float64(16.4108), 0), ('685', np.float64(16.0757), 0), ('1272', np.float64(14.854), 0), ('1328', np.float64(14.374), 0), ('1338', np.float64(14.3394), 0)]",0.2,0.5,0.28571428571428575,0.3718641114982578
114,BM25,0,0,"[('895', np.float64(45.3837), -1), ('918', np.float64(30.1993), 0), ('1266', np.float64(29.3546), 0), ('315', np.float64(29.1539), 0), ('676', np.float64(28.9196), 0), ('609', np.float64(27.5384), 0), ('1290', np.float64(27.4724), 0), ('685', np.float64(26.6572), 0), ('704', np.float64(26.3745), 0), ('1333', np.float64(26.0468), 0)]",0.0,0.0,0.0,0.043167480998032394
115,BM25,0,0,"[('540', np.float64(17.6198), 0), ('184', np.float64(16.4071), -1), ('782', np.float64(15.9291), 0), ('625', np.float64(15.8565), 0), ('486', np.float64(15.4629), 0), ('13', np.float64(15.0686), 0), ('1400', np.float64(14.2618), 0), ('139', np.float64(14.0315), 0), ('1068', np.float64(13.9244), 0), ('1274', np.float64(12.9656), 0)]",0.0,0.0,0.0,0.039045581142585425
116,BM25,0,0,"[('522', np.float64(26.0579), 0), ('1038', np.float64(22.5945), 0), ('1106', np.float64(22.592), 0), ('605', np.float64(21.6238), 3), ('759', np.float64(19.9323), 0), ('384', np.float64(19.892), 0), ('272', np.float64(19.4951), 0), ('1218', np.float64(17.4971), 0), ('423', np.float64(17.3457), 0), ('1202', np.float64(16.0925), 0)]",0.1,0.2,0.13333333333333333,0.06549566860209091
117,BM25,0,0,"[('282', np.float64(21.3879), 0), ('229', np.float64(21.1913), 0), ('230', np.float64(19.2922), 0), ('924', np.float64(17.882), 0), ('60', np.float64(17.7808), 0), ('927', np.float64(16.9237), 0), ('1304', np.float64(16.884), 0), ('907', np.float64(16.6799), 0), ('1164', np.float64(16.4215), 0), ('1285', np.float64(15.6519), 0)]",0.0,0.0,0.0,0.03479010925819437
118,BM25,0,0,"[('924', np.float64(23.2548), 3), ('923', np.float64(23.1865), 2), ('1243', np.float64(22.8493), 0), ('431', np.float64(21.812), 0), ('229', np.float64(21.5479), 0), ('230', np.float64(21.4262), 0), ('545', np.float64(21.4123), 0), ('803', np.float64(21.1794), 0), ('1062', np.float64(20.6397), 0), ('1239', np.float64(20.5273), 0)]",0.2,0.6666666666666666,0.30769230769230765,0.6790123456790124
119,BM25,0,0,"[('926', np.float64(28.3595), 4), ('928', np.float64(26.4837), 0), ('739', np.float64(24.0191), 0), ('897', np.float64(23.7954), -1), ('1034', np.float64(23.2493), 0), ('1068', np.float64(23.1575), 0), ('1024', np.float64(22.9839), 0), ('744', np.float64(22.7233), 0), ('1132', np.float64(21.7612), 0), ('763', np.float64(21.5055), 0)]",0.1,1.0,0.18181818181818182,1.0
120,BM25,0,0,"[('769', np.float64(44.5757), -1), ('887', np.float64(36.981), 2), ('890', np.float64(29.2082), 2), ('886', np.float64(25.4892), 3), ('1146', np.float64(24.6435), 2), ('741', np.float64(24.1858), 0), ('1117', np.float64(24.1334), 0), ('885', np.float64(24.0993), 3), ('1172', np.float64(23.7633), 0), ('765', np.float64(23.5638), 0)]",0.5,0.5555555555555556,0.5263157894736842,0.4806044811193553
121,BM25,0,0,"[('769', np.float64(27.448), -1), ('887', np.float64(25.1222), 1), ('1146', np.float64(24.6022), 2), ('888', np.float64(24.4336), 1), ('890', np.float64(22.185), 1), ('837', np.float64(19.3338), 0), ('742', np.float64(18.3418), 0), ('1127', np.float64(17.625), 0), ('1172', np.float64(16.1651), 0), ('885', np.float64(15.9583), 1)]",0.5,0.7142857142857143,0.588235294117647,0.5384848484848485
122,BM25,0,0,"[('1068', np.float64(23.0149), 0), ('898', np.float64(21.6502), -1), ('1070', np.float64(18.3641), 0), ('371', np.float64(18.1691), 0), ('828', np.float64(16.3975), 0), ('934', np.float64(16.3574), 4), ('251', np.float64(15.6993), 0), ('78', np.float64(15.281), 0), ('1287', np.float64(14.6194), 0), ('931', np.float64(14.2727), 4)]",0.2,0.2222222222222222,0.2105263157894737,0.15043950587326818
123,BM25,0,0,"[('1360', np.float64(22.3449), 0), ('147', np.float64(15.098), 0), ('775', np.float64(14.2395), 0), ('1221', np.float64(14.081), 0), ('1078', np.float64(13.2476), 0), ('917', np.float64(13.1012), 0), ('131', np.float64(13.0753), 0), ('186', np.float64(12.9215), 0), ('537', np.float64(12.8752), 0), ('740', np.float64(12.8153), 0)]",0.0,0.0,0.0,0.03173076923076923
124,BM25,0,0,"[('941', np.float64(37.5364), -1), ('1068', np.float64(31.1321), 0), ('371', np.float64(25.8917), 0), ('828', np.float64(24.9299), 0), ('625', np.float64(22.6854), 0), ('516', np.float64(22.5122), 0), ('442', np.float64(22.5101), 0), ('504', np.float64(22.4749), 0), ('898', np.float64(21.93), 0), ('251', np.float64(21.8202), 0)]",0.0,0.0,0.0,0.0036874717909464562
125,BM25,0,0,"[('997', np.float64(14.4379), 2), ('993', np.float64(13.7862), 0), ('1074', np.float64(11.5909), 0), ('970', np.float64(11.3211), 2), ('1350', np.float64(11.2061), 0), ('696', np.float64(11.1922), 0), ('176', np.float64(11.0048), 3), ('1093', np.float64(10.5413), 0), ('1195', np.float64(10.351), 0), ('1075', np.float64(10.2221), 0)]",0.3,0.17647058823529413,0.22222222222222224,0.27199019769456845
126,BM25,0,0,"[('1326', np.float64(25.809), 2), ('1288', np.float64(21.0204), 0), ('974', np.float64(20.7133), 2), ('773', np.float64(16.5137), 0), ('1095', np.float64(16.3885), 0), ('397', np.float64(11.1493), 0), ('1265', np.float64(10.8084), 0), ('1083', np.float64(10.4663), 0), ('1169', np.float64(9.9084), 0), ('237', np.float64(9.7431), 0)]",0.2,0.25,0.22222222222222224,0.222492183755029
127,BM25,0,0,"[('869', np.float64(21.2825), 0), ('981', np.float64(19.6723), 3), ('585', np.float64(19.0822), 0), ('5', np.float64(19.072), 0), ('6', np.float64(18.9193), 0), ('582', np.float64(17.2009), 0), ('91', np.float64(16.7933), 0), ('1024', np.float64(16.312), 0), ('944', np.float64(15.6635), -1), ('587', np.float64(15.3579), 0)]",0.1,0.2,0.13333333333333333,0.146241564175339
128,BM25,0,0,"[('945', np.float64(34.4485), -1), ('1063', np.float64(19.0057), 0), ('92', np.float64(16.4213), 0), ('762', np.float64(14.9405), 0), ('1246', np.float64(14.9096), 0), ('745', np.float64(14.4247), 0), ('1043', np.float64(13.43), 0), ('1087', np.float64(12.6466), 0), ('606', np.float64(12.6166), 0), ('648', np.float64(12.5944), 0)]",0.0,0.0,0.0,0.01918993957210518
129,BM25,0,0,"[('945', np.float64(31.3073), -1), ('988', np.float64(23.6596), 3), ('987', np.float64(20.4579), 2), ('989', np.float64(20.0298), 3), ('985', np.float64(19.1554), 2), ('527', np.float64(17.6001), 0), ('314', np.float64(17.2798), 0), ('278', np.float64(14.7949), 0), ('73', np.float64(13.6201), 0), ('1310', np.float64(12.7809), 0)]",0.4,0.5714285714285714,0.47058823529411764,0.4264068419707155
130,BM25,0,0,"[('859', np.float64(37.8564), 3), ('948', np.float64(30.1838), -1), ('1008', np.float64(23.4613), 3), ('766', np.float64(22.0814), 2), ('729', np.float64(21.8905), 0), ('5', np.float64(20.5785), 0), ('391', np.float64(18.8351), 0), ('858', np.float64(18.6307), 3), ('627', np.float64(16.6743), 0), ('857', np.float64(16.3299), 0)]",0.4,0.8,0.5333333333333333,0.5847319347319347
131,BM25,0,0,"[('950', np.float64(42.3751), -1), ('1021', np.float64(33.4208), 0), ('1022', np.float64(22.8217), 0), ('1014', np.float64(22.4058), 2), ('1023', np.float64(22.1558), 0), ('1017', np.float64(19.8236), 3), ('1025', np.float64(19.3674), 0), ('1019', np.float64(18.7131), 3), ('330', np.float64(18.6971), 0), ('1012', np.float64(18.1929), 4)]",0.4,0.5,0.4444444444444445,0.2594284188034188
132,BM25,0,0,"[('1021', np.float64(14.0014), 0), ('950', np.float64(13.2843), -1), ('1017', np.float64(13.2737), 3), ('1013', np.float64(12.5294), 3), ('1026', np.float64(12.1666), 3), ('1020', np.float64(11.7246), 4), ('1023', np.float64(11.5898), 3), ('1052', np.float64(11.4447), 0), ('1015', np.float64(11.3097), 3), ('951', np.float64(10.9354), 3)]",0.7,0.4666666666666667,0.56,0.5822419151420363
133,BM25,0,0,"[('950', np.float64(12.9642), -1), ('951', np.float64(12.7548), 0), ('1013', np.float64(12.5294), 0), ('1026', np.float64(12.1666), 0), ('1020', np.float64(11.7246), 1), ('1023', np.float64(11.5898), 0), ('1028', np.float64(11.435), 0), ('1017', np.float64(11.3551), 0), ('1015', np.float64(11.3097), 0), ('1014', np.float64(10.8561), 0)]",0.1,0.14285714285714285,0.11764705882352941,0.2464631122968142
134,BM25,0,0,"[('866', np.float64(24.5006), 0), ('951', np.float64(21.9472), -1), ('1012', np.float64(21.3715), 0), ('1015', np.float64(17.0487), 0), ('1013', np.float64(16.6625), 0), ('1017', np.float64(16.6438), 0), ('1028', np.float64(16.3328), 3), ('1014', np.float64(15.6101), 0), ('1020', np.float64(15.2865), 0), ('1021', np.float64(14.4056), 0)]",0.1,0.5,0.16666666666666669,0.12142857142857143
135,BM25,0,0,"[('1013', np.float64(20.011), 0), ('1026', np.float64(19.9959), 4), ('950', np.float64(19.8406), 4), ('1020', np.float64(19.7181), 0), ('951', np.float64(19.718), -1), ('1029', np.float64(18.401), 0), ('1017', np.float64(18.0763), 4), ('1014', np.float64(17.7942), 0), ('1021', np.float64(17.459), 0), ('1023', np.float64(17.3881), 4)]",0.4,0.5,0.4444444444444445,0.457980907980908
136,BM25,0,0,"[('1021', np.float64(20.3502), 1), ('951', np.float64(20.3175), -1), ('1125', np.float64(18.3001), 0), ('1033', np.float64(17.2653), 0), ('829', np.float64(16.117), 0), ('140', np.float64(15.6489), 0), ('1070', np.float64(15.2581), 0), ('831', np.float64(15.2435), 0), ('1031', np.float64(15.0414), 0), ('1068', np.float64(14.8407), 0)]",0.1,0.3333333333333333,0.15384615384615383,0.40247252747252743
137,BM25,0,0,"[('952', np.float64(69.4304), -1), ('1023', np.float64(45.445), 0), ('1026', np.float64(44.1413), 0), ('1034', np.float64(39.1538), 3), ('1021', np.float64(34.9237), 3), ('1017', np.float64(34.0613), 0), ('1024', np.float64(30.3253), 0), ('1013', np.float64(29.8485), 0), ('1025', np.float64(29.3977), 0), ('1012', np.float64(29.1773), 0)]",0.2,0.5,0.28571428571428575,0.19407051282051282
138,BM25,0,0,"[('897', np.float64(21.9592), 0), ('764', np.float64(20.7144), 0), ('844', np.float64(19.1717), 0), ('846', np.float64(18.4223), 1), ('953', np.float64(18.192), -1), ('841', np.float64(17.7276), 0), ('887', np.float64(17.6539), 0), ('1068', np.float64(16.9366), 0), ('740', np.float64(16.8936), 0), ('760', np.float64(16.6599), 0)]",0.1,0.5,0.16666666666666669,0.13194444444444445
139,BM25,0,0,"[('826', np.float64(23.9137), 0), ('897', np.float64(23.284), 0), ('887', np.float64(22.3938), 0), ('844', np.float64(21.3265), 0), ('764', np.float64(20.8497), 0), ('846', np.float64(20.6412), 0), ('763', np.float64(20.0394), 0), ('1038', np.float64(20.0301), 0), ('760', np.float64(19.452), 0), ('1068', np.float64(18.8893), 0)]",0.0,0.0,0.0,0.004698454681715274
140,BM25,0,0,"[('954', np.float64(27.3073), -1), ('1038', np.float64(19.3797), 1), ('890', np.float64(11.3733), 0), ('720', np.float64(10.9793), 0), ('497', np.float64(10.8), 0), ('870', np.float64(10.7937), 0), ('769', np.float64(10.7148), 0), ('31', np.float64(10.6927), 0), ('840', np.float64(9.744), 0), ('580', np.float64(9.3555), 0)]",0.1,0.16666666666666666,0.125,0.10953243917678963
141,BM25,0,0,"[('1038', np.float64(17.2807), 1), ('828', np.float64(15.8064), 0), ('851', np.float64(15.7939), 0), ('1043', np.float64(15.4637), 2), ('889', np.float64(15.2445), 0), ('1135', np.float64(14.7622), 0), ('843', np.float64(14.5461), 0), ('1137', np.float64(13.2287), 0), ('1134', np.float64(12.8017), 0), ('1214', np.float64(12.7211), 0)]",0.2,0.3333333333333333,0.25,0.3075328620999934
142,BM25,0,0,"[('954', np.float64(20.8451), -1), ('890', np.float64(16.3116), 0), ('1125', np.float64(15.4901), 0), ('769', np.float64(14.6265), 0), ('1134', np.float64(14.5915), 0), ('1068', np.float64(13.413), 0), ('765', np.float64(13.1885), 0), ('887', np.float64(12.8904), 0), ('1175', np.float64(12.7594), 0), ('827', np.float64(12.5777), 0)]",0.0,0.0,0.0,0.0013477088948787063
143,BM25,0,0,"[('1043', np.float64(18.1108), 1), ('1051', np.float64(16.8166), 0), ('954', np.float64(15.9333), -1), ('828', np.float64(14.2421), 0), ('889', np.float64(13.6018), 0), ('955', np.float64(13.4019), 0), ('1134', np.float64(12.8176), 0), ('930', np.float64(12.515), 0), ('843', np.float64(12.3817), 0), ('839', np.float64(12.2493), 0)]",0.1,0.5,0.16666666666666669,0.5714285714285714
144,BM25,0,0,"[('955', np.float64(38.0617), -1), ('839', np.float64(34.8313), 3), ('763', np.float64(33.1329), 3), ('1045', np.float64(32.7114), 2), ('1363', np.float64(30.8086), 0), ('838', np.float64(29.4809), 3), ('840', np.float64(27.7755), 2), ('1051', np.float64(25.6065), 0), ('1178', np.float64(24.4964), 0), ('1126', np.float64(24.4889), 0)]",0.5,0.8333333333333334,0.625,0.5659966172261254
145,BM25,0,0,"[('1051', np.float64(34.6707), 0), ('839', np.float64(28.8792), 2), ('1045', np.float64(26.8647), 3), ('838', np.float64(24.1106), 2), ('763', np.float64(22.5966), 2), ('955', np.float64(20.5942), -1), ('1046', np.float64(20.5824), 0), ('1118', np.float64(20.3416), 0), ('1126', np.float64(19.8586), 0), ('827', np.float64(17.4597), 0)]",0.4,0.5714285714285714,0.47058823529411764,0.4092515592515592
146,BM25,0,0,"[('1045', np.float64(37.3182), 3), ('955', np.float64(37.3178), -1), ('730', np.float64(23.836), 0), ('840', np.float64(23.6537), 1), ('1175', np.float64(23.5894), 0), ('641', np.float64(23.1522), 0), ('839', np.float64(20.7531), 0), ('763', np.float64(19.1162), 0), ('1046', np.float64(17.4269), 0), ('854', np.float64(17.1874), 0)]",0.2,1.0,0.33333333333333337,0.75
147,BM25,0,0,"[('956', np.float64(46.0615), -1), ('1050', np.float64(42.1936), 3), ('1049', np.float64(24.0954), 4), ('1358', np.float64(17.6915), 0), ('843', np.float64(17.572), 3), ('1119', np.float64(17.4597), 0), ('1128', np.float64(16.6972), 0), ('1392', np.float64(16.502), 0), ('1357', np.float64(16.0813), 0), ('1387', np.float64(15.4592), 0)]",0.3,0.3,0.3,0.2596424022528113
148,BM25,0,0,"[('956', np.float64(25.4979), -1), ('1048', np.float64(24.0719), 2), ('1126', np.float64(22.4323), 0), ('1050', np.float64(17.935), 2), ('763', np.float64(16.2765), 0), ('838', np.float64(15.7025), 0), ('739', np.float64(15.5538), 0), ('1051', np.float64(15.2597), 0), ('761', np.float64(14.8664), 0), ('1118', np.float64(14.4378), 0)]",0.2,0.3333333333333333,0.25,0.22526271473579343
149,BM25,0,0,"[('930', np.float64(18.7591), 3), ('1051', np.float64(18.426), 0), ('926', np.float64(16.4997), 0), ('1070', np.float64(14.6715), 0), ('931', np.float64(14.1728), 3), ('826', np.float64(13.7859), 0), ('1059', np.float64(12.4063), 3), ('1058', np.float64(12.321), 3), ('937', np.float64(11.5879), 3), ('1053', np.float64(11.3816), 0)]",0.5,0.45454545454545453,0.47619047619047616,0.36932709197606484
150,BM25,0,0,"[('1062', np.float64(29.0185), -1), ('1074', np.float64(27.0646), 3), ('1075', np.float64(26.9569), 3), ('924', np.float64(17.5204), 0), ('1202', np.float64(17.4359), 0), ('970', np.float64(17.1576), 0), ('923', np.float64(16.9409), 0), ('1243', np.float64(16.5772), 0), ('696', np.float64(16.3146), 0), ('1239', np.float64(15.7812), 0)]",0.2,1.0,0.33333333333333337,0.5833333333333333
151,BM25,0,0,"[('251', np.float64(14.3549), 0), ('783', np.float64(13.8841), 0), ('924', np.float64(13.4439), 0), ('52', np.float64(12.8401), 0), ('433', np.float64(12.5186), 0), ('1246', np.float64(12.0302), 0), ('676', np.float64(11.8117), 0), ('781', np.float64(11.5497), 0), ('101', np.float64(11.4175), 0), ('1266', np.float64(11.3005), 0)]",0.0,0.0,0.0,0.022733760808536084
152,BM25,0,0,"[('671', np.float64(17.7315), 0), ('42', np.float64(17.7015), 0), ('1362', np.float64(15.704), 0), ('1225', np.float64(14.5402), 0), ('1076', np.float64(13.9432), 1), ('94', np.float64(13.9049), 0), ('36', np.float64(13.8417), 0), ('80', np.float64(13.7983), 0), ('1079', np.float64(13.4145), 0), ('346', np.float64(13.2115), 0)]",0.1,0.16666666666666666,0.125,0.04489478679460269
153,BM25,0,0,"[('1063', np.float64(28.0262), -1), ('1085', np.float64(16.9171), 3), ('1081', np.float64(16.4168), 4), ('1082', np.float64(16.1035), 4), ('393', np.float64(15.1646), 0), ('394', np.float64(14.1166), 0), ('329', np.float64(13.5807), 0), ('117', np.float64(13.207), 0), ('323', np.float64(12.7726), 0), ('149', np.float64(12.0902), 0)]",0.3,0.42857142857142855,0.3529411764705882,0.3175685678283476
154,BM25,0,0,"[('1088', np.float64(31.9988), 3), ('1086', np.float64(21.9812), 0), ('1054', np.float64(21.404), 0), ('1055', np.float64(20.4848), 0), ('111', np.float64(20.2141), 0), ('367', np.float64(16.6029), 0), ('1063', np.float64(15.2194), -1), ('1087', np.float64(14.1369), 2), ('777', np.float64(13.4579), 0), ('159', np.float64(13.1882), 0)]",0.2,1.0,0.33333333333333337,0.625
155,BM25,0,0,"[('1101', np.float64(16.5564), 3), ('804', np.float64(14.9827), 0), ('1065', np.float64(11.6382), -1), ('810', np.float64(11.0952), 0), ('553', np.float64(10.7113), 0), ('1279', np.float64(10.1891), 0), ('1226', np.float64(9.5458), 0), ('1097', np.float64(9.4181), 0), ('1099', np.float64(9.3985), 4), ('968', np.float64(9.2997), 0)]",0.2,0.3333333333333333,0.25,0.2525251318094108
156,BM25,0,0,"[('1096', np.float64(20.8362), 3), ('1097', np.float64(20.191), 2), ('1065', np.float64(19.2007), -1), ('553', np.float64(18.1546), 2), ('1098', np.float64(16.2751), 3), ('1099', np.float64(15.5376), 3), ('1100', np.float64(13.8896), 2), ('1279', np.float64(13.8456), 0), ('534', np.float64(11.87), 0), ('761', np.float64(11.519), 0)]",0.6,0.42857142857142855,0.5,0.4981977461153274
157,BM25,0,0,"[('1006', np.float64(33.017), -1), ('456', np.float64(24.302), 2), ('1393', np.float64(24.2565), 0), ('160', np.float64(23.9642), 3), ('318', np.float64(22.7221), 3), ('498', np.float64(22.693), 0), ('556', np.float64(22.574), 2), ('626', np.float64(22.0825), 2), ('493', np.float64(21.799), 0), ('369', np.float64(21.4225), 3)]",0.6,0.15384615384615385,0.2448979591836735,0.27862700448743377
158,BM25,0,0,"[('302', np.float64(13.8234), 1), ('949', np.float64(11.3587), 0), ('552', np.float64(11.2738), 2), ('236', np.float64(10.9585), 0), ('328', np.float64(10.4254), 0), ('1269', np.float64(9.9269), 0), ('262', np.float64(9.6889), 0), ('982', np.float64(9.5184), 0), ('691', np.float64(9.5123), 0), ('1199', np.float64(9.463), 0)]",0.2,0.25,0.22222222222222224,0.27111656184391564
159,BM25,0,0,"[('1066', np.float64(30.2312), -1), ('1197', np.float64(21.605), 0), ('1259', np.float64(17.9577), 0), ('1112', np.float64(17.6773), 3), ('801', np.float64(15.4528), 0), ('846', np.float64(14.9783), 0), ('1293', np.float64(14.9484), 0), ('52', np.float64(14.6681), 0), ('716', np.float64(14.6343), 0), ('42', np.float64(14.1834), 0)]",0.1,0.125,0.11111111111111112,0.05459596288863518
160,BM25,0,0,"[('1071', np.float64(54.5047), -1), ('885', np.float64(48.6984), 0), ('890', np.float64(41.8716), 0), ('769', np.float64(41.5292), 0), ('740', np.float64(36.7281), 0), ('830', np.float64(35.7069), 0), ('1134', np.float64(35.3817), 3), ('765', np.float64(33.4148), 0), ('887', np.float64(32.9371), 0), ('739', np.float64(32.0087), 0)]",0.1,0.2,0.13333333333333333,0.05288498453636069
161,BM25,0,0,"[('1386', np.float64(37.5543), 2), ('54', np.float64(31.633), 2), ('1185', np.float64(29.9657), 0), ('460', np.float64(27.7428), 0), ('145', np.float64(27.065), 0), ('55', np.float64(26.9959), 4), ('1192', np.float64(26.8593), 0), ('435', np.float64(24.5772), 0), ('784', np.float64(24.5229), 0), ('539', np.float64(24.4501), 0)]",0.3,0.5,0.37499999999999994,0.43287397571144903
162,BM25,0,0,"[('460', np.float64(28.5316), 2), ('55', np.float64(27.7743), 0), ('1386', np.float64(24.9113), 0), ('489', np.float64(24.1117), -1), ('366', np.float64(23.6112), 0), ('135', np.float64(23.345), 0), ('461', np.float64(23.2893), 2), ('1109', np.float64(23.2031), 0), ('559', np.float64(22.6439), 0), ('292', np.float64(22.4205), 0)]",0.2,0.25,0.22222222222222224,0.2434528221679924
163,BM25,0,0,"[('492', np.float64(37.627), -1), ('232', np.float64(27.6371), 0), ('56', np.float64(25.3291), 3), ('57', np.float64(24.6027), 3), ('973', np.float64(21.6433), 0), ('124', np.float64(21.6425), 0), ('37', np.float64(21.3744), 0), ('434', np.float64(20.9144), 0), ('1311', np.float64(20.6099), 0), ('1231', np.float64(20.2868), 0)]",0.2,0.6666666666666666,0.30769230769230765,0.28662733529990164
164,BM25,0,0,"[('311', np.float64(17.0644), 2), ('265', np.float64(16.0863), 0), ('415', np.float64(15.3529), 3), ('1187', np.float64(14.1042), 0), ('503', np.float64(13.9395), -1), ('358', np.float64(13.4738), 0), ('316', np.float64(12.5604), 4), ('71', np.float64(12.1654), 0), ('1228', np.float64(11.7164), 0), ('291', np.float64(11.5455), 0)]",0.3,0.375,0.33333333333333326,0.4327741854681509
165,BM25,0,0,"[('504', np.float64(22.9386), -1), ('71', np.float64(19.9269), 1), ('569', np.float64(15.1585), 0), ('72', np.float64(14.3159), 1), ('1375', np.float64(14.2134), 0), ('209', np.float64(13.7406), 0), ('1276', np.float64(13.5855), 0), ('663', np.float64(13.4271), 0), ('978', np.float64(13.1154), 0), ('383', np.float64(11.5218), 0)]",0.2,1.0,0.33333333333333337,0.5
166,BM25,0,0,"[('504', np.float64(24.3911), -1), ('663', np.float64(16.1875), 0), ('334', np.float64(16.1381), 0), ('71', np.float64(15.9419), 0), ('569', np.float64(15.1098), 0), ('209', np.float64(14.8127), 0), ('1276', np.float64(14.3768), 0), ('36', np.float64(14.368), 0), ('72', np.float64(14.3159), 0), ('1220', np.float64(14.1496), 0)]",0.0,0.0,0.0,0.029447698745038352
167,BM25,0,0,"[('553', np.float64(25.3401), 0), ('1279', np.float64(20.0294), 0), ('274', np.float64(16.5115), 2), ('1043', np.float64(16.2164), 0), ('1100', np.float64(15.9961), 0), ('82', np.float64(15.1765), 3), ('1157', np.float64(14.9226), 0), ('1147', np.float64(14.7883), 0), ('1297', np.float64(12.8275), 0), ('1098', np.float64(12.5928), 0)]",0.2,1.0,0.33333333333333337,0.3333333333333333
168,BM25,0,0,"[('750', np.float64(28.213), -1), ('118', np.float64(27.1329), 0), ('965', np.float64(22.4025), 0), ('341', np.float64(21.3224), 0), ('157', np.float64(20.793), 0), ('217', np.float64(19.3121), 1), ('696', np.float64(17.1316), 0), ('591', np.float64(16.5143), 0), ('1224', np.float64(16.1594), 0), ('656', np.float64(16.1557), 0)]",0.1,0.5,0.16666666666666669,0.08490813648293963
169,BM25,0,0,"[('750', np.float64(29.0772), -1), ('118', np.float64(26.8741), 1), ('157', np.float64(24.3558), 1), ('965', np.float64(23.0919), 0), ('341', np.float64(22.8427), 0), ('217', np.float64(20.2249), 0), ('1280', np.float64(19.1588), 0), ('985', np.float64(18.6727), 0), ('127', np.float64(17.6275), 0), ('236', np.float64(17.5027), 0)]",0.2,0.5,0.28571428571428575,0.2950346245728628
170,BM25,0,0,"[('904', np.float64(27.6242), 3), ('139', np.float64(26.2358), 2), ('1082', np.float64(23.2377), 0), ('238', np.float64(22.1738), 2), ('315', np.float64(21.6226), 0), ('893', np.float64(21.0398), -1), ('905', np.float64(20.5759), 0), ('239', np.float64(19.9977), 3), ('213', np.float64(18.4657), 0), ('140', np.float64(18.0352), 0)]",0.4,0.6666666666666666,0.5,0.5823060486522026
171,BM25,0,0,"[('516', np.float64(48.4882), -1), ('431', np.float64(43.789), 1), ('252', np.float64(31.7404), 1), ('141', np.float64(31.5), 4), ('904', np.float64(28.5908), 0), ('808', np.float64(26.5466), 0), ('755', np.float64(26.4978), 0), ('188', np.float64(25.3642), 0), ('1155', np.float64(24.8904), 0), ('631', np.float64(23.9101), 0)]",0.3,1.0,0.4615384615384615,0.6388888888888888
172,BM25,0,0,"[('320', np.float64(25.8459), 1), ('527', np.float64(25.6107), -1), ('322', np.float64(22.1565), 3), ('321', np.float64(22.0608), 1), ('476', np.float64(17.8526), 3), ('478', np.float64(16.8934), 0), ('1235', np.float64(14.5466), 0), ('1370', np.float64(13.9786), 0), ('107', np.float64(11.9487), 0), ('736', np.float64(11.8448), 0)]",0.4,1.0,0.5714285714285715,0.8041666666666667
173,BM25,0,0,"[('367', np.float64(27.6505), 1), ('451', np.float64(26.2251), 1), ('532', np.float64(20.5534), -1), ('1054', np.float64(12.9992), 0), ('777', np.float64(12.6552), 0), ('956', np.float64(12.1652), 0), ('1392', np.float64(11.9657), 0), ('1240', np.float64(11.9414), 0), ('931', np.float64(11.7269), 0), ('1119', np.float64(11.4592), 0)]",0.2,1.0,0.33333333333333337,1.0
174,BM25,0,0,"[('483', np.float64(18.3068), 0), ('35', np.float64(17.3175), 0), ('1274', np.float64(16.0083), 0), ('1319', np.float64(15.8476), 0), ('501', np.float64(14.0347), 0), ('533', np.float64(13.6423), -1), ('1257', np.float64(13.1033), 0), ('1151', np.float64(13.0378), 0), ('1390', np.float64(12.4376), 0), ('411', np.float64(12.2218), 1)]",0.1,0.2,0.13333333333333333,0.04592226147092967
175,BM25,0,0,"[('941', np.float64(18.5466), -1), ('139', np.float64(15.2222), 0), ('1080', np.float64(12.7056), 0), ('491', np.float64(12.353), 0), ('351', np.float64(12.2223), 2), ('9', np.float64(12.0314), 0), ('666', np.float64(11.8516), 0), ('238', np.float64(11.7863), 0), ('1191', np.float64(11.3375), 0), ('1221', np.float64(11.1383), 0)]",0.1,0.2,0.13333333333333333,0.05574902967576155
176,BM25,0,0,"[('542', np.float64(22.4033), -1), ('963', np.float64(20.9732), 0), ('1073', np.float64(17.2048), 0), ('586', np.float64(16.5468), 1), ('30', np.float64(13.8817), 0), ('1375', np.float64(13.8048), 0), ('869', np.float64(13.7046), 0), ('6', np.float64(13.4782), 0), ('981', np.float64(13.4647), 0), ('767', np.float64(13.0048), 0)]",0.1,0.14285714285714285,0.11764705882352941,0.06946941416290998
177,BM25,0,0,"[('543', np.float64(22.5855), -1), ('590', np.float64(21.4261), 4), ('588', np.float64(21.04), 2), ('589', np.float64(19.2811), 2), ('426', np.float64(18.7704), 0), ('216', np.float64(18.3896), 0), ('237', np.float64(18.2587), 0), ('138', np.float64(17.6483), 0), ('576', np.float64(17.3483), 0), ('578', np.float64(14.5882), 0)]",0.3,0.6,0.4,0.4975033738191633
178,BM25,0,0,"[('138', np.float64(15.1262), 0), ('216', np.float64(15.0827), 0), ('591', np.float64(15.0252), 1), ('511', np.float64(13.8626), 0), ('589', np.float64(13.7806), 4), ('543', np.float64(12.5612), -1), ('237', np.float64(12.5484), 0), ('31', np.float64(12.4005), 0), ('590', np.float64(12.3373), 3), ('1155', np.float64(12.1772), 0)]",0.3,0.75,0.4285714285714285,0.3380952380952381
179,BM25,0,0,"[('633', np.float64(48.3295), -1), ('428', np.float64(32.4231), 0), ('682', np.float64(31.2744), 3), ('680', np.float64(30.7622), 3), ('224', np.float64(26.5897), 0), ('122', np.float64(25.9364), 0), ('811', np.float64(23.0307), 0), ('49', np.float64(22.5655), 0), ('930', np.float64(22.056), 0), ('183', np.float64(21.7075), 0)]",0.2,0.5,0.28571428571428575,0.21823456079785192
180,BM25,0,0,"[('548', np.float64(26.4784), -1), ('616', np.float64(20.2959), 4), ('617', np.float64(19.2636), 4), ('613', np.float64(17.3143), 0), ('622', np.float64(16.9721), 2), ('1391', np.float64(14.8954), 0), ('614', np.float64(14.8845), 0), ('218', np.float64(14.0995), 0), ('1324', np.float64(11.6904), 0), ('615', np.float64(11.1844), 0)]",0.3,0.42857142857142855,0.3529411764705882,0.3393744010103234
181,BM25,0,0,"[('997', np.float64(15.0443), 3), ('993', np.float64(12.8993), 0), ('1195', np.float64(11.5847), 0), ('409', np.float64(11.4321), 2), ('1075', np.float64(11.3359), 0), ('1350', np.float64(11.2061), 0), ('1074', np.float64(11.1505), 0), ('1374', np.float64(10.8543), 0), ('1151', np.float64(10.4609), 0), ('970', np.float64(10.3704), 0)]",0.2,0.4,0.26666666666666666,0.3278312242475353
182,BM25,0,0,"[('634', np.float64(66.5833), -1), ('685', np.float64(57.1025), 1), ('686', np.float64(26.6695), 3), ('593', np.float64(25.6344), 0), ('1300', np.float64(22.6315), 0), ('572', np.float64(22.0163), 0), ('712', np.float64(21.4544), 0), ('193', np.float64(20.5034), 0), ('1290', np.float64(20.2702), 0), ('440', np.float64(19.5239), 0)]",0.2,1.0,0.33333333333333337,0.5833333333333333
183,BM25,0,0,"[('809', np.float64(17.5021), 1), ('758', np.float64(16.1137), -1), ('807', np.float64(14.8358), 3), ('893', np.float64(14.7189), 0), ('808', np.float64(14.0643), 1), ('804', np.float64(13.4458), 4), ('1177', np.float64(13.2402), 0), ('199', np.float64(13.1832), 0), ('374', np.float64(13.1669), 0), ('811', np.float64(13.1641), 3)]",0.5,0.38461538461538464,0.4347826086956522,0.35788396672337625
184,BM25,0,0,"[('82', np.float64(14.8702), 0), ('554', np.float64(13.1805), 0), ('813', np.float64(12.645), 0), ('509', np.float64(12.6343), 0), ('1217', np.float64(11.7752), 0), ('67', np.float64(11.1902), 3), ('1219', np.float64(10.8402), 0), ('1000', np.float64(10.3652), 0), ('895', np.float64(9.8812), 0), ('917', np.float64(9.727), 0)]",0.1,0.14285714285714285,0.11764705882352941,0.13727875203519901
185,BM25,0,0,"[('856', np.float64(20.9924), 3), ('857', np.float64(18.7503), 2), ('858', np.float64(16.2185), 2), ('766', np.float64(16.0142), 2), ('390', np.float64(15.4009), 0), ('1008', np.float64(15.3325), 3), ('948', np.float64(14.7389), -1), ('391', np.float64(14.313), 0), ('859', np.float64(13.9462), 2), ('658', np.float64(12.8311), 0)]",0.6,0.6666666666666666,0.631578947368421,0.8109686609686609
186,BM25,0,0,"[('1243', np.float64(20.6098), 0), ('1062', np.float64(19.6297), 3), ('1239', np.float64(17.0187), 0), ('1075', np.float64(15.4327), 3), ('229', np.float64(15.4261), 0), ('1074', np.float64(14.9594), 3), ('252', np.float64(14.8188), 0), ('803', np.float64(14.7033), 0), ('610', np.float64(14.6411), 0), ('923', np.float64(14.5763), 3)]",0.4,0.25,0.3076923076923077,0.17337298897766423
187,BM25,0,0,"[('763', np.float64(36.6974), -1), ('839', np.float64(29.0854), 3), ('1126', np.float64(28.6089), 0), ('841', np.float64(27.4894), 0), ('897', np.float64(25.5409), 0), ('1068', np.float64(25.481), 0), ('1070', np.float64(23.6465), 0), ('1171', np.float64(23.4267), 0), ('936', np.float64(22.2389), 0), ('1051', np.float64(22.052), 0)]",0.1,0.16666666666666666,0.125,0.12444114106461973
188,BM25,0,0,"[('725', np.float64(25.8101), 2), ('722', np.float64(22.2986), 2), ('640', np.float64(22.192), -1), ('908', np.float64(20.3468), 0), ('1360', np.float64(19.9642), 0), ('220', np.float64(19.4833), 0), ('729', np.float64(15.9281), 2), ('186', np.float64(15.7874), 0), ('251', np.float64(15.1076), 0), ('764', np.float64(14.933), 0)]",0.3,0.2727272727272727,0.28571428571428564,0.3104891216836092
189,BM25,0,0,"[('767', np.float64(24.1812), -1), ('870', np.float64(16.2282), 3), ('640', np.float64(14.631), 0), ('881', np.float64(14.4066), 0), ('1362', np.float64(14.221), 0), ('865', np.float64(13.9429), 3), ('833', np.float64(13.6324), 0), ('883', np.float64(13.2251), 0), ('726', np.float64(12.9299), 0), ('907', np.float64(12.8966), 0)]",0.2,0.2222222222222222,0.2105263157894737,0.1581407440004865
190,BM25,0,0,"[('390', np.float64(33.2794), 3), ('856', np.float64(25.7276), 0), ('1339', np.float64(25.2513), 0), ('15', np.float64(25.0431), 1), ('52', np.float64(24.0495), 0), ('1069', np.float64(23.6853), 0), ('627', np.float64(23.3626), 0), ('895', np.float64(22.513), 0), ('42', np.float64(20.6813), 0), ('1322', np.float64(20.4861), 0)]",0.2,0.4,0.26666666666666666,0.37603970741901777
191,BM25,0,0,"[('766', np.float64(22.112), 0), ('894', np.float64(18.743), -1), ('1392', np.float64(17.2101), 0), ('658', np.float64(16.8624), 3), ('948', np.float64(16.4066), 3), ('1242', np.float64(16.3831), 0), ('15', np.float64(16.359), 3), ('827', np.float64(15.9117), 0), ('319', np.float64(15.7015), 0), ('627', np.float64(15.6195), 0)]",0.3,0.23076923076923078,0.2608695652173913,0.3574649600826823
192,BM25,0,0,"[('641', np.float64(18.0104), -1), ('875', np.float64(15.7075), 0), ('735', np.float64(15.3235), 1), ('647', np.float64(13.7912), 0), ('734', np.float64(10.1554), 1), ('648', np.float64(9.6299), 0), ('1398', np.float64(8.7422), 0), ('46', np.float64(8.5313), 0), ('733', np.float64(7.4548), 1), ('388', np.float64(7.3541), 0)]",0.3,0.75,0.4285714285714285,0.27035670356703567
193,BM25,0,0,"[('733', np.float64(18.9072), 4), ('641', np.float64(16.2349), -1), ('730', np.float64(15.8556), 3), ('735', np.float64(14.6411), 4), ('422', np.float64(13.4774), 3), ('734', np.float64(12.7556), 4), ('1392', np.float64(11.5349), 3), ('736', np.float64(11.3272), 4), ('703', np.float64(10.5166), 0), ('1088', np.float64(10.4871), 0)]",0.7,0.7777777777777778,0.7368421052631577,0.7129460904777359
194,BM25,0,0,"[('642', np.float64(43.2695), -1), ('744', np.float64(36.4105), 3), ('932', np.float64(33.0994), 0), ('957', np.float64(28.9322), 0), ('1178', np.float64(26.8978), 0), ('760', np.float64(26.6485), 0), ('1123', np.float64(26.5404), 0), ('740', np.float64(26.294), 2), ('741', np.float64(25.863), 4), ('739', np.float64(25.2815), 2)]",0.4,0.6666666666666666,0.5,0.3057726864330638
195,BM25,0,0,"[('642', np.float64(34.1108), -1), ('744', np.float64(30.2704), 0), ('932', np.float64(28.7667), 0), ('1055', np.float64(27.9587), 0), ('1122', np.float64(27.4711), 0), ('739', np.float64(26.0584), 3), ('1359', np.float64(25.5058), 0), ('1067', np.float64(25.3794), 0), ('457', np.float64(23.9922), 0), ('831', np.float64(23.1049), 0)]",0.1,0.3333333333333333,0.15384615384615383,0.07997076023391812
196,BM25,0,0,"[('184', np.float64(19.4921), -1), ('1361', np.float64(16.118), 0), ('1008', np.float64(15.7314), 0), ('486', np.float64(15.5065), 0), ('875', np.float64(14.881), 2), ('966', np.float64(13.8424), 0), ('746', np.float64(13.8153), 3), ('390', np.float64(12.7749), 0), ('349', np.float64(12.5831), 0), ('442', np.float64(12.5527), 0)]",0.2,0.16666666666666666,0.1818181818181818,0.08323567073779063
197,BM25,0,0,"[('723', np.float64(21.327), 0), ('884', np.float64(20.22), 3), ('881', np.float64(20.1744), 2), ('726', np.float64(16.6938), 0), ('768', np.float64(15.704), -1), ('909', np.float64(12.7236), 0), ('261', np.float64(12.3754), 0), ('724', np.float64(12.2482), 0), ('746', np.float64(12.1752), 0), ('865', np.float64(10.5652), 0)]",0.2,0.6666666666666666,0.30769230769230765,0.46031746031746024
198,BM25,0,0,"[('889', np.float64(20.4705), 2), ('1126', np.float64(18.4536), 0), ('1174', np.float64(18.4448), 0), ('897', np.float64(17.9949), 0), ('743', np.float64(17.7785), 0), ('1068', np.float64(16.9322), 0), ('1051', np.float64(16.5775), 0), ('843', np.float64(16.4177), 3), ('826', np.float64(15.9097), 0), ('887', np.float64(15.8822), 2)]",0.3,0.75,0.4285714285714285,0.39015957446808514
199,BM25,0,0,"[('739', np.float64(20.1098), 0), ('1059', np.float64(18.1458), 0), ('931', np.float64(17.8432), 0), ('1294', np.float64(17.6571), 0), ('930', np.float64(16.8345), 0), ('852', np.float64(15.2182), 0), ('451', np.float64(15.042), 0), ('428', np.float64(14.7212), 0), ('1058', np.float64(14.5029), 0), ('1051', np.float64(14.4056), 0)]",0.0,0.0,0.0,0.059346375065534966
200,BM25,0,0,"[('1071', np.float64(25.8305), -1), ('1134', np.float64(23.8511), 2), ('1053', np.float64(22.7819), 0), ('1362', np.float64(17.9582), 0), ('851', np.float64(17.7158), 0), ('1117', np.float64(17.7109), 0), ('1137', np.float64(16.9774), 2), ('934', np.float64(16.7258), 0), ('1070', np.float64(16.4095), 0), ('935', np.float64(16.2256), 0)]",0.2,0.6666666666666666,0.30769230769230765,0.2672523554876496
201,BM25,0,0,"[('625', np.float64(26.4741), 2), ('1297', np.float64(19.7702), 0), ('401', np.float64(18.8164), 3), ('1296', np.float64(18.6359), 2), ('1217', np.float64(17.1627), 0), ('1379', np.float64(15.3705), 0), ('509', np.float64(15.2174), 0), ('410', np.float64(15.2012), 0), ('1391', np.float64(14.9931), 4), ('82', np.float64(14.859), 0)]",0.4,0.25,0.3076923076923077,0.3120755749108671
202,BM25,0,0,"[('1285', np.float64(31.3353), -1), ('1310', np.float64(25.9351), 4), ('232', np.float64(18.1488), 4), ('687', np.float64(17.6805), 0), ('925', np.float64(16.7457), 0), ('979', np.float64(16.4831), 0), ('1378', np.float64(16.4716), 0), ('1305', np.float64(15.3766), 4), ('371', np.float64(15.1938), 0), ('234', np.float64(15.1831), 0)]",0.3,0.21428571428571427,0.25,0.15203862486465716
203,BM25,0,0,"[('1285', np.float64(15.5775), -1), ('122', np.float64(14.2708), 3), ('58', np.float64(12.5099), 3), ('1310', np.float64(12.4378), 3), ('1306', np.float64(12.3483), 3), ('927', np.float64(11.9599), 0), ('1386', np.float64(11.8318), 0), ('147', np.float64(11.5897), 0), ('814', np.float64(11.5688), 0), ('459', np.float64(11.4186), 0)]",0.4,0.2857142857142857,0.3333333333333333,0.22471836195042347
204,BM25,0,0,"[('147', np.float64(15.1347), 0), ('573', np.float64(10.3116), 0), ('371', np.float64(8.7855), 0), ('1080', np.float64(8.1737), 0), ('1311', np.float64(8.1561), 2), ('937', np.float64(8.0176), 0), ('57', np.float64(7.9889), 0), ('971', np.float64(7.9196), 0), ('1236', np.float64(7.9144), 0), ('1229', np.float64(7.8333), 0)]",0.1,0.07142857142857142,0.08333333333333333,0.05071234045672894
205,BM25,0,0,"[('1323', np.float64(18.5229), 0), ('131', np.float64(15.8634), 0), ('72', np.float64(13.5272), 0), ('912', np.float64(13.2145), 0), ('135', np.float64(13.0047), 0), ('1017', np.float64(12.8956), 0), ('1287', np.float64(12.77), -1), ('933', np.float64(12.4741), 0), ('334', np.float64(12.0236), 0), ('40', np.float64(12.003), 0)]",0.0,0.0,0.0,0.03678678678678678
206,BM25,0,0,"[('1290', np.float64(52.4448), -1), ('1338', np.float64(26.1768), 2), ('1341', np.float64(20.4257), 2), ('312', np.float64(19.6496), 0), ('876', np.float64(19.355), 0), ('440', np.float64(19.2544), 0), ('315', np.float64(18.6389), 0), ('879', np.float64(18.6155), 0), ('467', np.float64(18.3209), 0), ('252', np.float64(18.3138), 0)]",0.2,0.6666666666666666,0.30769230769230765,0.3912198912198912
207,BM25,0,0,"[('859', np.float64(19.536), 0), ('1290', np.float64(16.8175), -1), ('948', np.float64(15.8415), 0), ('78', np.float64(15.0298), 0), ('747', np.float64(14.858), 0), ('1341', np.float64(13.788), 3), ('391', np.float64(13.5446), 0), ('766', np.float64(13.1183), 0), ('749', np.float64(12.9681), 0), ('593', np.float64(12.7355), 0)]",0.1,0.2,0.13333333333333333,0.09586798336798337
208,BM25,0,0,"[('1291', np.float64(55.9763), -1), ('163', np.float64(36.1308), 3), ('1344', np.float64(30.6879), 3), ('1345', np.float64(26.6109), 3), ('1217', np.float64(24.0412), 0), ('1348', np.float64(23.8055), 0), ('566', np.float64(22.9094), 0), ('164', np.float64(20.3981), 4), ('1346', np.float64(20.2515), 3), ('624', np.float64(18.8864), 0)]",0.5,0.8333333333333334,0.625,0.5667989417989417
209,BM25,0,0,"[('959', np.float64(21.4907), 0), ('187', np.float64(20.0132), 3), ('651', np.float64(18.747), 0), ('455', np.float64(18.6545), 0), ('45', np.float64(15.9944), 4), ('487', np.float64(15.8713), 3), ('89', np.float64(15.6897), 0), ('996', np.float64(15.4096), 0), ('798', np.float64(15.3582), 0), ('358', np.float64(15.1037), 0)]",0.3,0.25,0.2727272727272727,0.1735615598973819
210,BM25,0,0,"[('1172', np.float64(38.2638), 3), ('1145', np.float64(30.4301), -1), ('1171', np.float64(25.844), 2), ('1068', np.float64(25.0225), 0), ('887', np.float64(24.5502), 0), ('1125', np.float64(23.9446), 0), ('1126', np.float64(23.4253), 0), ('739', np.float64(23.3672), 0), ('743', np.float64(22.9982), 0), ('897', np.float64(21.0573), 0)]",0.2,0.3333333333333333,0.25,0.3579265142709544
211,BM25,0,0,"[('739', np.float64(27.1353), 0), ('1068', np.float64(23.1617), 4), ('885', np.float64(20.1517), 0), ('1070', np.float64(19.4982), 0), ('1117', np.float64(19.2036), 0), ('953', np.float64(18.6739), 0), ('1171', np.float64(18.4198), 0), ('897', np.float64(18.4117), 0), ('887', np.float64(18.1917), 0), ('1067', np.float64(18.1627), 0)]",0.1,0.09090909090909091,0.09523809523809525,0.16648580109680064
212,BM25,0,0,"[('1178', np.float64(35.8335), 2), ('1177', np.float64(35.6079), 4), ('838', np.float64(30.6438), 0), ('888', np.float64(30.2463), 2), ('1176', np.float64(25.4739), 4), ('885', np.float64(21.4145), 3), ('1146', np.float64(20.2324), -1), ('1070', np.float64(20.0892), 0), ('1132', np.float64(19.1695), 0), ('1133', np.float64(18.9729), 0)]",0.5,0.35714285714285715,0.41666666666666663,0.5092290794648553
213,BM25,0,0,"[('888', np.float64(23.6272), 1), ('885', np.float64(22.9214), 2), ('1173', np.float64(22.7376), 3), ('741', np.float64(22.3759), 0), ('769', np.float64(22.2329), 3), ('887', np.float64(21.3379), 2), ('642', np.float64(18.1904), 0), ('1038', np.float64(16.788), 0), ('1178', np.float64(16.199), 3), ('890', np.float64(16.0474), 3)]",0.7,0.6363636363636364,0.6666666666666666,0.5910892585230904
214,BM25,0,0,"[('1294', np.float64(36.0353), -1), ('1362', np.float64(22.905), 3), ('828', np.float64(20.8722), 0), ('739', np.float64(19.0325), 0), ('916', np.float64(17.2437), 0), ('930', np.float64(16.6614), 0), ('848', np.float64(16.245), 0), ('1044', np.float64(15.9299), 0), ('92', np.float64(15.4444), 0), ('1154', np.float64(15.2372), 0)]",0.1,0.25,0.14285714285714288,0.15189777857706532
215,BM25,0,0,"[('535', np.float64(30.4637), -1), ('1253', np.float64(20.3675), 0), ('25', np.float64(20.1597), 0), ('574', np.float64(19.5769), 0), ('666', np.float64(18.7244), 0), ('1198', np.float64(17.4348), 0), ('1205', np.float64(17.1474), 0), ('1391', np.float64(16.9872), 0), ('625', np.float64(16.2287), 0), ('295', np.float64(15.6062), 0)]",0.0,0.0,0.0,0.029741379310344828
216,BM25,0,0,"[('1319', np.float64(17.5734), 0), ('1274', np.float64(17.4388), 0), ('175', np.float64(17.1128), 0), ('893', np.float64(16.9343), 0), ('39', np.float64(16.0205), 0), ('974', np.float64(15.3391), 0), ('612', np.float64(14.9388), 0), ('506', np.float64(14.6), -1), ('800', np.float64(14.1594), 0), ('117', np.float64(13.942), 0)]",0.0,0.0,0.0,0.00199203187250996
217,BM25,0,0,"[('983', np.float64(17.7233), 0), ('323', np.float64(17.5494), 0), ('666', np.float64(17.2753), 1), ('1393', np.float64(17.2282), 0), ('44', np.float64(16.9503), 0), ('1151', np.float64(16.2461), 0), ('1161', np.float64(16.1103), 0), ('1395', np.float64(16.1081), 1), ('1394', np.float64(15.7784), 2), ('1002', np.float64(15.3988), 0)]",0.3,0.2,0.24,0.1743261354866514
218,BM25,0,0,"[('36', np.float64(15.3588), 0), ('1393', np.float64(14.1758), 1), ('1395', np.float64(13.9128), 0), ('323', np.float64(13.4637), 0), ('1394', np.float64(13.3387), 0), ('983', np.float64(13.1841), 0), ('670', np.float64(12.645), 0), ('295', np.float64(12.4718), 0), ('666', np.float64(12.4401), 3), ('1161', np.float64(12.1864), 0)]",0.2,0.13333333333333333,0.16,0.1981934739798863
219,BM25,0,0,"[('1222', np.float64(13.9986), 0), ('993', np.float64(13.7604), 0), ('1221', np.float64(13.6119), 0), ('992', np.float64(13.3202), 0), ('208', np.float64(13.0911), 0), ('236', np.float64(12.7581), 0), ('1082', np.float64(12.6618), 0), ('319', np.float64(12.422), 0), ('456', np.float64(11.8334), 0), ('197', np.float64(11.758), 0)]",0.0,0.0,0.0,0.0336986358352017
220,BM25,0,0,"[('292', np.float64(19.3161), 3), ('1375', np.float64(19.3039), 0), ('458', np.float64(19.1165), 4), ('231', np.float64(18.3429), 0), ('461', np.float64(18.1741), 0), ('1192', np.float64(17.7168), 0), ('527', np.float64(16.6697), 0), ('837', np.float64(16.5131), 0), ('540', np.float64(15.0398), 0), ('472', np.float64(14.8345), 0)]",0.2,0.10526315789473684,0.13793103448275862,0.21861929994010953
221,BM25,0,0,"[('1366', np.float64(18.0938), 3), ('388', np.float64(17.4206), 0), ('1386', np.float64(16.8635), 4), ('458', np.float64(16.2995), 3), ('528', np.float64(14.4219), 0), ('662', np.float64(14.2147), 0), ('653', np.float64(14.0841), 0), ('637', np.float64(13.4916), 0), ('73', np.float64(13.3459), 0), ('1182', np.float64(13.3343), -1)]",0.3,0.16666666666666666,0.21428571428571427,0.20924845017766214
222,BM25,0,0,"[('1130', np.float64(21.5492), 0), ('419', np.float64(20.6416), 3), ('1399', np.float64(18.3096), 4), ('400', np.float64(15.1661), 3), ('1400', np.float64(14.9394), 3), ('1121', np.float64(14.2059), 0), ('1050', np.float64(13.6009), 0), ('1048', np.float64(13.0853), 0), ('820', np.float64(12.9226), 0), ('1070', np.float64(12.7903), 0)]",0.4,0.4444444444444444,0.4210526315789474,0.3617212581238744
223,BM25,0,0,"[('400', np.float64(25.6878), 3), ('1399', np.float64(23.1162), 0), ('1400', np.float64(19.9349), 0), ('419', np.float64(19.737), 0), ('1387', np.float64(19.0861), 3), ('388', np.float64(18.6689), 0), ('1121', np.float64(18.1153), 0), ('1050', np.float64(17.2098), 0), ('1358', np.float64(17.1168), 0), ('1048', np.float64(17.0808), 0)]",0.2,0.5,0.28571428571428575,0.42465277777777777
224,BM25,0,0,"[('1312', np.float64(27.6731), 0), ('1286', np.float64(25.4693), -1), ('317', np.float64(23.1352), 0), ('259', np.float64(20.7312), 0), ('401', np.float64(20.7309), 0), ('236', np.float64(19.8499), 0), ('1296', np.float64(19.73), 0), ('1316', np.float64(17.9975), 4), ('656', np.float64(17.306), 3), ('575', np.float64(16.3543), 0)]",0.2,0.25,0.22222222222222224,0.19120412758607314
225,BM25,0,0,"[('1188', np.float64(29.8448), -1), ('1380', np.float64(22.8276), 4), ('70', np.float64(19.995), 0), ('1345', np.float64(17.8891), 0), ('225', np.float64(17.105), 3), ('1291', np.float64(16.7477), 0), ('1124', np.float64(16.2801), 3), ('1334', np.float64(16.1784), 0), ('638', np.float64(16.1404), 0), ('1332', np.float64(15.8028), 0)]",0.3,0.125,0.17647058823529413,0.08339127761610855
1,Vetorial,1,0,"[('13', np.float64(0.2631), 4), ('184', np.float64(0.259), 2), ('12', np.float64(0.2276), 3), ('51', np.float64(0.17), 3), ('486', np.float64(0.1686), -1), ('1268', np.float64(0.141), 0), ('327', np.float64(0.1314), 0), ('878', np.float64(0.1301), 0), ('435', np.float64(0.1244), 0), ('686', np.float64(0.121), 0)]",0.4,0.14285714285714285,0.21052631578947364,0.2600301925689319
2,Vetorial,1,0,"[('12', np.float64(0.5095), 1), ('51', np.float64(0.2966), 3), ('746', np.float64(0.2684), 1), ('884', np.float64(0.2424), 0), ('1169', np.float64(0.2286), 0), ('14', np.float64(0.1851), 4), ('184', np.float64(0.1846), 2), ('1042', np.float64(0.1808), 0), ('429', np.float64(0.1791), 0), ('792', np.float64(0.1715), 0)]",0.5,0.20833333333333334,0.29411764705882354,0.22658014316724281
3,Vetorial,1,0,"[('5', np.float64(0.4008), 3), ('485', np.float64(0.345), -1), ('399', np.float64(0.322), 3), ('181', np.float64(0.3188), 3), ('144', np.float64(0.3059), 3), ('90', np.float64(0.1849), 3), ('542', np.float64(0.1809), 0), ('707', np.float64(0.1507), 0), ('422', np.float64(0.1441), 0), ('1073', np.float64(0.139), 0)]",0.5,0.625,0.5555555555555556,0.6264423076923077
4,Vetorial,1,0,"[('166', np.float64(0.2141), 3), ('1275', np.float64(0.1606), 0), ('488', np.float64(0.1554), -1), ('1189', np.float64(0.1488), 0), ('236', np.float64(0.1405), 3), ('1312', np.float64(0.1389), 0), ('185', np.float64(0.1374), 0), ('1085', np.float64(0.1302), 0), ('317', np.float64(0.1298), 0), ('575', np.float64(0.1259), 0)]",0.2,1.0,0.33333333333333337,0.7
5,Vetorial,1,0,"[('103', np.float64(0.2476), 0), ('746', np.float64(0.1722), 0), ('943', np.float64(0.1552), 0), ('1032', np.float64(0.1405), 0), ('1272', np.float64(0.1386), 0), ('1379', np.float64(0.1337), 0), ('410', np.float64(0.1324), 0), ('540', np.float64(0.1282), 0), ('650', np.float64(0.1265), 0), ('1374', np.float64(0.1188), 0)]",0.0,0.0,0.0,0.08781526444569922
6,Vetorial,1,0,"[('491', np.float64(0.3633), -1), ('386', np.float64(0.3151), 0), ('385', np.float64(0.3084), 0), ('257', np.float64(0.2199), 3), ('1273', np.float64(0.1798), 0), ('883', np.float64(0.1666), 0), ('1282', np.float64(0.1627), 0), ('271', np.float64(0.1555), 0), ('861', np.float64(0.1441), 0), ('294', np.float64(0.1369), 0)]",0.1,0.25,0.14285714285714288,0.09616946778711484
7,Vetorial,1,0,"[('492', np.float64(0.7126), -1), ('434', np.float64(0.2914), 0), ('973', np.float64(0.2495), 0), ('1040', np.float64(0.2483), 0), ('57', np.float64(0.2291), 3), ('56', np.float64(0.2194), 3), ('122', np.float64(0.2161), 0), ('1231', np.float64(0.2005), 0), ('354', np.float64(0.1968), 0), ('1347', np.float64(0.1896), 0)]",0.2,0.4,0.26666666666666666,0.13097100400013612
8,Vetorial,1,0,"[('492', np.float64(0.2392), -1), ('122', np.float64(0.2056), 1), ('569', np.float64(0.1514), 0), ('1083', np.float64(0.1504), 0), ('461', np.float64(0.1501), 0), ('21', np.float64(0.145), 0), ('907', np.float64(0.1426), 0), ('443', np.float64(0.1373), 0), ('947', np.float64(0.1362), 0), ('19', np.float64(0.1355), 0)]",0.1,0.09090909090909091,0.09523809523809525,0.16655618730675703
9,Vetorial,1,0,"[('21', np.float64(0.3843), 2), ('550', np.float64(0.3006), 2), ('306', np.float64(0.2653), 0), ('22', np.float64(0.2607), 2), ('571', np.float64(0.2503), 0), ('326', np.float64(0.2398), 0), ('45', np.float64(0.2383), 0), ('102', np.float64(0.232), 0), ('1215', np.float64(0.2206), 0), ('398', np.float64(0.1917), 0)]",0.3,1.0,0.4615384615384615,0.9166666666666666
10,Vetorial,1,0,"[('493', np.float64(0.3341), -1), ('949', np.float64(0.2286), 0), ('302', np.float64(0.2117), 3), ('1199', np.float64(0.2073), 0), ('524', np.float64(0.1754), 0), ('1286', np.float64(0.1702), 0), ('691', np.float64(0.1687), 0), ('405', np.float64(0.1651), 2), ('1009', np.float64(0.151), 0), ('1143', np.float64(0.1484), 0)]",0.2,0.25,0.22222222222222224,0.125773694976918
11,Vetorial,1,0,"[('495', np.float64(0.4288), -1), ('654', np.float64(0.2435), 4), ('556', np.float64(0.1899), 0), ('1356', np.float64(0.1892), 0), ('1327', np.float64(0.1734), 0), ('28', np.float64(0.1678), 3), ('273', np.float64(0.1604), 0), ('472', np.float64(0.1586), 0), ('72', np.float64(0.1417), 0), ('147', np.float64(0.1377), 0)]",0.2,0.2857142857142857,0.23529411764705882,0.20661053862148251
12,Vetorial,1,0,"[('624', np.float64(0.2998), -1), ('1223', np.float64(0.2352), 0), ('543', np.float64(0.2106), 0), ('650', np.float64(0.2007), 2), ('245', np.float64(0.1888), 0), ('1221', np.float64(0.1727), 0), ('631', np.float64(0.1689), 0), ('1209', np.float64(0.1638), 0), ('1094', np.float64(0.1633), 0), ('649', np.float64(0.1605), 4)]",0.2,0.4,0.26666666666666666,0.1738167938931298
13,Vetorial,1,0,"[('496', np.float64(0.5069), -1), ('643', np.float64(0.2484), 0), ('903', np.float64(0.2206), 0), ('199', np.float64(0.2011), 0), ('660', np.float64(0.1552), 0), ('313', np.float64(0.148), 0), ('503', np.float64(0.1471), 0), ('440', np.float64(0.1388), 0), ('38', np.float64(0.1321), 0), ('468', np.float64(0.1294), 0)]",0.0,0.0,0.0,0.008599685721576692
14,Vetorial,1,0,"[('64', np.float64(0.4389), 1), ('170', np.float64(0.3071), 0), ('256', np.float64(0.3066), 0), ('1364', np.float64(0.2498), 0), ('65', np.float64(0.2333), 4), ('345', np.float64(0.228), 0), ('132', np.float64(0.2202), 0), ('608', np.float64(0.2172), 0), ('903', np.float64(0.217), 0), ('439', np.float64(0.216), 0)]",0.2,1.0,0.33333333333333337,0.7
15,Vetorial,1,0,"[('462', np.float64(0.2654), 3), ('1097', np.float64(0.1924), 0), ('463', np.float64(0.168), 1), ('866', np.float64(0.1624), 0), ('761', np.float64(0.1597), 0), ('1096', np.float64(0.1581), 0), ('1117', np.float64(0.145), 0), ('1025', np.float64(0.1363), 0), ('553', np.float64(0.1329), 0), ('1099', np.float64(0.1191), 0)]",0.2,1.0,0.33333333333333337,0.8333333333333333
16,Vetorial,1,0,"[('498', np.float64(0.3985), -1), ('106', np.float64(0.347), 3), ('1301', np.float64(0.2171), 0), ('93', np.float64(0.2017), 0), ('1112', np.float64(0.1988), 0), ('803', np.float64(0.1966), 0), ('494', np.float64(0.1877), 0), ('814', np.float64(0.1839), 0), ('1006', np.float64(0.1762), 0), ('326', np.float64(0.1689), 0)]",0.1,0.3333333333333333,0.15384615384615383,0.19107142857142856
17,Vetorial,1,0,"[('1281', np.float64(0.3361), 0), ('700', np.float64(0.3261), 0), ('106', np.float64(0.3222), 2), ('1301', np.float64(0.3176), 0), ('445', np.float64(0.2877), 0), ('1108', np.float64(0.2408), 0), ('987', np.float64(0.2353), 0), ('498', np.float64(0.2284), -1), ('410', np.float64(0.2283), 0), ('148', np.float64(0.2142), 0)]",0.1,0.5,0.16666666666666669,0.17637540453074432
18,Vetorial,1,0,"[('248', np.float64(0.3917), 0), ('498', np.float64(0.3777), -1), ('492', np.float64(0.3178), 0), ('197', np.float64(0.3003), 2), ('354', np.float64(0.2899), 0), ('56', np.float64(0.2884), 0), ('234', np.float64(0.2815), 0), ('1005', np.float64(0.2599), 0), ('231', np.float64(0.2573), 0), ('947', np.float64(0.2397), 0)]",0.1,0.3333333333333333,0.15384615384615383,0.10118063754427391
19,Vetorial,1,0,"[('554', np.float64(0.1591), 0), ('82', np.float64(0.1322), 0), ('706', np.float64(0.1082), 0), ('660', np.float64(0.1064), 0), ('1219', np.float64(0.0972), 0), ('1346', np.float64(0.0936), 0), ('1348', np.float64(0.0927), 0), ('1279', np.float64(0.0897), 0), ('1217', np.float64(0.0843), 0), ('164', np.float64(0.0834), 2)]",0.1,0.1111111111111111,0.10526315789473685,0.035086313695115535
20,Vetorial,1,0,"[('500', np.float64(0.4822), -1), ('268', np.float64(0.2355), 3), ('88', np.float64(0.2318), 3), ('450', np.float64(0.1951), 0), ('300', np.float64(0.1757), 0), ('87', np.float64(0.1755), 3), ('966', np.float64(0.1398), 0), ('104', np.float64(0.1247), 3), ('407', np.float64(0.1187), 3), ('190', np.float64(0.1149), 0)]",0.5,0.5555555555555556,0.5263157894736842,0.4890418223751557
21,Vetorial,1,0,"[('502', np.float64(0.4192), -1), ('68', np.float64(0.2328), 0), ('271', np.float64(0.206), 1), ('302', np.float64(0.2058), 0), ('377', np.float64(0.1902), 0), ('628', np.float64(0.1823), 0), ('16', np.float64(0.1754), 2), ('343', np.float64(0.1598), 0), ('1007', np.float64(0.1564), 0), ('686', np.float64(0.1337), 0)]",0.2,0.5,0.28571428571428575,0.21955548274355613
22,Vetorial,1,0,"[('125', np.float64(0.3172), 0), ('254', np.float64(0.2782), 0), ('413', np.float64(0.2581), 0), ('560', np.float64(0.2566), 0), ('348', np.float64(0.2467), 0), ('165', np.float64(0.2286), 0), ('565', np.float64(0.2258), 0), ('140', np.float64(0.2186), 0), ('346', np.float64(0.2068), 0), ('861', np.float64(0.206), 0)]",0.0,0.0,0.0,0.0018587360594795538
23,Vetorial,1,0,"[('892', np.float64(0.2617), -1), ('1109', np.float64(0.2022), 2), ('1259', np.float64(0.1566), 2), ('902', np.float64(0.1522), 1), ('899', np.float64(0.1417), 3), ('586', np.float64(0.1372), 0), ('903', np.float64(0.1364), 3), ('753', np.float64(0.1239), 0), ('718', np.float64(0.1164), 0), ('1151', np.float64(0.1159), 0)]",0.5,0.15625,0.23809523809523808,0.2089741304486287
24,Vetorial,1,0,"[('46', np.float64(0.2657), 2), ('756', np.float64(0.2608), -1), ('12', np.float64(0.1968), 0), ('1317', np.float64(0.1372), 0), ('884', np.float64(0.1355), 0), ('51', np.float64(0.1351), 0), ('47', np.float64(0.1176), 2), ('724', np.float64(0.1155), 0), ('650', np.float64(0.1116), 0), ('883', np.float64(0.1069), 0)]",0.2,0.6666666666666666,0.30769230769230765,0.4323027718550106
25,Vetorial,1,0,"[('277', np.float64(0.2844), 3), ('215', np.float64(0.1928), 3), ('214', np.float64(0.1685), 3), ('482', np.float64(0.1602), 0), ('216', np.float64(0.1579), 3), ('988', np.float64(0.1539), 0), ('772', np.float64(0.1529), 0), ('945', np.float64(0.1518), 0), ('121', np.float64(0.1447), 0), ('990', np.float64(0.1402), 0)]",0.4,0.4444444444444444,0.4210526315789474,0.5353118917446454
26,Vetorial,1,0,"[('382', np.float64(0.3985), 0), ('4', np.float64(0.3712), 0), ('348', np.float64(0.3331), 0), ('1355', np.float64(0.307), 0), ('307', np.float64(0.3062), 0), ('3', np.float64(0.3041), 0), ('145', np.float64(0.2928), 1), ('611', np.float64(0.2903), 1), ('389', np.float64(0.2729), 0), ('148', np.float64(0.2657), 0)]",0.2,0.3333333333333333,0.25,0.16334266542586195
27,Vetorial,1,0,"[('1176', np.float64(0.3131), 0), ('1031', np.float64(0.2738), 0), ('1178', np.float64(0.2586), 0), ('1129', np.float64(0.2395), 0), ('1133', np.float64(0.2214), 0), ('838', np.float64(0.2204), 0), ('888', np.float64(0.2092), 0), ('1035', np.float64(0.1996), 0), ('512', np.float64(0.1937), -1), ('247', np.float64(0.1478), 0)]",0.0,0.0,0.0,0.08387445887445888
28,Vetorial,1,0,"[('1050', np.float64(0.2339), 0), ('247', np.float64(0.2205), 0), ('678', np.float64(0.172), 0), ('250', np.float64(0.167), 0), ('1048', np.float64(0.1573), 0), ('921', np.float64(0.1566), 0), ('1075', np.float64(0.1507), 0), ('674', np.float64(0.1492), 0), ('27', np.float64(0.1491), 0), ('699', np.float64(0.149), 0)]",0.0,0.0,0.0,0.0022417503586800577
29,Vetorial,1,0,"[('465', np.float64(0.4066), 4), ('612', np.float64(0.3628), 2), ('420', np.float64(0.3061), 0), ('250', np.float64(0.2936), 2), ('211', np.float64(0.2634), 0), ('464', np.float64(0.2511), 4), ('513', np.float64(0.2349), -1), ('901', np.float64(0.2342), 0), ('900', np.float64(0.2289), 0), ('200', np.float64(0.2169), 0)]",0.4,0.4444444444444444,0.4210526315789474,0.44018595907060587
30,Vetorial,1,0,"[('513', np.float64(0.2029), -1), ('633', np.float64(0.1972), 0), ('247', np.float64(0.1943), 0), ('602', np.float64(0.1862), 0), ('147', np.float64(0.1744), 0), ('465', np.float64(0.1717), 0), ('46', np.float64(0.1692), 0), ('921', np.float64(0.167), 0), ('420', np.float64(0.1628), 0), ('464', np.float64(0.1569), 2)]",0.1,0.14285714285714285,0.11764705882352941,0.05276731466851591
31,Vetorial,1,0,"[('751', np.float64(0.2339), -1), ('247', np.float64(0.183), 0), ('916', np.float64(0.1655), 0), ('918', np.float64(0.1624), 0), ('1341', np.float64(0.1578), 0), ('749', np.float64(0.1487), 0), ('919', np.float64(0.1434), 0), ('1082', np.float64(0.1357), 0), ('228', np.float64(0.129), 0), ('1153', np.float64(0.1255), 0)]",0.0,0.0,0.0,0.0010152284263959391
32,Vetorial,1,0,"[('752', np.float64(0.5495), -1), ('382', np.float64(0.2589), 0), ('921', np.float64(0.2199), 0), ('1186', np.float64(0.2056), 0), ('530', np.float64(0.195), 0), ('801', np.float64(0.1832), 0), ('432', np.float64(0.1742), 0), ('1112', np.float64(0.168), 0), ('250', np.float64(0.1669), 4), ('147', np.float64(0.1664), 0)]",0.1,0.16666666666666666,0.125,0.042951506187597736
33,Vetorial,1,0,"[('516', np.float64(0.4563), -1), ('431', np.float64(0.291), 3), ('141', np.float64(0.2848), 4), ('252', np.float64(0.2797), 3), ('808', np.float64(0.2381), 0), ('1153', np.float64(0.2208), 0), ('791', np.float64(0.2084), 0), ('714', np.float64(0.2076), 0), ('672', np.float64(0.1997), 0), ('594', np.float64(0.1956), 0)]",0.3,1.0,0.4615384615384615,0.6388888888888888
34,Vetorial,1,0,"[('610', np.float64(0.3325), 0), ('1153', np.float64(0.317), 0), ('516', np.float64(0.2742), -1), ('799', np.float64(0.2512), 3), ('431', np.float64(0.248), 3), ('252', np.float64(0.2439), 1), ('1062', np.float64(0.2357), 0), ('795', np.float64(0.2276), 0), ('1074', np.float64(0.2117), 0), ('594', np.float64(0.1875), 0)]",0.3,0.5,0.37499999999999994,0.2991901776384535
35,Vetorial,1,0,"[('1208', np.float64(0.2074), 0), ('875', np.float64(0.1827), 0), ('1244', np.float64(0.1655), 0), ('75', np.float64(0.1563), 0), ('654', np.float64(0.1517), 0), ('1389', np.float64(0.1377), 0), ('1276', np.float64(0.1317), 0), ('46', np.float64(0.1306), 0), ('151', np.float64(0.1277), 0), ('1327', np.float64(0.1247), 0)]",0.0,0.0,0.0,0.021380639227099846
36,Vetorial,1,0,"[('661', np.float64(0.1888), 0), ('550', np.float64(0.1807), 0), ('398', np.float64(0.1767), 0), ('564', np.float64(0.1632), 0), ('1268', np.float64(0.1618), 0), ('283', np.float64(0.1603), 0), ('546', np.float64(0.1542), 0), ('123', np.float64(0.1511), 0), ('168', np.float64(0.1508), 3), ('623', np.float64(0.1502), 0)]",0.1,0.5,0.16666666666666669,0.057478632478632476
37,Vetorial,1,0,"[('186', np.float64(0.3562), 0), ('176', np.float64(0.3521), 0), ('519', np.float64(0.3223), -1), ('189', np.float64(0.3185), 0), ('487', np.float64(0.3136), 3), ('188', np.float64(0.2954), 2), ('173', np.float64(0.2953), 2), ('409', np.float64(0.2853), 3), ('461', np.float64(0.2805), 0), ('179', np.float64(0.2732), 0)]",0.4,0.4444444444444444,0.4210526315789474,0.2428033160803101
38,Vetorial,1,0,"[('976', np.float64(0.2539), 0), ('1141', np.float64(0.2307), 0), ('536', np.float64(0.2229), -1), ('272', np.float64(0.2083), 3), ('154', np.float64(0.1936), 0), ('979', np.float64(0.1892), 0), ('1211', np.float64(0.1749), 0), ('1239', np.float64(0.1726), 0), ('433', np.float64(0.1715), 0), ('1264', np.float64(0.1616), 0)]",0.1,0.1,0.10000000000000002,0.04778343655032233
39,Vetorial,1,0,"[('272', np.float64(0.2382), 1), ('315', np.float64(0.2225), 0), ('959', np.float64(0.2177), 0), ('1154', np.float64(0.2096), 0), ('1149', np.float64(0.1953), 0), ('37', np.float64(0.1913), 0), ('418', np.float64(0.1814), 3), ('406', np.float64(0.1803), 0), ('1264', np.float64(0.1779), 0), ('1278', np.float64(0.1713), 0)]",0.2,0.15384615384615385,0.17391304347826086,0.1964733428096294
40,Vetorial,1,0,"[('37', np.float64(0.2194), 0), ('272', np.float64(0.1792), 3), ('536', np.float64(0.1615), -1), ('1368', np.float64(0.1573), 0), ('1264', np.float64(0.1468), 0), ('1205', np.float64(0.1429), 0), ('1257', np.float64(0.1382), 0), ('41', np.float64(0.1351), 0), ('505', np.float64(0.1326), 0), ('17', np.float64(0.1303), 0)]",0.1,0.08333333333333333,0.0909090909090909,0.06542407676719592
41,Vetorial,1,0,"[('289', np.float64(0.5766), 1), ('433', np.float64(0.4119), 2), ('432', np.float64(0.319), 0), ('927', np.float64(0.3168), 0), ('1141', np.float64(0.2878), 0), ('1277', np.float64(0.2438), 0), ('549', np.float64(0.2381), 0), ('288', np.float64(0.2344), 1), ('154', np.float64(0.2092), 0), ('126', np.float64(0.1948), 0)]",0.3,1.0,0.4615384615384615,0.7916666666666666
42,Vetorial,1,0,"[('521', np.float64(0.4702), -1), ('526', np.float64(0.4423), 0), ('503', np.float64(0.3336), 0), ('468', np.float64(0.3181), 2), ('469', np.float64(0.3036), 3), ('496', np.float64(0.2823), 0), ('440', np.float64(0.2783), 0), ('797', np.float64(0.2629), 0), ('801', np.float64(0.2465), 0), ('467', np.float64(0.2245), 3)]",0.3,0.6,0.4,0.20296199895887557
43,Vetorial,1,0,"[('469', np.float64(0.2316), 1), ('467', np.float64(0.2292), 1), ('39', np.float64(0.2249), 3), ('194', np.float64(0.2098), 0), ('503', np.float64(0.2039), 3), ('468', np.float64(0.1928), 1), ('496', np.float64(0.1838), 0), ('404', np.float64(0.1755), 0), ('70', np.float64(0.1719), 0), ('1210', np.float64(0.1709), 0)]",0.5,0.8333333333333334,0.625,0.777840199750312
44,Vetorial,1,0,"[('1190', np.float64(0.141), 0), ('1199', np.float64(0.1228), 0), ('1148', np.float64(0.1146), 0), ('1031', np.float64(0.1125), 0), ('103', np.float64(0.1096), 0), ('583', np.float64(0.1053), 0), ('232', np.float64(0.1008), 0), ('27', np.float64(0.0949), 0), ('760', np.float64(0.0879), 0), ('862', np.float64(0.0846), 0)]",0.0,0.0,0.0,0.002648773248318913
45,Vetorial,1,0,"[('305', np.float64(0.4007), 2), ('525', np.float64(0.3589), -1), ('123', np.float64(0.2631), 0), ('1185', np.float64(0.2473), 3), ('540', np.float64(0.2328), 0), ('84', np.float64(0.2228), 0), ('1299', np.float64(0.2185), 0), ('353', np.float64(0.2168), 0), ('26', np.float64(0.1909), 0), ('37', np.float64(0.176), 0)]",0.2,0.16666666666666666,0.1818181818181818,0.1847488279452459
46,Vetorial,1,0,"[('305', np.float64(0.3854), 2), ('525', np.float64(0.3816), -1), ('1185', np.float64(0.3452), 4), ('123', np.float64(0.3282), 4), ('84', np.float64(0.2937), 4), ('353', np.float64(0.2909), 0), ('37', np.float64(0.2863), 0), ('623', np.float64(0.2643), 3), ('983', np.float64(0.2467), 0), ('398', np.float64(0.2405), 0)]",0.5,0.3333333333333333,0.4,0.32526055974035106
47,Vetorial,1,0,"[('568', np.float64(0.3707), 0), ('525', np.float64(0.3074), -1), ('305', np.float64(0.292), 3), ('327', np.float64(0.2711), 0), ('310', np.float64(0.2229), 2), ('663', np.float64(0.2096), 3), ('570', np.float64(0.2095), 2), ('1200', np.float64(0.2085), 0), ('260', np.float64(0.208), 0), ('307', np.float64(0.2065), 2)]",0.5,0.35714285714285715,0.41666666666666663,0.31502723456333864
48,Vetorial,1,0,"[('526', np.float64(0.4268), -1), ('440', np.float64(0.3705), 3), ('797', np.float64(0.3147), 3), ('683', np.float64(0.2802), 0), ('334', np.float64(0.2789), 0), ('222', np.float64(0.2282), 0), ('521', np.float64(0.2208), 0), ('26', np.float64(0.214), 0), ('707', np.float64(0.2057), 0), ('655', np.float64(0.1948), 0)]",0.2,0.18181818181818182,0.1904761904761905,0.1607625998204827
49,Vetorial,1,0,"[('527', np.float64(0.4181), -1), ('320', np.float64(0.287), 3), ('321', np.float64(0.232), 0), ('322', np.float64(0.2234), 0), ('832', np.float64(0.2222), 0), ('366', np.float64(0.203), 0), ('1235', np.float64(0.1991), 0), ('349', np.float64(0.1784), 0), ('365', np.float64(0.1739), 0), ('1370', np.float64(0.1735), 0)]",0.1,0.5,0.16666666666666669,0.3055555555555556
50,Vetorial,1,0,"[('1301', np.float64(0.2075), 0), ('1149', np.float64(0.1957), 0), ('27', np.float64(0.1927), 0), ('498', np.float64(0.1854), 0), ('1154', np.float64(0.1772), 0), ('248', np.float64(0.1765), 0), ('326', np.float64(0.1744), 2), ('192', np.float64(0.1729), 0), ('801', np.float64(0.1678), 0), ('146', np.float64(0.1668), 0)]",0.1,0.16666666666666666,0.125,0.037473007628221595
51,Vetorial,1,0,"[('494', np.float64(0.3336), 2), ('326', np.float64(0.2427), 4), ('23', np.float64(0.2138), 2), ('1301', np.float64(0.2028), 0), ('498', np.float64(0.1915), 0), ('94', np.float64(0.1908), 1), ('261', np.float64(0.1905), 4), ('1214', np.float64(0.1874), 0), ('1149', np.float64(0.1804), 0), ('528', np.float64(0.1751), -1)]",0.5,0.5,0.5,0.5566617935384339
52,Vetorial,1,0,"[('1215', np.float64(0.2405), 0), ('326', np.float64(0.2402), 4), ('21', np.float64(0.2345), 2), ('306', np.float64(0.2194), 2), ('550', np.float64(0.2059), 0), ('22', np.float64(0.1779), 2), ('528', np.float64(0.1574), -1), ('4', np.float64(0.1534), 0), ('629', np.float64(0.1532), 0), ('1214', np.float64(0.1426), 0)]",0.4,1.0,0.5714285714285715,0.6458333333333333
53,Vetorial,1,0,"[('208', np.float64(0.4713), 4), ('267', np.float64(0.3171), 0), ('269', np.float64(0.3125), 0), ('61', np.float64(0.2945), 0), ('1273', np.float64(0.2756), 0), ('298', np.float64(0.2729), 4), ('1236', np.float64(0.2652), 0), ('653', np.float64(0.2523), 0), ('1221', np.float64(0.2453), 0), ('1253', np.float64(0.226), 0)]",0.2,0.2,0.20000000000000004,0.2337611291054948
54,Vetorial,1,0,"[('123', np.float64(0.4514), -1), ('1185', np.float64(0.3472), 0), ('525', np.float64(0.3105), 0), ('84', np.float64(0.3094), 2), ('305', np.float64(0.3085), 0), ('1213', np.float64(0.2672), 0), ('666', np.float64(0.2637), 0), ('564', np.float64(0.2528), 0), ('1307', np.float64(0.2502), 0), ('1107', np.float64(0.2478), 0)]",0.1,0.1111111111111111,0.10526315789473685,0.0820727241177025
55,Vetorial,1,0,"[('460', np.float64(0.358), 2), ('1149', np.float64(0.3201), 0), ('1154', np.float64(0.3164), 0), ('406', np.float64(0.2965), 0), ('959', np.float64(0.2715), 0), ('376', np.float64(0.2594), 4), ('17', np.float64(0.2337), 0), ('1301', np.float64(0.2147), 0), ('344', np.float64(0.2144), 0), ('798', np.float64(0.21), 0)]",0.2,0.2,0.20000000000000004,0.2334139389339956
56,Vetorial,1,0,"[('753', np.float64(0.3573), -1), ('202', np.float64(0.2135), 0), ('391', np.float64(0.2005), 0), ('878', np.float64(0.1995), 0), ('1339', np.float64(0.1728), 3), ('1290', np.float64(0.1717), 0), ('783', np.float64(0.1624), 0), ('441', np.float64(0.1595), 0), ('1111', np.float64(0.1593), 0), ('14', np.float64(0.1589), 4)]",0.2,0.2,0.20000000000000004,0.14779611519796607
57,Vetorial,1,0,"[('753', np.float64(0.365), -1), ('202', np.float64(0.2075), 0), ('1275', np.float64(0.2025), 0), ('878', np.float64(0.2007), 0), ('1339', np.float64(0.1864), 0), ('3', np.float64(0.1861), 0), ('380', np.float64(0.1849), 2), ('1111', np.float64(0.1826), 0), ('856', np.float64(0.1763), 0), ('916', np.float64(0.1755), 0)]",0.1,0.07142857142857142,0.08333333333333333,0.09762326283448226
58,Vetorial,1,0,"[('754', np.float64(0.2827), -1), ('270', np.float64(0.2635), 0), ('120', np.float64(0.2532), 0), ('873', np.float64(0.2026), 0), ('1159', np.float64(0.1909), 0), ('1084', np.float64(0.1856), 0), ('398', np.float64(0.1745), 0), ('1359', np.float64(0.1634), 0), ('788', np.float64(0.1633), 2), ('509', np.float64(0.1611), 0)]",0.1,0.1111111111111111,0.10526315789473685,0.08425901870312286
59,Vetorial,1,0,"[('1176', np.float64(0.2257), 0), ('1084', np.float64(0.2187), 0), ('1359', np.float64(0.2152), 0), ('1116', np.float64(0.2109), 0), ('1055', np.float64(0.2108), 0), ('671', np.float64(0.2018), 0), ('842', np.float64(0.1958), 0), ('458', np.float64(0.1897), 0), ('1046', np.float64(0.1778), 0), ('4', np.float64(0.1746), 0)]",0.0,0.0,0.0,0.02237785016514593
60,Vetorial,1,0,"[('527', np.float64(0.5321), 3), ('320', np.float64(0.4501), 4), ('322', np.float64(0.395), -1), ('321', np.float64(0.391), 0), ('730', np.float64(0.2267), 0), ('107', np.float64(0.2199), 0), ('350', np.float64(0.2023), 0), ('1240', np.float64(0.1992), 0), ('1235', np.float64(0.1979), 0), ('960', np.float64(0.1911), 0)]",0.2,0.4,0.26666666666666666,0.4921768707482993
61,Vetorial,1,0,"[('539', np.float64(0.3407), -1), ('566', np.float64(0.3019), 2), ('564', np.float64(0.2757), 3), ('435', np.float64(0.2361), 0), ('333', np.float64(0.2295), 0), ('1213', np.float64(0.2026), 0), ('1258', np.float64(0.1995), 0), ('283', np.float64(0.198), 0), ('784', np.float64(0.1843), 0), ('662', np.float64(0.1736), 0)]",0.2,0.4,0.26666666666666666,0.2645281335757526
62,Vetorial,1,0,"[('787', np.float64(0.2835), 0), ('381', np.float64(0.2769), 0), ('105', np.float64(0.2628), 0), ('785', np.float64(0.2539), 0), ('483', np.float64(0.2443), 0), ('459', np.float64(0.2309), 0), ('382', np.float64(0.2267), 0), ('1383', np.float64(0.2192), 0), ('1081', np.float64(0.2145), 3), ('1258', np.float64(0.2083), 0)]",0.1,0.2,0.13333333333333333,0.04815794519331991
63,Vetorial,1,0,"[('843', np.float64(0.2406), 0), ('1045', np.float64(0.2131), 0), ('1116', np.float64(0.2109), 0), ('839', np.float64(0.2044), 0), ('1121', np.float64(0.1873), 0), ('1046', np.float64(0.1862), 0), ('678', np.float64(0.1773), 0), ('1359', np.float64(0.1731), 0), ('1118', np.float64(0.1645), 0), ('472', np.float64(0.1601), 0)]",0.0,0.0,0.0,0.007735572628850743
64,Vetorial,1,0,"[('878', np.float64(0.1654), 0), ('390', np.float64(0.1605), 1), ('391', np.float64(0.16), 2), ('202', np.float64(0.1587), 0), ('1204', np.float64(0.1549), 0), ('1111', np.float64(0.141), 0), ('856', np.float64(0.1302), 0), ('15', np.float64(0.1288), 0), ('239', np.float64(0.1275), 0), ('1008', np.float64(0.1265), 0)]",0.2,1.0,0.33333333333333337,0.5833333333333333
65,Vetorial,1,0,"[('3', np.float64(0.568), 2), ('4', np.float64(0.3966), 3), ('393', np.float64(0.3783), 3), ('664', np.float64(0.349), 2), ('388', np.float64(0.3309), -1), ('1386', np.float64(0.3026), 0), ('180', np.float64(0.2978), 3), ('1106', np.float64(0.2752), 0), ('569', np.float64(0.2619), 0), ('2', np.float64(0.2582), 2)]",0.6,0.4,0.48,0.4247489807345692
66,Vetorial,1,0,"[('128', np.float64(0.2922), 0), ('1182', np.float64(0.2515), 0), ('310', np.float64(0.229), 0), ('305', np.float64(0.2174), 0), ('629', np.float64(0.1941), 2), ('590', np.float64(0.1925), 0), ('664', np.float64(0.1894), 2), ('2', np.float64(0.1866), 0), ('4', np.float64(0.1863), 0), ('375', np.float64(0.1837), 0)]",0.2,0.4,0.26666666666666666,0.18375276426360015
67,Vetorial,1,0,"[('3', np.float64(0.4625), 1), ('4', np.float64(0.4289), 3), ('393', np.float64(0.409), 3), ('664', np.float64(0.3619), 2), ('180', np.float64(0.322), 1), ('128', np.float64(0.2806), 1), ('2', np.float64(0.2792), 1), ('389', np.float64(0.273), 3), ('458', np.float64(0.2694), 0), ('306', np.float64(0.2495), 0)]",0.8,0.5714285714285714,0.6666666666666666,0.6746261281697307
68,Vetorial,1,0,"[('628', np.float64(0.3877), -1), ('662', np.float64(0.1813), 2), ('254', np.float64(0.1711), 0), ('974', np.float64(0.1617), 0), ('125', np.float64(0.1601), 0), ('397', np.float64(0.1531), 0), ('272', np.float64(0.1527), 0), ('338', np.float64(0.1495), 0), ('308', np.float64(0.1491), 0), ('365', np.float64(0.1408), 0)]",0.1,0.2,0.13333333333333333,0.12067396090728737
69,Vetorial,1,0,"[('4', np.float64(0.2602), 0), ('540', np.float64(0.2195), -1), ('300', np.float64(0.2166), 0), ('365', np.float64(0.2069), 0), ('671', np.float64(0.2036), 0), ('3', np.float64(0.2009), 0), ('1138', np.float64(0.2003), 0), ('264', np.float64(0.1999), 0), ('1383', np.float64(0.1969), 0), ('105', np.float64(0.1938), 0)]",0.0,0.0,0.0,0.097530847371386
70,Vetorial,1,0,"[('540', np.float64(0.3885), -1), ('180', np.float64(0.3482), 0), ('4', np.float64(0.3364), 0), ('327', np.float64(0.3349), 0), ('300', np.float64(0.3232), 0), ('349', np.float64(0.2849), 0), ('62', np.float64(0.2598), 2), ('3', np.float64(0.2597), 0), ('494', np.float64(0.252), 0), ('359', np.float64(0.2488), 0)]",0.1,0.1,0.10000000000000002,0.11421621096508812
71,Vetorial,1,0,"[('540', np.float64(0.3928), -1), ('305', np.float64(0.3815), 0), ('63', np.float64(0.3562), 0), ('573', np.float64(0.3277), 0), ('26', np.float64(0.2991), 0), ('525', np.float64(0.2951), 0), ('570', np.float64(0.2896), 0), ('310', np.float64(0.2861), 0), ('1253', np.float64(0.2823), 0), ('170', np.float64(0.2764), 0)]",0.0,0.0,0.0,0.045039802720860146
72,Vetorial,1,0,"[('139', np.float64(0.1862), 0), ('1078', np.float64(0.1861), 0), ('504', np.float64(0.1744), 0), ('53', np.float64(0.1614), 0), ('666', np.float64(0.1583), 0), ('1229', np.float64(0.1542), 0), ('663', np.float64(0.1529), 4), ('668', np.float64(0.1524), 0), ('1381', np.float64(0.1508), 0), ('9', np.float64(0.1504), 0)]",0.1,0.058823529411764705,0.07407407407407408,0.04468156994744691
73,Vetorial,1,0,"[('332', np.float64(0.3968), 2), ('541', np.float64(0.2883), -1), ('573', np.float64(0.2678), 3), ('577', np.float64(0.1678), 4), ('488', np.float64(0.1607), 0), ('574', np.float64(0.156), 3), ('517', np.float64(0.1535), 0), ('1310', np.float64(0.1462), 0), ('572', np.float64(0.1425), 2), ('625', np.float64(0.1365), 2)]",0.6,0.3,0.4,0.32363764359365416
74,Vetorial,1,0,"[('26', np.float64(0.2316), 0), ('1153', np.float64(0.2291), 0), ('1161', np.float64(0.1881), 0), ('1142', np.float64(0.1826), 0), ('68', np.float64(0.1767), 0), ('280', np.float64(0.1509), 0), ('625', np.float64(0.1507), 0), ('372', np.float64(0.1393), 0), ('1155', np.float64(0.1356), 0), ('904', np.float64(0.1331), 0)]",0.0,0.0,0.0,0.041732138507622946
75,Vetorial,1,0,"[('324', np.float64(0.2765), 3), ('323', np.float64(0.1955), 0), ('55', np.float64(0.1901), 0), ('629', np.float64(0.1884), 0), ('559', np.float64(0.1876), 0), ('1393', np.float64(0.186), 0), ('1395', np.float64(0.1858), 0), ('283', np.float64(0.1572), 0), ('565', np.float64(0.1572), 0), ('630', np.float64(0.1564), -1)]",0.1,0.2,0.13333333333333333,0.22913608912079667
76,Vetorial,1,0,"[('630', np.float64(0.2582), -1), ('667', np.float64(0.2348), 2), ('565', np.float64(0.2187), 0), ('666', np.float64(0.218), 3), ('1394', np.float64(0.211), 0), ('50', np.float64(0.21), 0), ('55', np.float64(0.1972), 0), ('171', np.float64(0.1929), 0), ('1198', np.float64(0.1868), 0), ('1264', np.float64(0.1845), 0)]",0.2,0.2857142857142857,0.23529411764705882,0.1799607403140775
77,Vetorial,1,0,"[('329', np.float64(0.4794), 4), ('667', np.float64(0.2815), 3), ('1395', np.float64(0.2544), 0), ('1264', np.float64(0.233), 0), ('668', np.float64(0.23), 2), ('630', np.float64(0.2265), -1), ('345', np.float64(0.1983), 0), ('335', np.float64(0.1834), 0), ('1394', np.float64(0.1826), 0), ('572', np.float64(0.1746), 0)]",0.3,0.5,0.37499999999999994,0.5427627815051751
78,Vetorial,1,0,"[('589', np.float64(0.382), 3), ('543', np.float64(0.3633), -1), ('590', np.float64(0.329), 3), ('588', np.float64(0.2827), 2), ('591', np.float64(0.2599), 0), ('578', np.float64(0.2384), 0), ('237', np.float64(0.2309), 0), ('216', np.float64(0.222), 0), ('138', np.float64(0.1953), 0), ('576', np.float64(0.1873), 0)]",0.3,1.0,0.4615384615384615,0.8055555555555555
79,Vetorial,1,0,"[('748', np.float64(0.3521), 0), ('544', np.float64(0.2933), -1), ('199', np.float64(0.2899), 0), ('600', np.float64(0.2475), 0), ('567', np.float64(0.2467), 0), ('597', np.float64(0.2405), 3), ('1066', np.float64(0.2401), 0), ('599', np.float64(0.2365), 0), ('251', np.float64(0.1999), 0), ('755', np.float64(0.1984), 0)]",0.1,0.2,0.13333333333333333,0.07022964264343574
80,Vetorial,1,0,"[('544', np.float64(0.2065), -1), ('790', np.float64(0.1732), 0), ('748', np.float64(0.1629), 0), ('251', np.float64(0.1588), 0), ('599', np.float64(0.1542), 0), ('600', np.float64(0.1404), 0), ('199', np.float64(0.127), 0), ('878', np.float64(0.115), 0), ('814', np.float64(0.1117), 0), ('1066', np.float64(0.1058), 0)]",0.0,0.0,0.0,0.04279301268630387
81,Vetorial,1,0,"[('714', np.float64(0.296), 0), ('631', np.float64(0.2373), -1), ('755', np.float64(0.1986), 0), ('1153', np.float64(0.1956), 0), ('652', np.float64(0.1856), 0), ('799', np.float64(0.1775), 4), ('598', np.float64(0.1773), 0), ('876', np.float64(0.1753), 0), ('809', np.float64(0.1743), 0), ('594', np.float64(0.1647), 0)]",0.1,0.5,0.16666666666666669,0.14215686274509803
82,Vetorial,1,0,"[('678', np.float64(0.3187), 3), ('1334', np.float64(0.2512), 0), ('1339', np.float64(0.2252), 0), ('1332', np.float64(0.221), 0), ('699', np.float64(0.213), 0), ('676', np.float64(0.2041), 2), ('465', np.float64(0.1881), 0), ('677', np.float64(0.1769), 2), ('247', np.float64(0.1701), 0), ('632', np.float64(0.1698), -1)]",0.3,0.6,0.4,0.3634150675195451
83,Vetorial,1,0,"[('1275', np.float64(0.3264), 0), ('753', np.float64(0.3187), 0), ('633', np.float64(0.2736), -1), ('898', np.float64(0.2547), 0), ('428', np.float64(0.2545), 0), ('680', np.float64(0.2089), 2), ('224', np.float64(0.2063), 0), ('1070', np.float64(0.1863), 0), ('19', np.float64(0.1851), 0), ('657', np.float64(0.1848), 0)]",0.1,0.25,0.14285714285714288,0.06397836003560302
84,Vetorial,1,0,"[('398', np.float64(0.2516), 0), ('294', np.float64(0.202), 3), ('142', np.float64(0.2018), 3), ('283', np.float64(0.195), 0), ('564', np.float64(0.1841), 0), ('1263', np.float64(0.1828), 0), ('435', np.float64(0.1826), 0), ('19', np.float64(0.1744), 0), ('872', np.float64(0.1743), 0), ('522', np.float64(0.1723), 4)]",0.3,0.2727272727272727,0.28571428571428564,0.23411387767413255
85,Vetorial,1,0,"[('418', np.float64(0.2186), 0), ('315', np.float64(0.2042), 0), ('272', np.float64(0.1991), 0), ('1264', np.float64(0.1843), 0), ('9', np.float64(0.1819), 0), ('1155', np.float64(0.1719), 0), ('294', np.float64(0.1718), 0), ('84', np.float64(0.1713), 0), ('876', np.float64(0.1669), 0), ('795', np.float64(0.1607), 0)]",0.0,0.0,0.0,0.0159401967960075
86,Vetorial,1,0,"[('755', np.float64(0.4255), -1), ('594', np.float64(0.2913), 3), ('790', np.float64(0.2637), 3), ('431', np.float64(0.2343), 0), ('600', np.float64(0.1946), 0), ('599', np.float64(0.1882), 0), ('188', np.float64(0.1707), 0), ('1153', np.float64(0.1662), 0), ('280', np.float64(0.1643), 0), ('179', np.float64(0.1633), 0)]",0.2,1.0,0.33333333333333337,0.5833333333333333
87,Vetorial,1,0,"[('1228', np.float64(0.3378), 0), ('334', np.float64(0.2939), 0), ('26', np.float64(0.2813), 0), ('439', np.float64(0.266), 0), ('797', np.float64(0.2571), 0), ('569', np.float64(0.2132), 0), ('655', np.float64(0.2131), 0), ('1198', np.float64(0.2093), 0), ('707', np.float64(0.2016), 0), ('2', np.float64(0.1867), 0)]",0.0,0.0,0.0,0.01010177879705843
88,Vetorial,1,0,"[('617', np.float64(0.3986), 3), ('548', np.float64(0.3639), -1), ('616', np.float64(0.3602), 3), ('622', np.float64(0.3088), 0), ('613', np.float64(0.302), 2), ('618', np.float64(0.2148), 4), ('162', np.float64(0.1973), 0), ('510', np.float64(0.1949), 0), ('614', np.float64(0.1824), 2), ('1150', np.float64(0.1802), 0)]",0.5,0.8333333333333334,0.625,0.6723905723905723
89,Vetorial,1,0,"[('924', np.float64(0.2479), 0), ('200', np.float64(0.2432), 0), ('757', np.float64(0.2199), -1), ('794', np.float64(0.2164), 2), ('793', np.float64(0.2164), 2), ('801', np.float64(0.2147), 0), ('205', np.float64(0.2107), 0), ('752', np.float64(0.21), 0), ('803', np.float64(0.1985), 0), ('797', np.float64(0.1975), 3)]",0.3,0.5,0.37499999999999994,0.20832251082251077
90,Vetorial,1,0,"[('358', np.float64(0.3871), 0), ('265', np.float64(0.3727), 0), ('1364', np.float64(0.2816), 3), ('311', np.float64(0.2589), 3), ('71', np.float64(0.2584), 0), ('1187', np.float64(0.2568), 4), ('1228', np.float64(0.2535), 0), ('457', np.float64(0.2471), 0), ('335', np.float64(0.2464), 3), ('569', np.float64(0.2366), 0)]",0.4,0.3076923076923077,0.34782608695652173,0.29790391055863047
91,Vetorial,1,0,"[('610', np.float64(0.3359), 0), ('252', np.float64(0.2747), 2), ('799', np.float64(0.2361), 3), ('503', np.float64(0.2305), 0), ('316', np.float64(0.2098), 0), ('526', np.float64(0.2085), 0), ('1153', np.float64(0.1949), 0), ('879', np.float64(0.1935), 0), ('1062', np.float64(0.1928), 0), ('801', np.float64(0.1858), 2)]",0.3,0.3333333333333333,0.3157894736842105,0.23988050442340667
92,Vetorial,1,0,"[('758', np.float64(0.2368), -1), ('1247', np.float64(0.2303), 3), ('809', np.float64(0.1783), 3), ('810', np.float64(0.172), 4), ('804', np.float64(0.1704), 4), ('806', np.float64(0.1502), 4), ('783', np.float64(0.1432), 0), ('808', np.float64(0.1429), 3), ('807', np.float64(0.1215), 4), ('1243', np.float64(0.1204), 4)]",0.8,0.6153846153846154,0.6956521739130435,0.515399529810375
93,Vetorial,1,0,"[('635', np.float64(0.4287), -1), ('691', np.float64(0.2891), 3), ('68', np.float64(0.22), 0), ('355', np.float64(0.1756), 0), ('1143', np.float64(0.1741), 0), ('144', np.float64(0.1689), 0), ('302', np.float64(0.1599), 0), ('1336', np.float64(0.1424), 0), ('1161', np.float64(0.1308), 0), ('413', np.float64(0.1251), 0)]",0.1,1.0,0.18181818181818182,0.5
94,Vetorial,1,0,"[('1393', np.float64(0.5136), 3), ('559', np.float64(0.4609), 3), ('283', np.float64(0.4539), 3), ('1161', np.float64(0.3876), 4), ('983', np.float64(0.382), 0), ('101', np.float64(0.328), 4), ('662', np.float64(0.3137), 0), ('366', np.float64(0.3033), 0), ('438', np.float64(0.3022), 0), ('564', np.float64(0.2961), 0)]",0.5,0.4166666666666667,0.45454545454545453,0.5549466459401198
95,Vetorial,1,0,"[('662', np.float64(0.3808), 4), ('564', np.float64(0.2773), 0), ('689', np.float64(0.2622), 0), ('635', np.float64(0.2542), -1), ('283', np.float64(0.2474), 1), ('1395', np.float64(0.2464), 0), ('1258', np.float64(0.2366), 0), ('872', np.float64(0.2339), 0), ('398', np.float64(0.2195), 0), ('554', np.float64(0.2188), 0)]",0.2,1.0,0.33333333333333337,0.7
96,Vetorial,1,0,"[('699', np.float64(0.3917), 4), ('637', np.float64(0.3569), -1), ('698', np.float64(0.3382), 4), ('779', np.float64(0.2943), 3), ('1334', np.float64(0.2851), 0), ('465', np.float64(0.2809), 0), ('1339', np.float64(0.2736), 4), ('1332', np.float64(0.2687), 0), ('700', np.float64(0.2513), 4), ('632', np.float64(0.2501), 0)]",0.5,0.38461538461538464,0.4347826086956522,0.3705052753524732
97,Vetorial,1,0,"[('779', np.float64(0.1387), 3), ('1214', np.float64(0.1387), 0), ('728', np.float64(0.1242), 0), ('1331', np.float64(0.1194), 0), ('1270', np.float64(0.1168), 0), ('1391', np.float64(0.1142), 0), ('251', np.float64(0.1061), 0), ('807', np.float64(0.1058), 0), ('1260', np.float64(0.1052), 0), ('781', np.float64(0.0998), 0)]",0.1,0.1,0.10000000000000002,0.12264863780867416
98,Vetorial,1,0,"[('1343', np.float64(0.2244), 0), ('673', np.float64(0.1866), 0), ('638', np.float64(0.1695), -1), ('288', np.float64(0.1589), 0), ('311', np.float64(0.1476), 0), ('1095', np.float64(0.1281), 0), ('1091', np.float64(0.1274), 0), ('1064', np.float64(0.1253), 0), ('189', np.float64(0.1202), 0), ('902', np.float64(0.1186), 0)]",0.0,0.0,0.0,0.02563172381995386
99,Vetorial,1,0,"[('639', np.float64(0.3168), -1), ('719', np.float64(0.2213), 2), ('958', np.float64(0.1879), 0), ('715', np.float64(0.1849), 0), ('1345', np.float64(0.1551), 0), ('1379', np.float64(0.1503), 3), ('32', np.float64(0.1364), 0), ('274', np.float64(0.1288), 0), ('982', np.float64(0.121), 0), ('164', np.float64(0.1195), 0)]",0.2,0.5,0.28571428571428575,0.2668921921521575
100,Vetorial,1,0,"[('822', np.float64(0.4731), 2), ('1122', np.float64(0.4509), 2), ('760', np.float64(0.4276), -1), ('1126', np.float64(0.4117), 0), ('741', np.float64(0.4014), 0), ('1171', np.float64(0.3974), 0), ('1013', np.float64(0.3704), 0), ('739', np.float64(0.3573), 0), ('743', np.float64(0.3366), 0), ('1067', np.float64(0.3353), 0)]",0.2,0.2222222222222222,0.2105263157894737,0.31079178741003727
101,Vetorial,1,0,"[('817', np.float64(0.3936), 2), ('820', np.float64(0.3617), 3), ('819', np.float64(0.3153), 2), ('1119', np.float64(0.3143), 0), ('823', np.float64(0.2976), 0), ('825', np.float64(0.2498), 3), ('760', np.float64(0.2329), -1), ('826', np.float64(0.2282), 0), ('818', np.float64(0.2251), 2), ('837', np.float64(0.2185), 0)]",0.5,0.8333333333333334,0.625,0.7625272331154683
102,Vetorial,1,0,"[('910', np.float64(0.2351), 3), ('660', np.float64(0.154), 0), ('516', np.float64(0.1361), 0), ('1001', np.float64(0.1307), 0), ('728', np.float64(0.1249), 1), ('998', np.float64(0.1242), 0), ('1039', np.float64(0.1152), 0), ('862', np.float64(0.1139), 0), ('1007', np.float64(0.1125), 0), ('729', np.float64(0.1109), -1)]",0.2,0.5,0.28571428571428575,0.37517202196831
103,Vetorial,1,0,"[('761', np.float64(0.4953), -1), ('1048', np.float64(0.2779), 0), ('770', np.float64(0.2726), 0), ('720', np.float64(0.2636), 0), ('1050', np.float64(0.2432), 0), ('1049', np.float64(0.2318), 0), ('669', np.float64(0.2167), 0), ('956', np.float64(0.2144), 0), ('1127', np.float64(0.202), 0), ('1214', np.float64(0.1958), 0)]",0.0,0.0,0.0,0.018269128539532907
104,Vetorial,1,0,"[('762', np.float64(0.2959), -1), ('644', np.float64(0.2014), 0), ('29', np.float64(0.2002), 0), ('462', np.float64(0.1967), 0), ('1024', np.float64(0.1901), 0), ('1055', np.float64(0.1719), 0), ('744', np.float64(0.1645), 0), ('760', np.float64(0.1511), 0), ('1316', np.float64(0.1484), 0), ('913', np.float64(0.1465), 0)]",0.0,0.0,0.0,0.09358418158418158
105,Vetorial,1,0,"[('848', np.float64(0.4945), 3), ('764', np.float64(0.4818), -1), ('847', np.float64(0.2772), 4), ('1019', np.float64(0.2157), 0), ('890', np.float64(0.2048), 0), ('1129', np.float64(0.1863), 0), ('740', np.float64(0.1808), 0), ('1071', np.float64(0.1743), 0), ('821', np.float64(0.1718), 0), ('953', np.float64(0.171), 0)]",0.2,0.4,0.26666666666666666,0.4061037620789942
106,Vetorial,1,0,"[('908', np.float64(0.3001), 0), ('890', np.float64(0.2811), 0), ('764', np.float64(0.2681), -1), ('848', np.float64(0.2546), 0), ('1129', np.float64(0.2482), 0), ('844', np.float64(0.2416), 4), ('594', np.float64(0.2377), 0), ('847', np.float64(0.2046), 2), ('740', np.float64(0.1833), 0), ('886', np.float64(0.182), 0)]",0.2,0.4,0.26666666666666666,0.1354078309756412
107,Vetorial,1,0,"[('640', np.float64(0.3011), -1), ('725', np.float64(0.2416), 2), ('909', np.float64(0.2307), 4), ('883', np.float64(0.1906), 0), ('811', np.float64(0.1624), 0), ('209', np.float64(0.1589), 0), ('415', np.float64(0.1584), 0), ('137', np.float64(0.1553), 0), ('51', np.float64(0.1548), 0), ('29', np.float64(0.1505), 0)]",0.2,0.2857142857142857,0.23529411764705882,0.21562374833920459
108,Vetorial,1,0,"[('75', np.float64(0.4929), 3), ('720', np.float64(0.3347), 4), ('726', np.float64(0.2993), 2), ('768', np.float64(0.2767), 0), ('883', np.float64(0.2396), 0), ('884', np.float64(0.237), 0), ('1244', np.float64(0.2357), 0), ('909', np.float64(0.2222), 3), ('1208', np.float64(0.2125), 0), ('727', np.float64(0.2124), 2)]",0.5,0.7142857142857143,0.588235294117647,0.6984126984126985
109,Vetorial,1,0,"[('1008', np.float64(0.3633), 0), ('31', np.float64(0.3135), 0), ('859', np.float64(0.3048), 0), ('856', np.float64(0.2786), 0), ('864', np.float64(0.2743), 0), ('711', np.float64(0.2638), 0), ('5', np.float64(0.2461), 0), ('158', np.float64(0.2437), 0), ('51', np.float64(0.2409), 0), ('857', np.float64(0.2338), 0)]",0.0,0.0,0.0,0.02767000835421888
110,Vetorial,1,0,"[('957', np.float64(0.2658), 0), ('1013', np.float64(0.253), 0), ('1131', np.float64(0.25), 0), ('642', np.float64(0.2224), 0), ('888', np.float64(0.2223), 0), ('761', np.float64(0.2216), 0), ('400', np.float64(0.2135), 0), ('897', np.float64(0.2061), 0), ('760', np.float64(0.206), 0), ('915', np.float64(0.2), 0)]",0.0,0.0,0.0,0.0346872849606239
111,Vetorial,1,0,"[('894', np.float64(0.4275), -1), ('391', np.float64(0.3058), 2), ('766', np.float64(0.3031), 0), ('858', np.float64(0.2931), 0), ('948', np.float64(0.2884), 0), ('856', np.float64(0.2729), 0), ('1131', np.float64(0.2659), 0), ('658', np.float64(0.2656), 3), ('857', np.float64(0.2546), 0), ('1008', np.float64(0.2542), 0)]",0.2,0.2857142857142857,0.23529411764705882,0.2456013984541185
112,Vetorial,1,0,"[('641', np.float64(0.5765), -1), ('730', np.float64(0.4006), 4), ('733', np.float64(0.2752), 0), ('735', np.float64(0.2743), 0), ('736', np.float64(0.2668), 0), ('840', np.float64(0.2488), 0), ('955', np.float64(0.2253), 0), ('1045', np.float64(0.222), 0), ('422', np.float64(0.2206), 0), ('734', np.float64(0.2205), 0)]",0.1,0.5,0.16666666666666669,0.3055555555555556
113,Vetorial,1,0,"[('748', np.float64(0.2426), 3), ('716', np.float64(0.2183), 0), ('265', np.float64(0.192), 3), ('1272', np.float64(0.1867), 0), ('638', np.float64(0.184), 0), ('801', np.float64(0.1816), 0), ('503', np.float64(0.1793), 0), ('708', np.float64(0.1628), 0), ('815', np.float64(0.1607), 0), ('368', np.float64(0.1525), 0)]",0.2,0.5,0.28571428571428575,0.43590421365914783
114,Vetorial,1,0,"[('895', np.float64(0.3843), -1), ('1290', np.float64(0.153), 0), ('918', np.float64(0.1478), 0), ('685', np.float64(0.1439), 0), ('1266', np.float64(0.1389), 0), ('757', np.float64(0.1291), 0), ('676', np.float64(0.1246), 0), ('794', np.float64(0.1103), 0), ('780', np.float64(0.1076), 0), ('395', np.float64(0.1059), 0)]",0.0,0.0,0.0,0.05727329262777024
115,Vetorial,1,0,"[('184', np.float64(0.1681), -1), ('13', np.float64(0.1534), 0), ('540', np.float64(0.1474), 0), ('625', np.float64(0.1235), 0), ('327', np.float64(0.1118), 0), ('320', np.float64(0.1103), 0), ('494', np.float64(0.1024), 0), ('359', np.float64(0.095), 0), ('349', np.float64(0.0933), 0), ('1146', np.float64(0.0884), 0)]",0.0,0.0,0.0,0.012694385603434801
116,Vetorial,1,0,"[('605', np.float64(0.3366), 3), ('48', np.float64(0.3257), 0), ('1038', np.float64(0.3091), 0), ('384', np.float64(0.3064), 0), ('522', np.float64(0.2668), 0), ('1303', np.float64(0.2532), 0), ('1106', np.float64(0.2374), 0), ('1218', np.float64(0.2243), 0), ('423', np.float64(0.204), 0), ('1308', np.float64(0.1978), 0)]",0.1,0.2,0.13333333333333333,0.2146694878155552
117,Vetorial,1,0,"[('229', np.float64(0.2903), 0), ('230', np.float64(0.2514), 0), ('782', np.float64(0.2194), 0), ('60', np.float64(0.2156), 0), ('924', np.float64(0.2101), 0), ('282', np.float64(0.1803), 0), ('1285', np.float64(0.1747), 0), ('1304', np.float64(0.1499), 0), ('927', np.float64(0.1471), 0), ('433', np.float64(0.1351), 0)]",0.0,0.0,0.0,0.02950622240064231
118,Vetorial,1,0,"[('545', np.float64(0.3353), 0), ('803', np.float64(0.3197), 0), ('923', np.float64(0.2562), 2), ('1239', np.float64(0.2515), 0), ('1062', np.float64(0.2477), 0), ('1243', np.float64(0.2456), 0), ('1112', np.float64(0.2079), 0), ('360', np.float64(0.203), 0), ('1380', np.float64(0.1974), 0), ('701', np.float64(0.1955), 0)]",0.1,0.3333333333333333,0.15384615384615383,0.1552897395002658
119,Vetorial,1,0,"[('926', np.float64(0.2491), 4), ('928', np.float64(0.2093), 0), ('744', np.float64(0.1844), 0), ('1132', np.float64(0.1826), 0), ('827', np.float64(0.1737), 0), ('1116', np.float64(0.169), 0), ('533', np.float64(0.1607), 0), ('739', np.float64(0.1606), 0), ('1055', np.float64(0.1519), 0), ('763', np.float64(0.1509), 0)]",0.1,1.0,0.18181818181818182,1.0
120,Vetorial,1,0,"[('887', np.float64(0.3797), 2), ('769', np.float64(0.3192), -1), ('1146', np.float64(0.2776), 2), ('897', np.float64(0.2606), 0), ('741', np.float64(0.2555), 0), ('885', np.float64(0.2541), 3), ('739', np.float64(0.2375), 0), ('760', np.float64(0.2129), 0), ('888', np.float64(0.2128), 3), ('31', np.float64(0.2084), 0)]",0.4,0.4444444444444444,0.4210526315789474,0.4804151323277006
121,Vetorial,1,0,"[('1146', np.float64(0.3285), 2), ('887', np.float64(0.3226), 1), ('888', np.float64(0.2728), 1), ('31', np.float64(0.2466), 0), ('885', np.float64(0.232), 1), ('769', np.float64(0.2287), -1), ('1178', np.float64(0.2192), 0), ('739', np.float64(0.2185), 0), ('741', np.float64(0.2068), 0), ('957', np.float64(0.2034), 0)]",0.4,0.5714285714285714,0.47058823529411764,0.6525437525437525
122,Vetorial,1,0,"[('898', np.float64(0.346), -1), ('1070', np.float64(0.3418), 0), ('930', np.float64(0.2143), 0), ('938', np.float64(0.2101), 2), ('934', np.float64(0.1997), 4), ('935', np.float64(0.1914), 4), ('1068', np.float64(0.1912), 0), ('931', np.float64(0.1863), 4), ('743', np.float64(0.1818), 0), ('633', np.float64(0.1569), 0)]",0.4,0.4444444444444444,0.4210526315789474,0.26654923557288807
123,Vetorial,1,0,"[('1360', np.float64(0.204), 0), ('1221', np.float64(0.1799), 0), ('775', np.float64(0.1643), 0), ('389', np.float64(0.1626), 0), ('34', np.float64(0.1547), 0), ('1222', np.float64(0.1474), 0), ('305', np.float64(0.1416), 0), ('376', np.float64(0.1415), 0), ('537', np.float64(0.1394), 0), ('227', np.float64(0.1313), 0)]",0.0,0.0,0.0,0.08193979933110368
124,Vetorial,1,0,"[('941', np.float64(0.4526), -1), ('898', np.float64(0.229), 0), ('1070', np.float64(0.2263), 0), ('442', np.float64(0.1637), 0), ('625', np.float64(0.1585), 0), ('938', np.float64(0.1537), 0), ('389', np.float64(0.1532), 0), ('934', np.float64(0.1525), 0), ('930', np.float64(0.1519), 0), ('516', np.float64(0.1517), 0)]",0.0,0.0,0.0,0.005214739389447203
125,Vetorial,1,0,"[('610', np.float64(0.2858), 0), ('997', np.float64(0.262), 2), ('993', np.float64(0.2618), 0), ('1195', np.float64(0.2567), 0), ('695', np.float64(0.2493), 0), ('176', np.float64(0.2145), 3), ('1352', np.float64(0.2117), 0), ('1349', np.float64(0.2086), 0), ('1292', np.float64(0.2009), 0), ('991', np.float64(0.2007), 0)]",0.2,0.11764705882352941,0.14814814814814817,0.23327256957049694
126,Vetorial,1,0,"[('1326', np.float64(0.2902), 2), ('1095', np.float64(0.2878), 0), ('974', np.float64(0.2798), 2), ('397', np.float64(0.2269), 0), ('1288', np.float64(0.2139), 0), ('1265', np.float64(0.2047), 0), ('628', np.float64(0.1936), 0), ('773', np.float64(0.1916), 0), ('338', np.float64(0.1703), 0), ('308', np.float64(0.1699), 0)]",0.2,0.25,0.22222222222222224,0.22327083639455012
127,Vetorial,1,0,"[('5', np.float64(0.2562), 0), ('981', np.float64(0.2234), 3), ('6', np.float64(0.2202), 0), ('1073', np.float64(0.1719), 0), ('1207', np.float64(0.1635), 0), ('585', np.float64(0.1628), 0), ('399', np.float64(0.1607), 0), ('944', np.float64(0.1519), -1), ('869', np.float64(0.1484), 0), ('1317', np.float64(0.1381), 0)]",0.1,0.2,0.13333333333333333,0.1403852037814302
128,Vetorial,1,0,"[('945', np.float64(0.444), -1), ('1063', np.float64(0.2443), 0), ('745', np.float64(0.1717), 0), ('111', np.float64(0.1694), 0), ('988', np.float64(0.1617), 0), ('92', np.float64(0.1518), 0), ('429', np.float64(0.1491), 0), ('248', np.float64(0.1323), 0), ('12', np.float64(0.1236), 0), ('648', np.float64(0.1185), 0)]",0.0,0.0,0.0,0.024092970521541947
129,Vetorial,1,0,"[('945', np.float64(0.3366), -1), ('988', np.float64(0.3018), 3), ('987', np.float64(0.2555), 2), ('1281', np.float64(0.181), 0), ('527', np.float64(0.1709), 0), ('989', np.float64(0.1553), 3), ('985', np.float64(0.1398), 2), ('637', np.float64(0.138), 0), ('507', np.float64(0.1379), 0), ('3', np.float64(0.1324), 0)]",0.4,0.5714285714285714,0.47058823529411764,0.34433869701726844
130,Vetorial,1,0,"[('859', np.float64(0.4025), 3), ('1008', np.float64(0.3151), 3), ('766', np.float64(0.2992), 2), ('856', np.float64(0.2898), 0), ('948', np.float64(0.2737), -1), ('391', np.float64(0.2395), 0), ('864', np.float64(0.225), 0), ('857', np.float64(0.211), 0), ('5', np.float64(0.2093), 0), ('202', np.float64(0.202), 0)]",0.3,0.6,0.4,0.6685714285714286
131,Vetorial,1,0,"[('1021', np.float64(0.3723), 0), ('950', np.float64(0.3683), -1), ('1026', np.float64(0.2504), 0), ('1014', np.float64(0.2433), 2), ('1023', np.float64(0.2425), 0), ('952', np.float64(0.2418), 0), ('1029', np.float64(0.221), 0), ('1017', np.float64(0.2035), 3), ('1020', np.float64(0.183), 2), ('1028', np.float64(0.1819), 0)]",0.3,0.375,0.33333333333333326,0.24793533822734642
132,Vetorial,1,0,"[('1026', np.float64(0.4673), 3), ('1013', np.float64(0.4434), 3), ('1021', np.float64(0.4073), 0), ('1015', np.float64(0.4022), 3), ('1023', np.float64(0.3922), 3), ('1020', np.float64(0.3824), 4), ('1028', np.float64(0.362), 0), ('1014', np.float64(0.3568), 1), ('951', np.float64(0.3258), 3), ('1017', np.float64(0.3188), 3)]",0.8,0.5333333333333333,0.64,0.6679855235704539
133,Vetorial,1,0,"[('1026', np.float64(0.4756), 0), ('1013', np.float64(0.4513), 0), ('1015', np.float64(0.4094), 0), ('1023', np.float64(0.3991), 0), ('1020', np.float64(0.3891), 1), ('1028', np.float64(0.3792), 0), ('1014', np.float64(0.3631), 0), ('951', np.float64(0.3543), 0), ('1021', np.float64(0.3426), 0), ('871', np.float64(0.3209), 0)]",0.1,0.14285714285714285,0.11764705882352941,0.1563052426023421
134,Vetorial,1,0,"[('951', np.float64(0.2591), -1), ('1013', np.float64(0.2393), 0), ('1015', np.float64(0.2366), 0), ('1026', np.float64(0.2354), 0), ('1014', np.float64(0.2204), 0), ('1012', np.float64(0.2198), 0), ('1028', np.float64(0.2136), 3), ('866', np.float64(0.2091), 0), ('1023', np.float64(0.2079), 0), ('1020', np.float64(0.2079), 0)]",0.1,0.5,0.16666666666666669,0.11904761904761904
135,Vetorial,1,0,"[('1026', np.float64(0.6207), 4), ('1013', np.float64(0.5307), 0), ('1029', np.float64(0.5062), 0), ('1020', np.float64(0.4902), 0), ('951', np.float64(0.4847), -1), ('1023', np.float64(0.4633), 4), ('1014', np.float64(0.4495), 0), ('1017', np.float64(0.4271), 4), ('1015', np.float64(0.427), 0), ('1021', np.float64(0.424), 0)]",0.3,0.375,0.33333333333333326,0.40176295518207283
136,Vetorial,1,0,"[('951', np.float64(0.3571), -1), ('1026', np.float64(0.338), 0), ('1013', np.float64(0.3268), 0), ('1021', np.float64(0.3154), 1), ('1033', np.float64(0.3014), 0), ('1015', np.float64(0.2909), 0), ('1020', np.float64(0.2896), 0), ('1023', np.float64(0.2837), 0), ('1125', np.float64(0.2738), 0), ('1014', np.float64(0.2695), 0)]",0.1,0.3333333333333333,0.15384615384615383,0.12766714082503558
137,Vetorial,1,0,"[('952', np.float64(0.4782), -1), ('1023', np.float64(0.3888), 0), ('1026', np.float64(0.3676), 0), ('1021', np.float64(0.3241), 3), ('1015', np.float64(0.2343), 0), ('1028', np.float64(0.2277), 0), ('1013', np.float64(0.2247), 0), ('1024', np.float64(0.2223), 0), ('1020', np.float64(0.2174), 0), ('1034', np.float64(0.2119), 3)]",0.2,0.5,0.28571428571428575,0.2181985294117647
138,Vetorial,1,0,"[('844', np.float64(0.2854), 0), ('953', np.float64(0.2778), -1), ('897', np.float64(0.2743), 0), ('889', np.float64(0.2681), 0), ('841', np.float64(0.2346), 0), ('885', np.float64(0.2265), 0), ('854', np.float64(0.2214), 0), ('743', np.float64(0.2147), 0), ('908', np.float64(0.21), 0), ('1068', np.float64(0.207), 0)]",0.0,0.0,0.0,0.026080084299262382
139,Vetorial,1,0,"[('826', np.float64(0.2737), 0), ('844', np.float64(0.2642), 0), ('887', np.float64(0.2571), 0), ('897', np.float64(0.2489), 0), ('953', np.float64(0.2444), -1), ('1038', np.float64(0.2254), 0), ('841', np.float64(0.2064), 0), ('1068', np.float64(0.2021), 0), ('743', np.float64(0.1949), 0), ('847', np.float64(0.1856), 0)]",0.0,0.0,0.0,0.005118885610986519
140,Vetorial,1,0,"[('954', np.float64(0.3687), -1), ('1045', np.float64(0.2577), 0), ('1038', np.float64(0.2023), 1), ('839', np.float64(0.1803), 0), ('955', np.float64(0.1595), 0), ('497', np.float64(0.1563), 0), ('870', np.float64(0.1524), 0), ('887', np.float64(0.14), 0), ('885', np.float64(0.1318), 0), ('720', np.float64(0.1257), 0)]",0.1,0.16666666666666666,0.125,0.09117350659105138
141,Vetorial,1,0,"[('889', np.float64(0.257), 0), ('1043', np.float64(0.2185), 2), ('743', np.float64(0.2169), 0), ('843', np.float64(0.2109), 0), ('851', np.float64(0.1988), 0), ('930', np.float64(0.1844), 0), ('885', np.float64(0.1814), 0), ('1038', np.float64(0.1781), 1), ('1135', np.float64(0.1771), 0), ('1214', np.float64(0.1671), 0)]",0.2,0.3333333333333333,0.25,0.19232489930527397
142,Vetorial,1,0,"[('954', np.float64(0.2328), -1), ('827', np.float64(0.1899), 0), ('1125', np.float64(0.1513), 0), ('887', np.float64(0.147), 0), ('885', np.float64(0.1435), 0), ('769', np.float64(0.1257), 0), ('889', np.float64(0.1181), 0), ('765', np.float64(0.115), 0), ('890', np.float64(0.1115), 0), ('870', np.float64(0.108), 0)]",0.0,0.0,0.0,0.0017574692442882249
143,Vetorial,1,0,"[('1045', np.float64(0.3053), 0), ('1043', np.float64(0.2636), 1), ('889', np.float64(0.2577), 0), ('955', np.float64(0.2533), 0), ('954', np.float64(0.2477), -1), ('839', np.float64(0.2354), 0), ('930', np.float64(0.2325), 0), ('1051', np.float64(0.2206), 0), ('1052', np.float64(0.2065), 0), ('843', np.float64(0.201), 0)]",0.1,0.5,0.16666666666666669,0.3333333333333333
144,Vetorial,1,0,"[('1045', np.float64(0.4068), 2), ('955', np.float64(0.3088), -1), ('839', np.float64(0.3057), 3), ('763', np.float64(0.2913), 3), ('1046', np.float64(0.2207), 0), ('838', np.float64(0.2203), 3), ('840', np.float64(0.2017), 2), ('1176', np.float64(0.1852), 0), ('1116', np.float64(0.1706), 0), ('846', np.float64(0.1676), 0)]",0.5,0.8333333333333334,0.625,0.7238455988455987
145,Vetorial,1,0,"[('1045', np.float64(0.4796), 3), ('839', np.float64(0.4127), 2), ('1051', np.float64(0.3231), 0), ('763', np.float64(0.2888), 2), ('838', np.float64(0.2688), 2), ('1046', np.float64(0.259), 0), ('955', np.float64(0.2492), -1), ('1118', np.float64(0.2001), 0), ('1176', np.float64(0.1908), 0), ('1116', np.float64(0.1896), 0)]",0.4,0.5714285714285714,0.47058823529411764,0.562002376708259
146,Vetorial,1,0,"[('1045', np.float64(0.6013), 3), ('955', np.float64(0.5013), -1), ('840', np.float64(0.3874), 1), ('641', np.float64(0.3129), 0), ('839', np.float64(0.2939), 0), ('730', np.float64(0.2212), 0), ('854', np.float64(0.2198), 0), ('763', np.float64(0.2044), 0), ('1046', np.float64(0.1953), 0), ('1175', np.float64(0.1774), 0)]",0.2,1.0,0.33333333333333337,0.8333333333333333
147,Vetorial,1,0,"[('956', np.float64(0.5702), -1), ('1050', np.float64(0.5115), 3), ('1049', np.float64(0.3466), 4), ('1128', np.float64(0.2453), 0), ('1358', np.float64(0.2415), 0), ('191', np.float64(0.2195), 0), ('843', np.float64(0.2158), 3), ('1171', np.float64(0.1904), 0), ('1357', np.float64(0.1881), 0), ('720', np.float64(0.186), 0)]",0.3,0.3,0.3,0.2436696099784466
148,Vetorial,1,0,"[('1048', np.float64(0.4695), 2), ('956', np.float64(0.3608), -1), ('1126', np.float64(0.2828), 0), ('761', np.float64(0.2813), 0), ('1050', np.float64(0.2698), 2), ('720', np.float64(0.251), 0), ('739', np.float64(0.2415), 0), ('827', np.float64(0.2321), 0), ('763', np.float64(0.2304), 0), ('1146', np.float64(0.2142), 0)]",0.2,0.3333333333333333,0.25,0.3454232171337434
149,Vetorial,1,0,"[('1070', np.float64(0.3215), 0), ('930', np.float64(0.3066), 3), ('926', np.float64(0.2236), 0), ('1058', np.float64(0.2082), 3), ('898', np.float64(0.2012), 0), ('935', np.float64(0.1792), 0), ('633', np.float64(0.1771), 0), ('1059', np.float64(0.1764), 3), ('934', np.float64(0.1725), 3), ('931', np.float64(0.1725), 3)]",0.5,0.45454545454545453,0.47619047619047616,0.3870966618658762
150,Vetorial,1,0,"[('1062', np.float64(0.5891), -1), ('1074', np.float64(0.5003), 3), ('1075', np.float64(0.462), 3), ('1243', np.float64(0.3544), 0), ('1239', np.float64(0.3362), 0), ('610', np.float64(0.3078), 0), ('924', np.float64(0.2853), 0), ('923', np.float64(0.2843), 0), ('1259', np.float64(0.2797), 0), ('803', np.float64(0.2566), 0)]",0.2,1.0,0.33333333333333337,0.5833333333333333
151,Vetorial,1,0,"[('924', np.float64(0.2043), 0), ('783', np.float64(0.189), 0), ('1062', np.float64(0.1795), -1), ('433', np.float64(0.1736), 0), ('1246', np.float64(0.1706), 0), ('52', np.float64(0.169), 0), ('794', np.float64(0.1681), 0), ('222', np.float64(0.1591), 0), ('1262', np.float64(0.1538), 0), ('432', np.float64(0.1532), 0)]",0.0,0.0,0.0,0.031963707580862394
152,Vetorial,1,0,"[('671', np.float64(0.3498), 0), ('4', np.float64(0.2727), 0), ('1225', np.float64(0.2691), 0), ('3', np.float64(0.2428), 0), ('696', np.float64(0.2425), 0), ('794', np.float64(0.2353), 0), ('1382', np.float64(0.2333), 0), ('1062', np.float64(0.228), -1), ('333', np.float64(0.218), 0), ('1076', np.float64(0.2116), 1)]",0.1,0.16666666666666666,0.125,0.05445967846640306
153,Vetorial,1,0,"[('1063', np.float64(0.4855), -1), ('1085', np.float64(0.3337), 3), ('1081', np.float64(0.2859), 4), ('551', np.float64(0.235), 0), ('393', np.float64(0.2232), 0), ('149', np.float64(0.2181), 0), ('1082', np.float64(0.2165), 4), ('394', np.float64(0.2108), 0), ('117', np.float64(0.2071), 0), ('323', np.float64(0.1918), 0)]",0.3,0.42857142857142855,0.3529411764705882,0.2769587647649769
154,Vetorial,1,0,"[('1054', np.float64(0.2907), 0), ('1088', np.float64(0.2826), 3), ('1087', np.float64(0.2763), 2), ('1055', np.float64(0.2611), 0), ('1086', np.float64(0.2339), 0), ('111', np.float64(0.2199), 0), ('1262', np.float64(0.2079), 0), ('1063', np.float64(0.1997), -1), ('551', np.float64(0.1762), 0), ('225', np.float64(0.1299), 0)]",0.2,1.0,0.33333333333333337,0.5833333333333333
155,Vetorial,1,0,"[('1099', np.float64(0.2963), 4), ('1101', np.float64(0.274), 3), ('1097', np.float64(0.2325), 0), ('553', np.float64(0.2196), 0), ('1100', np.float64(0.1831), 2), ('1065', np.float64(0.1764), -1), ('804', np.float64(0.1555), 0), ('598', np.float64(0.1554), 0), ('1096', np.float64(0.1215), 0), ('1241', np.float64(0.1164), 0)]",0.3,0.5,0.37499999999999994,0.43793441995529725
156,Vetorial,1,0,"[('1097', np.float64(0.357), 2), ('1099', np.float64(0.3226), 3), ('553', np.float64(0.2808), 2), ('1096', np.float64(0.277), 3), ('1100', np.float64(0.2145), 2), ('1065', np.float64(0.1939), -1), ('1098', np.float64(0.1697), 3), ('1101', np.float64(0.1633), 3), ('534', np.float64(0.1379), 0), ('866', np.float64(0.1364), 0)]",0.7,0.5,0.5833333333333334,0.567711139918824
157,Vetorial,1,0,"[('1006', np.float64(0.3912), -1), ('318', np.float64(0.2694), 3), ('498', np.float64(0.2388), 0), ('1393', np.float64(0.2334), 0), ('25', np.float64(0.2307), 2), ('160', np.float64(0.2285), 3), ('372', np.float64(0.2281), 2), ('369', np.float64(0.2192), 3), ('556', np.float64(0.2053), 2), ('1377', np.float64(0.1985), 0)]",0.6,0.15384615384615385,0.2448979591836735,0.2933531206473063
158,Vetorial,1,0,"[('302', np.float64(0.3348), 1), ('949', np.float64(0.2413), 0), ('691', np.float64(0.2085), 0), ('1199', np.float64(0.1951), 0), ('405', np.float64(0.1862), 0), ('328', np.float64(0.1844), 0), ('552', np.float64(0.1837), 2), ('462', np.float64(0.1807), 0), ('1269', np.float64(0.1797), 0), ('586', np.float64(0.1761), 0)]",0.2,0.25,0.22222222222222224,0.22398250590222601
159,Vetorial,1,0,"[('1066', np.float64(0.3777), -1), ('1197', np.float64(0.2964), 0), ('1112', np.float64(0.2435), 3), ('723', np.float64(0.1748), 0), ('801', np.float64(0.1712), 0), ('716', np.float64(0.1685), 0), ('1321', np.float64(0.164), 0), ('1293', np.float64(0.1626), 0), ('844', np.float64(0.1609), 0), ('52', np.float64(0.1585), 0)]",0.1,0.125,0.11111111111111112,0.07520025230330289
160,Vetorial,1,0,"[('1071', np.float64(0.4306), -1), ('890', np.float64(0.3858), 0), ('885', np.float64(0.3694), 0), ('769', np.float64(0.2461), 0), ('739', np.float64(0.244), 0), ('887', np.float64(0.2408), 0), ('1172', np.float64(0.2322), 0), ('740', np.float64(0.2312), 0), ('400', np.float64(0.2173), 0), ('848', np.float64(0.2158), 0)]",0.0,0.0,0.0,0.03836763261980982
161,Vetorial,1,0,"[('1386', np.float64(0.3219), 2), ('460', np.float64(0.2883), 0), ('1185', np.float64(0.286), 0), ('1192', np.float64(0.281), 0), ('54', np.float64(0.2533), 2), ('55', np.float64(0.2533), 4), ('435', np.float64(0.2446), 0), ('959', np.float64(0.2293), 0), ('539', np.float64(0.2268), 0), ('145', np.float64(0.2242), 0)]",0.3,0.5,0.37499999999999994,0.33272894769900757
162,Vetorial,1,0,"[('55', np.float64(0.3737), 0), ('460', np.float64(0.3708), 2), ('559', np.float64(0.3093), 0), ('959', np.float64(0.2874), 0), ('461', np.float64(0.2711), 2), ('366', np.float64(0.267), 0), ('1386', np.float64(0.2646), 0), ('145', np.float64(0.2637), 0), ('365', np.float64(0.2498), 0), ('135', np.float64(0.2443), 0)]",0.2,0.25,0.22222222222222224,0.1687838706274067
163,Vetorial,1,0,"[('492', np.float64(0.609), -1), ('56', np.float64(0.2555), 3), ('57', np.float64(0.2544), 3), ('434', np.float64(0.2452), 0), ('232', np.float64(0.2326), 0), ('1311', np.float64(0.2252), 0), ('1231', np.float64(0.2099), 0), ('327', np.float64(0.2089), 0), ('1040', np.float64(0.2071), 0), ('973', np.float64(0.2009), 0)]",0.2,0.6666666666666666,0.30769230769230765,0.3951388888888889
164,Vetorial,1,0,"[('358', np.float64(0.3089), 0), ('311', np.float64(0.2642), 2), ('503', np.float64(0.2547), -1), ('265', np.float64(0.2493), 0), ('1364', np.float64(0.2248), 3), ('71', np.float64(0.2062), 0), ('415', np.float64(0.2034), 3), ('457', np.float64(0.1972), 0), ('335', np.float64(0.1967), 4), ('569', np.float64(0.1888), 0)]",0.4,0.5,0.4444444444444445,0.348022337690183
165,Vetorial,1,0,"[('504', np.float64(0.277), -1), ('72', np.float64(0.2304), 1), ('71', np.float64(0.2165), 1), ('376', np.float64(0.2139), 0), ('978', np.float64(0.2069), 0), ('326', np.float64(0.2015), 0), ('256', np.float64(0.1972), 0), ('569', np.float64(0.1968), 0), ('671', np.float64(0.1828), 0), ('1276', np.float64(0.1814), 0)]",0.2,1.0,0.33333333333333337,0.5833333333333333
166,Vetorial,1,0,"[('504', np.float64(0.3588), -1), ('72', np.float64(0.2725), 0), ('256', np.float64(0.2664), 0), ('376', np.float64(0.253), 0), ('326', np.float64(0.2383), 0), ('569', np.float64(0.2217), 0), ('1276', np.float64(0.2146), 0), ('55', np.float64(0.2145), 0), ('334', np.float64(0.2106), 0), ('71', np.float64(0.2062), 0)]",0.0,0.0,0.0,0.022739596093558773
167,Vetorial,1,0,"[('553', np.float64(0.2485), 0), ('1279', np.float64(0.2054), 0), ('877', np.float64(0.1305), 0), ('1147', np.float64(0.1272), 0), ('1043', np.float64(0.1255), 0), ('1157', np.float64(0.1225), 0), ('84', np.float64(0.1208), 0), ('1100', np.float64(0.119), 0), ('537', np.float64(0.109), 0), ('1241', np.float64(0.1077), 0)]",0.0,0.0,0.0,0.053418803418803416
168,Vetorial,1,0,"[('750', np.float64(0.3666), -1), ('965', np.float64(0.2974), 0), ('118', np.float64(0.2755), 0), ('341', np.float64(0.2587), 0), ('1187', np.float64(0.2584), 0), ('217', np.float64(0.2493), 1), ('738', np.float64(0.2264), 0), ('970', np.float64(0.2163), 0), ('157', np.float64(0.2066), 0), ('173', np.float64(0.2037), 0)]",0.1,0.5,0.16666666666666669,0.08734939759036144
169,Vetorial,1,0,"[('750', np.float64(0.3384), -1), ('965', np.float64(0.2659), 0), ('118', np.float64(0.2365), 1), ('341', np.float64(0.2304), 0), ('217', np.float64(0.2287), 0), ('157', np.float64(0.225), 1), ('1187', np.float64(0.219), 0), ('738', np.float64(0.2049), 0), ('970', np.float64(0.1902), 0), ('173', np.float64(0.1837), 0)]",0.2,0.5,0.28571428571428575,0.18786069651741294
170,Vetorial,1,0,"[('893', np.float64(0.2414), -1), ('904', np.float64(0.2323), 3), ('905', np.float64(0.2318), 0), ('139', np.float64(0.2141), 2), ('238', np.float64(0.1929), 2), ('140', np.float64(0.1732), 0), ('175', np.float64(0.1565), 0), ('239', np.float64(0.1562), 3), ('1033', np.float64(0.1462), 0), ('1004', np.float64(0.1459), 0)]",0.4,0.6666666666666666,0.5,0.4398420827998293
171,Vetorial,1,0,"[('516', np.float64(0.4129), -1), ('431', np.float64(0.3641), 1), ('252', np.float64(0.3006), 1), ('141', np.float64(0.2739), 4), ('714', np.float64(0.2442), 0), ('1153', np.float64(0.2373), 0), ('808', np.float64(0.2332), 0), ('1155', np.float64(0.2176), 0), ('672', np.float64(0.2147), 0), ('1074', np.float64(0.2114), 0)]",0.3,1.0,0.4615384615384615,0.6388888888888888
172,Vetorial,1,0,"[('527', np.float64(0.6562), -1), ('320', np.float64(0.6035), 1), ('322', np.float64(0.4106), 3), ('321', np.float64(0.3713), 1), ('476', np.float64(0.2737), 3), ('478', np.float64(0.2667), 0), ('1370', np.float64(0.2664), 0), ('1235', np.float64(0.2388), 0), ('366', np.float64(0.2083), 0), ('1281', np.float64(0.2041), 0)]",0.4,1.0,0.5714285714285715,0.6791666666666667
173,Vetorial,1,0,"[('532', np.float64(0.4306), -1), ('367', np.float64(0.2916), 1), ('451', np.float64(0.2779), 1), ('1054', np.float64(0.1454), 0), ('777', np.float64(0.1377), 0), ('91', np.float64(0.1328), 0), ('931', np.float64(0.1326), 0), ('1086', np.float64(0.1216), 0), ('1192', np.float64(0.1213), 0), ('1240', np.float64(0.1206), 0)]",0.2,1.0,0.33333333333333337,0.5833333333333333
174,Vetorial,1,0,"[('483', np.float64(0.384), 0), ('1274', np.float64(0.2098), 0), ('1319', np.float64(0.2039), 0), ('501', np.float64(0.1946), 0), ('35', np.float64(0.1593), 0), ('533', np.float64(0.1588), -1), ('411', np.float64(0.1564), 1), ('46', np.float64(0.1321), 0), ('1157', np.float64(0.1304), 0), ('1151', np.float64(0.129), 0)]",0.1,0.2,0.13333333333333333,0.0545009651835401
175,Vetorial,1,0,"[('941', np.float64(0.5571), -1), ('139', np.float64(0.262), 0), ('491', np.float64(0.2251), 0), ('238', np.float64(0.222), 0), ('666', np.float64(0.2219), 0), ('270', np.float64(0.2136), 0), ('9', np.float64(0.2023), 0), ('1191', np.float64(0.1973), 0), ('1256', np.float64(0.1907), 0), ('1078', np.float64(0.1875), 0)]",0.0,0.0,0.0,0.03390951939339036
176,Vetorial,1,0,"[('542', np.float64(0.3458), -1), ('963', np.float64(0.3388), 0), ('1073', np.float64(0.2369), 0), ('5', np.float64(0.2191), 0), ('586', np.float64(0.1794), 1), ('981', np.float64(0.1652), 0), ('160', np.float64(0.162), 0), ('181', np.float64(0.1598), 0), ('869', np.float64(0.1561), 0), ('1183', np.float64(0.1552), 0)]",0.1,0.14285714285714285,0.11764705882352941,0.0703633223674284
177,Vetorial,1,0,"[('590', np.float64(0.3712), 4), ('543', np.float64(0.3527), -1), ('589', np.float64(0.3022), 2), ('588', np.float64(0.2859), 2), ('216', np.float64(0.2505), 0), ('138', np.float64(0.2204), 0), ('576', np.float64(0.2113), 0), ('237', np.float64(0.2094), 0), ('591', np.float64(0.2071), 0), ('578', np.float64(0.177), 0)]",0.3,0.6,0.4,0.6163003663003663
178,Vetorial,1,0,"[('591', np.float64(0.2842), 1), ('589', np.float64(0.2373), 4), ('543', np.float64(0.1893), -1), ('590', np.float64(0.1857), 3), ('138', np.float64(0.1853), 0), ('237', np.float64(0.1689), 0), ('216', np.float64(0.1611), 0), ('31', np.float64(0.1542), 0), ('1155', np.float64(0.1523), 0), ('772', np.float64(0.1466), 0)]",0.3,0.75,0.4285714285714285,0.7589285714285714
179,Vetorial,1,0,"[('633', np.float64(0.3555), -1), ('680', np.float64(0.2141), 3), ('224', np.float64(0.1904), 0), ('428', np.float64(0.1806), 0), ('227', np.float64(0.1689), 0), ('682', np.float64(0.1653), 3), ('512', np.float64(0.1475), 0), ('753', np.float64(0.1393), 0), ('122', np.float64(0.1324), 0), ('232', np.float64(0.1276), 0)]",0.2,0.5,0.28571428571428575,0.22264367816091954
180,Vetorial,1,0,"[('548', np.float64(0.3403), -1), ('616', np.float64(0.2995), 4), ('622', np.float64(0.2576), 2), ('314', np.float64(0.2359), 0), ('617', np.float64(0.234), 4), ('613', np.float64(0.1877), 0), ('218', np.float64(0.1766), 0), ('874', np.float64(0.1536), 0), ('614', np.float64(0.1457), 0), ('969', np.float64(0.1442), 0)]",0.3,0.42857142857142855,0.3529411764705882,0.3279435064362498
181,Vetorial,1,0,"[('610', np.float64(0.3194), 0), ('1195', np.float64(0.3003), 0), ('997', np.float64(0.298), 3), ('993', np.float64(0.2815), 0), ('695', np.float64(0.2755), 0), ('1352', np.float64(0.2281), 0), ('1292', np.float64(0.2221), 0), ('1349', np.float64(0.2217), 0), ('176', np.float64(0.2193), 0), ('1062', np.float64(0.2154), 0)]",0.1,0.2,0.13333333333333333,0.127013053550744
182,Vetorial,1,0,"[('634', np.float64(0.6806), -1), ('685', np.float64(0.5188), 1), ('593', np.float64(0.2575), 0), ('655', np.float64(0.2297), 0), ('572', np.float64(0.22), 0), ('1290', np.float64(0.2188), 0), ('686', np.float64(0.2157), 3), ('440', np.float64(0.2024), 0), ('797', np.float64(0.1969), 0), ('1300', np.float64(0.1958), 0)]",0.2,1.0,0.33333333333333337,0.39285714285714285
183,Vetorial,1,0,"[('1247', np.float64(0.263), 4), ('758', np.float64(0.2355), -1), ('1243', np.float64(0.2234), 4), ('804', np.float64(0.2165), 4), ('808', np.float64(0.2151), 1), ('809', np.float64(0.2138), 1), ('39', np.float64(0.1613), 0), ('409', np.float64(0.1385), 0), ('810', np.float64(0.1341), 4), ('88', np.float64(0.1335), 0)]",0.6,0.46153846153846156,0.5217391304347826,0.49330416762639323
184,Vetorial,1,0,"[('554', np.float64(0.2518), 0), ('82', np.float64(0.1913), 0), ('813', np.float64(0.1903), 0), ('1113', np.float64(0.1708), 0), ('509', np.float64(0.154), 0), ('1348', np.float64(0.1448), 0), ('1219', np.float64(0.1415), 0), ('1217', np.float64(0.139), 0), ('982', np.float64(0.1364), 0), ('944', np.float64(0.1364), 0)]",0.0,0.0,0.0,0.0762619800582658
185,Vetorial,1,0,"[('856', np.float64(0.5415), 3), ('391', np.float64(0.506), 0), ('858', np.float64(0.4965), 2), ('766', np.float64(0.4841), 2), ('948', np.float64(0.4773), -1), ('857', np.float64(0.4476), 2), ('658', np.float64(0.4291), 0), ('859', np.float64(0.4044), 2), ('1008', np.float64(0.3944), 3), ('627', np.float64(0.3794), 0)]",0.6,0.6666666666666666,0.631578947368421,0.6650053163211058
186,Vetorial,1,0,"[('1062', np.float64(0.3486), 3), ('1243', np.float64(0.3087), 0), ('1239', np.float64(0.2942), 0), ('610', np.float64(0.2878), 0), ('1075', np.float64(0.2841), 3), ('803', np.float64(0.254), 0), ('923', np.float64(0.2275), 3), ('924', np.float64(0.2208), 3), ('1074', np.float64(0.2008), 3), ('252', np.float64(0.1943), 0)]",0.5,0.3125,0.38461538461538464,0.2047891149685122
187,Vetorial,1,0,"[('763', np.float64(0.4474), -1), ('841', np.float64(0.3766), 0), ('897', np.float64(0.299), 0), ('1068', np.float64(0.2878), 0), ('1126', np.float64(0.278), 0), ('743', np.float64(0.277), 4), ('887', np.float64(0.2672), 0), ('936', np.float64(0.2463), 0), ('839', np.float64(0.2459), 3), ('846', np.float64(0.2379), 0)]",0.2,0.3333333333333333,0.25,0.11990073628585485
188,Vetorial,1,0,"[('725', np.float64(0.2673), 2), ('909', np.float64(0.1864), 3), ('722', np.float64(0.1853), 2), ('640', np.float64(0.1851), -1), ('1360', np.float64(0.1786), 0), ('1279', np.float64(0.1681), 0), ('137', np.float64(0.1592), 0), ('1270', np.float64(0.1504), 0), ('209', np.float64(0.1502), 0), ('220', np.float64(0.1445), 0)]",0.3,0.2727272727272727,0.28571428571428564,0.3373305063532089
189,Vetorial,1,0,"[('767', np.float64(0.2708), -1), ('768', np.float64(0.1718), 0), ('726', np.float64(0.1685), 0), ('865', np.float64(0.1556), 3), ('883', np.float64(0.1542), 0), ('870', np.float64(0.1354), 3), ('909', np.float64(0.1332), 0), ('640', np.float64(0.128), 0), ('881', np.float64(0.1193), 0), ('884', np.float64(0.1177), 0)]",0.2,0.2222222222222222,0.2105263157894737,0.12810519742282397
190,Vetorial,1,0,"[('390', np.float64(0.2512), 3), ('856', np.float64(0.2494), 0), ('391', np.float64(0.2459), 1), ('627', np.float64(0.2317), 0), ('1339', np.float64(0.2304), 0), ('948', np.float64(0.2283), 0), ('1111', np.float64(0.2163), 0), ('52', np.float64(0.2151), 0), ('895', np.float64(0.2106), 0), ('858', np.float64(0.2093), 0)]",0.2,0.4,0.26666666666666666,0.4404761904761904
191,Vetorial,1,0,"[('766', np.float64(0.2602), 0), ('391', np.float64(0.2361), 3), ('948', np.float64(0.2227), 3), ('858', np.float64(0.2212), 2), ('658', np.float64(0.219), 3), ('856', np.float64(0.2067), 3), ('1392', np.float64(0.2048), 0), ('894', np.float64(0.2024), -1), ('859', np.float64(0.1887), 0), ('857', np.float64(0.1879), 2)]",0.6,0.46153846153846156,0.5217391304347826,0.5199590013769557
192,Vetorial,1,0,"[('735', np.float64(0.258), 1), ('641', np.float64(0.2107), -1), ('647', np.float64(0.2025), 0), ('875', np.float64(0.1991), 0), ('46', np.float64(0.1424), 0), ('734', np.float64(0.1309), 1), ('642', np.float64(0.0964), 0), ('386', np.float64(0.0918), 0), ('388', np.float64(0.0892), 0), ('648', np.float64(0.0882), 0)]",0.2,0.5,0.28571428571428575,0.36870958946794424
193,Vetorial,1,0,"[('733', np.float64(0.3314), 4), ('735', np.float64(0.3072), 4), ('641', np.float64(0.3037), -1), ('730', np.float64(0.2952), 3), ('736', np.float64(0.231), 4), ('648', np.float64(0.2101), 3), ('1392', np.float64(0.2054), 3), ('422', np.float64(0.203), 3), ('734', np.float64(0.197), 4), ('644', np.float64(0.1897), 0)]",0.8,0.8888888888888888,0.8421052631578948,0.7803374753928003
194,Vetorial,1,0,"[('642', np.float64(0.5186), -1), ('932', np.float64(0.3971), 0), ('888', np.float64(0.336), 0), ('957', np.float64(0.3158), 0), ('741', np.float64(0.3145), 4), ('744', np.float64(0.2943), 3), ('760', np.float64(0.2897), 0), ('1126', np.float64(0.2817), 0), ('739', np.float64(0.2593), 2), ('1131', np.float64(0.2592), 0)]",0.3,0.5,0.37499999999999994,0.19363143631436316
195,Vetorial,1,0,"[('642', np.float64(0.3533), -1), ('932', np.float64(0.2959), 0), ('1055', np.float64(0.2789), 0), ('1359', np.float64(0.2428), 0), ('744', np.float64(0.2226), 0), ('739', np.float64(0.2217), 3), ('1116', np.float64(0.2205), 0), ('1054', np.float64(0.2038), 0), ('831', np.float64(0.2007), 0), ('1176', np.float64(0.2007), 0)]",0.1,0.3333333333333333,0.15384615384615383,0.07349101921470343
196,Vetorial,1,0,"[('184', np.float64(0.2523), -1), ('327', np.float64(0.1535), 0), ('746', np.float64(0.1517), 3), ('158', np.float64(0.1494), 0), ('1311', np.float64(0.1419), 0), ('875', np.float64(0.1414), 2), ('494', np.float64(0.1405), 0), ('349', np.float64(0.1359), 0), ('966', np.float64(0.1342), 0), ('57', np.float64(0.1323), 0)]",0.2,0.16666666666666666,0.1818181818181818,0.08870009354150109
197,Vetorial,1,0,"[('884', np.float64(0.3657), 3), ('881', np.float64(0.3418), 2), ('726', np.float64(0.2741), 0), ('768', np.float64(0.271), -1), ('1168', np.float64(0.2121), 0), ('883', np.float64(0.1874), 3), ('909', np.float64(0.1859), 0), ('723', np.float64(0.1833), 0), ('746', np.float64(0.1671), 0), ('865', np.float64(0.1487), 0)]",0.3,1.0,0.4615384615384615,0.8333333333333334
198,Vetorial,1,0,"[('551', np.float64(0.3298), 0), ('889', np.float64(0.3035), 2), ('743', np.float64(0.2759), 0), ('897', np.float64(0.2738), 0), ('887', np.float64(0.2487), 2), ('1052', np.float64(0.2418), 0), ('741', np.float64(0.2401), 0), ('739', np.float64(0.2317), 0), ('1126', np.float64(0.2316), 0), ('1068', np.float64(0.2303), 0)]",0.2,0.5,0.28571428571428575,0.2794491525423729
199,Vetorial,1,0,"[('739', np.float64(0.2288), 0), ('930', np.float64(0.2257), 0), ('1058', np.float64(0.2129), 0), ('1294', np.float64(0.2072), 0), ('1059', np.float64(0.1999), 0), ('890', np.float64(0.1882), 0), ('764', np.float64(0.1866), 0), ('1055', np.float64(0.1854), 2), ('848', np.float64(0.1705), 0), ('1129', np.float64(0.1662), 0)]",0.1,0.125,0.11111111111111112,0.06328856704911273
200,Vetorial,1,0,"[('1071', np.float64(0.2459), -1), ('1134', np.float64(0.1993), 2), ('885', np.float64(0.1724), 0), ('889', np.float64(0.1452), 0), ('461', np.float64(0.1383), 0), ('1052', np.float64(0.1364), 0), ('1070', np.float64(0.1328), 0), ('957', np.float64(0.1316), 0), ('400', np.float64(0.1304), 0), ('760', np.float64(0.1274), 0)]",0.1,0.3333333333333333,0.15384615384615383,0.21961152882205515
201,Vetorial,1,0,"[('625', np.float64(0.2189), 2), ('554', np.float64(0.1825), 0), ('410', np.float64(0.1707), 0), ('541', np.float64(0.163), 3), ('24', np.float64(0.1623), 0), ('1295', np.float64(0.1622), 3), ('1379', np.float64(0.1592), 0), ('1297', np.float64(0.1572), 0), ('1345', np.float64(0.1563), 0), ('401', np.float64(0.1549), 3)]",0.4,0.25,0.3076923076923077,0.25193790737698585
202,Vetorial,1,0,"[('1285', np.float64(0.3679), -1), ('1310', np.float64(0.2527), 4), ('225', np.float64(0.2003), 0), ('612', np.float64(0.1772), 0), ('925', np.float64(0.1757), 0), ('932', np.float64(0.1707), 0), ('58', np.float64(0.1692), 0), ('195', np.float64(0.1626), 0), ('687', np.float64(0.161), 0), ('514', np.float64(0.16), 0)]",0.1,0.07142857142857142,0.08333333333333333,0.09030586591100863
203,Vetorial,1,0,"[('1285', np.float64(0.2501), -1), ('1306', np.float64(0.2428), 3), ('225', np.float64(0.2379), 0), ('58', np.float64(0.2323), 3), ('38', np.float64(0.2219), 0), ('362', np.float64(0.1764), 0), ('122', np.float64(0.1722), 3), ('482', np.float64(0.1683), 0), ('411', np.float64(0.1678), 0), ('359', np.float64(0.1602), 0)]",0.3,0.21428571428571427,0.25,0.1545541393674362
204,Vetorial,1,0,"[('147', np.float64(0.1732), 0), ('971', np.float64(0.1455), 0), ('1236', np.float64(0.1392), 0), ('310', np.float64(0.1272), 0), ('1311', np.float64(0.1248), 2), ('305', np.float64(0.1232), 0), ('573', np.float64(0.1192), 0), ('444', np.float64(0.1148), 0), ('1080', np.float64(0.1119), 0), ('802', np.float64(0.1095), 0)]",0.1,0.07142857142857142,0.08333333333333333,0.06884989631112688
205,Vetorial,1,0,"[('4', np.float64(0.1528), 0), ('133', np.float64(0.1446), 0), ('1323', np.float64(0.139), 0), ('72', np.float64(0.1385), 0), ('336', np.float64(0.1246), 0), ('1182', np.float64(0.1239), 0), ('1192', np.float64(0.1238), 0), ('135', np.float64(0.1238), 0), ('1069', np.float64(0.1235), 0), ('352', np.float64(0.1229), 0)]",0.0,0.0,0.0,0.013307005494505496
206,Vetorial,1,0,"[('1290', np.float64(0.4433), -1), ('879', np.float64(0.2371), 0), ('878', np.float64(0.2199), 0), ('503', np.float64(0.2038), 0), ('468', np.float64(0.1996), 0), ('876', np.float64(0.1965), 0), ('526', np.float64(0.1829), 0), ('1338', np.float64(0.1799), 2), ('801', np.float64(0.1763), 0), ('440', np.float64(0.1739), 0)]",0.1,0.3333333333333333,0.15384615384615383,0.10430524759793053
207,Vetorial,1,0,"[('1341', np.float64(0.2351), 3), ('1290', np.float64(0.214), -1), ('948', np.float64(0.2123), 0), ('391', np.float64(0.2071), 0), ('859', np.float64(0.2023), 0), ('1111', np.float64(0.1978), 0), ('747', np.float64(0.1977), 0), ('202', np.float64(0.1927), 0), ('878', np.float64(0.1922), 0), ('593', np.float64(0.1898), 0)]",0.1,0.2,0.13333333333333333,0.2893475935828877
208,Vetorial,1,0,"[('1291', np.float64(0.3998), -1), ('1344', np.float64(0.272), 3), ('163', np.float64(0.2005), 3), ('566', np.float64(0.186), 0), ('1345', np.float64(0.1644), 3), ('1217', np.float64(0.1594), 0), ('1348', np.float64(0.1515), 0), ('554', np.float64(0.1431), 0), ('164', np.float64(0.1384), 4), ('1346', np.float64(0.1365), 3)]",0.5,0.8333333333333334,0.625,0.5232804232804232
209,Vetorial,1,0,"[('959', np.float64(0.3946), 0), ('651', np.float64(0.294), 0), ('187', np.float64(0.277), 3), ('240', np.float64(0.2683), 0), ('45', np.float64(0.2638), 4), ('358', np.float64(0.2571), 0), ('455', np.float64(0.2546), 0), ('53', np.float64(0.2498), 0), ('798', np.float64(0.2242), 0), ('89', np.float64(0.2205), 0)]",0.2,0.16666666666666666,0.1818181818181818,0.14669899393308092
210,Vetorial,1,0,"[('1172', np.float64(0.3039), 3), ('1145', np.float64(0.2592), -1), ('1171', np.float64(0.2169), 2), ('739', np.float64(0.2129), 0), ('887', np.float64(0.2117), 0), ('743', np.float64(0.208), 0), ('938', np.float64(0.2071), 0), ('1068', np.float64(0.2056), 0), ('1126', np.float64(0.2055), 0), ('897', np.float64(0.1901), 0)]",0.2,0.3333333333333333,0.25,0.34582661534994186
211,Vetorial,1,0,"[('739', np.float64(0.3895), 0), ('887', np.float64(0.2783), 0), ('743', np.float64(0.2757), 0), ('897', np.float64(0.2739), 0), ('953', np.float64(0.2506), 0), ('889', np.float64(0.2469), 0), ('741', np.float64(0.2443), 0), ('1070', np.float64(0.2395), 0), ('1068', np.float64(0.2381), 4), ('885', np.float64(0.2315), 0)]",0.1,0.09090909090909091,0.09523809523809525,0.1396760815152215
212,Vetorial,1,0,"[('1178', np.float64(0.5716), 2), ('1176', np.float64(0.4613), 4), ('888', np.float64(0.4042), 2), ('838', np.float64(0.3938), 0), ('1177', np.float64(0.3659), 4), ('885', np.float64(0.3569), 3), ('1146', np.float64(0.343), -1), ('1130', np.float64(0.3305), 0), ('1359', np.float64(0.3006), 0), ('1070', np.float64(0.2957), 0)]",0.5,0.35714285714285715,0.41666666666666663,0.4991104100264422
213,Vetorial,1,0,"[('888', np.float64(0.3979), 1), ('741', np.float64(0.3302), 0), ('885', np.float64(0.3085), 2), ('887', np.float64(0.2904), 2), ('642', np.float64(0.2692), 0), ('1173', np.float64(0.2671), 3), ('769', np.float64(0.2509), 3), ('1146', np.float64(0.2358), -1), ('891', np.float64(0.2279), 0), ('1126', np.float64(0.2058), 0)]",0.5,0.45454545454545453,0.47619047619047616,0.4663131031949355
214,Vetorial,1,0,"[('1294', np.float64(0.4578), -1), ('1362', np.float64(0.319), 3), ('828', np.float64(0.3149), 0), ('848', np.float64(0.2322), 0), ('47', np.float64(0.2016), 0), ('831', np.float64(0.1987), 0), ('756', np.float64(0.1963), 0), ('739', np.float64(0.1765), 0), ('890', np.float64(0.1674), 0), ('1055', np.float64(0.1649), 0)]",0.1,0.25,0.14285714285714288,0.1561775084291383
215,Vetorial,1,0,"[('535', np.float64(0.3511), -1), ('1253', np.float64(0.2301), 0), ('666', np.float64(0.2039), 0), ('984', np.float64(0.2008), 0), ('770', np.float64(0.1976), 0), ('25', np.float64(0.1885), 0), ('669', np.float64(0.1772), 0), ('357', np.float64(0.1624), 0), ('1198', np.float64(0.1606), 0), ('401', np.float64(0.1537), 0)]",0.0,0.0,0.0,0.03736413043478261
216,Vetorial,1,0,"[('764', np.float64(0.1833), 0), ('904', np.float64(0.1798), 0), ('175', np.float64(0.178), 0), ('407', np.float64(0.1776), 0), ('905', np.float64(0.1711), 0), ('64', np.float64(0.1654), 0), ('39', np.float64(0.1602), 0), ('1269', np.float64(0.1569), 0), ('974', np.float64(0.1562), 0), ('239', np.float64(0.1548), 0)]",0.0,0.0,0.0,0.0030211480362537764
217,Vetorial,1,0,"[('324', np.float64(0.3349), 0), ('323', np.float64(0.2923), 0), ('1395', np.float64(0.2816), 1), ('629', np.float64(0.2718), 0), ('666', np.float64(0.2572), 1), ('1393', np.float64(0.2466), 0), ('983', np.float64(0.2326), 0), ('180', np.float64(0.2251), 0), ('369', np.float64(0.2186), 0), ('1394', np.float64(0.2162), 2)]",0.3,0.2,0.24,0.18849056082106927
218,Vetorial,1,0,"[('323', np.float64(0.2891), 0), ('1395', np.float64(0.2798), 0), ('324', np.float64(0.2639), 0), ('629', np.float64(0.2557), 0), ('1393', np.float64(0.2443), 1), ('180', np.float64(0.2423), 0), ('666', np.float64(0.2358), 3), ('559', np.float64(0.2254), 3), ('564', np.float64(0.206), 0), ('983', np.float64(0.2059), 0)]",0.3,0.2,0.24,0.16782864599401154
219,Vetorial,1,0,"[('268', np.float64(0.2556), 0), ('1078', np.float64(0.2481), 3), ('668', np.float64(0.2433), 0), ('197', np.float64(0.202), 0), ('1222', np.float64(0.2007), 0), ('1082', np.float64(0.1995), 0), ('1221', np.float64(0.1958), 0), ('992', np.float64(0.19), 0), ('342', np.float64(0.1877), 0), ('53', np.float64(0.1858), 0)]",0.1,0.05555555555555555,0.07142857142857142,0.08304207218962428
220,Vetorial,1,0,"[('4', np.float64(0.2264), 0), ('231', np.float64(0.2048), 0), ('3', np.float64(0.1991), 0), ('376', np.float64(0.1886), 3), ('292', np.float64(0.1815), 3), ('472', np.float64(0.1769), 0), ('458', np.float64(0.1713), 4), ('1192', np.float64(0.1705), 0), ('899', np.float64(0.1688), 0), ('461', np.float64(0.1686), 0)]",0.3,0.15789473684210525,0.20689655172413793,0.18004667836846702
221,Vetorial,1,0,"[('1386', np.float64(0.2442), 4), ('1366', np.float64(0.2339), 3), ('3', np.float64(0.2276), 0), ('388', np.float64(0.2174), 0), ('55', np.float64(0.1799), 0), ('404', np.float64(0.1737), 0), ('46', np.float64(0.168), 0), ('73', np.float64(0.1457), 0), ('4', np.float64(0.1407), 0), ('54', np.float64(0.1316), 0)]",0.2,0.1111111111111111,0.14285714285714285,0.18640887878726414
222,Vetorial,1,0,"[('1130', np.float64(0.5207), 0), ('400', np.float64(0.3648), 3), ('1399', np.float64(0.342), 4), ('419', np.float64(0.3324), 3), ('1070', np.float64(0.3076), 0), ('888', np.float64(0.2892), 0), ('1178', np.float64(0.2885), 0), ('1400', np.float64(0.2872), 3), ('1050', np.float64(0.2683), 0), ('1176', np.float64(0.2572), 0)]",0.4,0.4444444444444444,0.4210526315789474,0.3137501555691008
223,Vetorial,1,0,"[('400', np.float64(0.3891), 3), ('1400', np.float64(0.2567), 0), ('388', np.float64(0.2552), 0), ('1399', np.float64(0.24), 0), ('1121', np.float64(0.2362), 0), ('393', np.float64(0.2342), 0), ('484', np.float64(0.2341), 0), ('659', np.float64(0.2335), 0), ('418', np.float64(0.2145), 0), ('1050', np.float64(0.209), 0)]",0.1,0.25,0.14285714285714288,0.30489042445857484
224,Vetorial,1,0,"[('1312', np.float64(0.3459), 0), ('1286', np.float64(0.2597), -1), ('317', np.float64(0.241), 0), ('236', np.float64(0.2401), 0), ('1298', np.float64(0.193), 0), ('259', np.float64(0.1894), 0), ('1315', np.float64(0.1875), 0), ('1139', np.float64(0.1799), 0), ('1157', np.float64(0.1741), 3), ('656', np.float64(0.1701), 3)]",0.2,0.25,0.22222222222222224,0.15249601652255104
225,Vetorial,1,0,"[('1188', np.float64(0.3972), -1), ('1380', np.float64(0.3578), 4), ('1124', np.float64(0.2783), 3), ('1256', np.float64(0.2698), 0), ('748', np.float64(0.2516), 0), ('638', np.float64(0.2506), 0), ('1291', np.float64(0.2378), 0), ('225', np.float64(0.2243), 3), ('368', np.float64(0.2232), 0), ('701', np.float64(0.2201), 0)]",0.3,0.125,0.17647058823529413,0.09322623674874896
1,BM25,1,0,"[('184', np.float64(20.9738), 2), ('486', np.float64(20.2589), -1), ('13', np.float64(19.7448), 4), ('12', np.float64(18.6795), 3), ('878', np.float64(14.8403), 0), ('1268', np.float64(14.2429), 0), ('51', np.float64(12.875), 3), ('141', np.float64(11.3115), 0), ('1144', np.float64(11.2877), 0), ('875', np.float64(11.125), 2)]",0.5,0.17857142857142858,0.2631578947368421,0.2296781911267298
2,BM25,1,0,"[('12', np.float64(31.7772), 1), ('746', np.float64(17.8785), 1), ('51', np.float64(15.0106), 3), ('14', np.float64(14.5494), 4), ('724', np.float64(14.5184), 0), ('141', np.float64(14.0518), 0), ('1089', np.float64(13.9767), 0), ('172', np.float64(13.3134), 0), ('1169', np.float64(13.1979), 0), ('1170', np.float64(13.0706), 0)]",0.4,0.16666666666666666,0.23529411764705882,0.21707289530001328
3,BM25,1,0,"[('5', np.float64(23.9023), 3), ('399', np.float64(23.1763), 3), ('181', np.float64(20.6497), 3), ('144', np.float64(18.6627), 3), ('485', np.float64(17.6831), -1), ('542', np.float64(15.964), 0), ('579', np.float64(11.0767), 0), ('584', np.float64(10.9243), 0), ('159', np.float64(9.9298), 0), ('582', np.float64(9.6974), 0)]",0.4,0.5,0.4444444444444445,0.6639705882352942
4,BM25,1,0,"[('166', np.float64(28.7163), 3), ('488', np.float64(22.8169), -1), ('1189', np.float64(21.19), 0), ('1061', np.float64(18.3279), 0), ('185', np.float64(17.6042), 0), ('1085', np.float64(17.1083), 0), ('1275', np.float64(16.5437), 0), ('259', np.float64(16.3143), 0), ('1312', np.float64(16.3006), 0), ('236', np.float64(15.3919), 3)]",0.2,1.0,0.33333333333333337,0.6
5,BM25,1,0,"[('103', np.float64(16.4197), 0), ('1032', np.float64(14.6168), 0), ('943', np.float64(12.6163), 0), ('1296', np.float64(11.5718), 1), ('746', np.float64(11.246), 0), ('1379', np.float64(10.3368), 0), ('1272', np.float64(10.3342), 0), ('650', np.float64(10.0673), 0), ('625', np.float64(9.4726), 0), ('1295', np.float64(9.2034), 0)]",0.1,0.25,0.14285714285714288,0.17048611111111112
6,BM25,1,0,"[('491', np.float64(16.6817), -1), ('257', np.float64(11.6966), 3), ('386', np.float64(10.5751), 0), ('385', np.float64(10.2869), 0), ('610', np.float64(8.9719), 0), ('1374', np.float64(8.7564), 0), ('406', np.float64(8.6779), 0), ('767', np.float64(8.6712), 0), ('1273', np.float64(8.5346), 0), ('1196', np.float64(8.4678), 0)]",0.1,0.25,0.14285714285714288,0.1640252569903098
7,BM25,1,0,"[('492', np.float64(71.4772), -1), ('973', np.float64(38.3178), 0), ('56', np.float64(35.5254), 3), ('434', np.float64(34.0929), 0), ('57', np.float64(33.4555), 3), ('122', np.float64(31.6544), 0), ('124', np.float64(29.178), 0), ('1231', np.float64(28.3636), 0), ('1040', np.float64(27.9141), 0), ('232', np.float64(25.2617), 0)]",0.2,0.4,0.26666666666666666,0.17326736093698636
8,BM25,1,0,"[('122', np.float64(21.7091), 1), ('907', np.float64(18.07), 0), ('443', np.float64(17.8807), 0), ('492', np.float64(17.7595), -1), ('711', np.float64(17.6659), 0), ('232', np.float64(16.2776), 0), ('237', np.float64(16.1318), 0), ('569', np.float64(15.6779), 0), ('1352', np.float64(15.3962), 0), ('1083', np.float64(14.986), 0)]",0.1,0.09090909090909091,0.09523809523809525,0.16182848960759852
9,BM25,1,0,"[('21', np.float64(19.797), 2), ('45', np.float64(17.1227), 0), ('550', np.float64(15.0751), 2), ('306', np.float64(13.9683), 0), ('571', np.float64(13.9512), 0), ('22', np.float64(13.5696), 2), ('102', np.float64(13.308), 0), ('270', np.float64(12.8511), 0), ('1215', np.float64(12.1587), 0), ('303', np.float64(11.2555), 0)]",0.3,1.0,0.4615384615384615,0.7222222222222222
10,BM25,1,0,"[('493', np.float64(24.8016), -1), ('1199', np.float64(17.225), 0), ('949', np.float64(16.5629), 0), ('524', np.float64(16.4417), 0), ('302', np.float64(16.2758), 3), ('691', np.float64(15.3887), 0), ('1286', np.float64(14.9776), 0), ('1009', np.float64(14.7969), 0), ('1010', np.float64(14.7147), 0), ('405', np.float64(14.7081), 2)]",0.2,0.25,0.22222222222222224,0.0924659680712088
11,BM25,1,0,"[('495', np.float64(29.263), -1), ('654', np.float64(18.2126), 4), ('110', np.float64(14.7656), 0), ('1327', np.float64(14.6641), 0), ('72', np.float64(14.0216), 0), ('273', np.float64(13.841), 0), ('1356', np.float64(13.3557), 0), ('472', np.float64(12.9998), 0), ('667', np.float64(12.8451), 0), ('473', np.float64(12.7367), 0)]",0.1,0.14285714285714285,0.11764705882352941,0.16260776696815255
12,BM25,1,0,"[('624', np.float64(24.4763), -1), ('650', np.float64(15.6753), 2), ('649', np.float64(15.0983), 4), ('1232', np.float64(14.7959), 0), ('543', np.float64(12.3347), 0), ('1164', np.float64(11.7932), 0), ('1223', np.float64(11.6309), 0), ('1221', np.float64(11.236), 0), ('506', np.float64(10.4037), 0), ('245', np.float64(10.2579), 0)]",0.2,0.4,0.26666666666666666,0.3082221123743615
13,BM25,1,0,"[('496', np.float64(25.2554), -1), ('903', np.float64(15.5122), 0), ('520', np.float64(12.6559), 0), ('313', np.float64(10.6171), 0), ('38', np.float64(10.2997), 0), ('440', np.float64(10.0907), 0), ('643', np.float64(10.0588), 0), ('199', np.float64(9.6867), 0), ('880', np.float64(9.147), 0), ('415', np.float64(7.7638), 0)]",0.0,0.0,0.0,0.008599685721576692
14,BM25,1,0,"[('64', np.float64(18.3789), 1), ('256', np.float64(12.6444), 0), ('65', np.float64(12.0934), 4), ('170', np.float64(11.865), 0), ('132', np.float64(11.8091), 0), ('1364', np.float64(11.3369), 0), ('402', np.float64(11.2089), 0), ('439', np.float64(11.1783), 0), ('291', np.float64(10.9035), 0), ('903', np.float64(10.2166), 0)]",0.2,1.0,0.33333333333333337,0.8333333333333333
15,BM25,1,0,"[('462', np.float64(16.3843), 3), ('463', np.float64(13.5059), 1), ('761', np.float64(10.8051), 0), ('1097', np.float64(10.378), 0), ('1117', np.float64(9.6481), 0), ('1025', np.float64(9.4174), 0), ('553', np.float64(9.4112), 0), ('1098', np.float64(9.2286), 0), ('1099', np.float64(9.0868), 0), ('817', np.float64(8.9001), 0)]",0.2,1.0,0.33333333333333337,1.0
16,BM25,1,0,"[('498', np.float64(26.7059), -1), ('106', np.float64(20.0736), 3), ('93', np.float64(14.8686), 0), ('927', np.float64(12.7718), 0), ('494', np.float64(12.5965), 0), ('326', np.float64(12.3944), 0), ('1301', np.float64(12.0938), 0), ('869', np.float64(12.0531), 0), ('528', np.float64(11.9441), 0), ('1006', np.float64(11.9284), 0)]",0.1,0.3333333333333333,0.15384615384615383,0.19310938845822564
17,BM25,1,0,"[('1108', np.float64(22.7111), 0), ('700', np.float64(22.6887), 0), ('1301', np.float64(21.4111), 0), ('106', np.float64(20.0736), 2), ('445', np.float64(19.9633), 0), ('1281', np.float64(19.7099), 0), ('916', np.float64(17.7189), 0), ('987', np.float64(17.0857), 0), ('577', np.float64(16.9355), 0), ('527', np.float64(16.5897), 0)]",0.1,0.5,0.16666666666666669,0.1351010101010101
18,BM25,1,0,"[('248', np.float64(20.2658), 0), ('498', np.float64(19.7548), -1), ('197', np.float64(19.216), 2), ('56', np.float64(18.8263), 0), ('234', np.float64(18.8029), 0), ('1005', np.float64(16.3758), 0), ('57', np.float64(15.6615), 0), ('232', np.float64(15.6381), 0), ('1006', np.float64(14.9474), 0), ('354', np.float64(14.4255), 0)]",0.1,0.3333333333333333,0.15384615384615383,0.1456335050865372
19,BM25,1,0,"[('82', np.float64(17.6618), 0), ('706', np.float64(16.3979), 0), ('1279', np.float64(14.3296), 0), ('554', np.float64(14.0607), 0), ('1219', np.float64(12.9803), 0), ('1296', np.float64(12.3777), 0), ('1346', np.float64(12.0668), 0), ('713', np.float64(11.9985), 0), ('1217', np.float64(11.1541), 0), ('716', np.float64(10.0912), 3)]",0.1,0.1111111111111111,0.10526315789473685,0.04701712467974734
20,BM25,1,0,"[('500', np.float64(39.2304), -1), ('268', np.float64(24.2314), 3), ('88', np.float64(22.578), 3), ('450', np.float64(20.429), 0), ('270', np.float64(17.7677), 3), ('966', np.float64(15.857), 0), ('87', np.float64(15.5894), 3), ('300', np.float64(14.9662), 0), ('190', np.float64(13.5059), 0), ('123', np.float64(12.6509), 0)]",0.4,0.4444444444444444,0.4210526315789474,0.47883040448829917
21,BM25,1,0,"[('502', np.float64(32.2718), -1), ('302', np.float64(15.2487), 0), ('343', np.float64(13.9051), 0), ('68', np.float64(13.7857), 0), ('271', np.float64(12.7073), 1), ('686', np.float64(12.3628), 0), ('628', np.float64(12.1959), 0), ('96', np.float64(12.1868), 0), ('377', np.float64(11.4967), 0), ('1007', np.float64(10.8595), 0)]",0.1,0.25,0.14285714285714288,0.10917059131344847
22,BM25,1,0,"[('560', np.float64(17.9919), 0), ('125', np.float64(17.1236), 0), ('413', np.float64(16.3207), 0), ('50', np.float64(15.6268), 0), ('348', np.float64(15.4144), 0), ('565', np.float64(15.105), 0), ('254', np.float64(14.2351), 0), ('861', np.float64(14.1795), 0), ('307', np.float64(14.0272), 0), ('165', np.float64(13.1757), 0)]",0.0,0.0,0.0,0.0018587360594795538
23,BM25,1,0,"[('892', np.float64(13.1258), -1), ('902', np.float64(11.9233), 1), ('753', np.float64(10.867), 0), ('718', np.float64(10.346), 0), ('237', np.float64(9.1594), 0), ('11', np.float64(8.6259), 0), ('130', np.float64(8.3947), 0), ('1109', np.float64(8.2148), 2), ('1259', np.float64(7.5924), 2), ('1151', np.float64(7.5847), 0)]",0.3,0.09375,0.14285714285714285,0.1515371986869823
24,BM25,1,0,"[('756', np.float64(17.7949), -1), ('46', np.float64(17.4903), 2), ('12', np.float64(11.9867), 0), ('724', np.float64(11.726), 0), ('51', np.float64(11.4761), 0), ('47', np.float64(9.4796), 2), ('883', np.float64(9.2039), 0), ('738', np.float64(9.0898), 0), ('650', np.float64(8.6089), 0), ('1170', np.float64(8.4536), 0)]",0.2,0.6666666666666666,0.30769230769230765,0.28108903605592345
25,BM25,1,0,"[('215', np.float64(22.1355), 3), ('277', np.float64(18.7977), 3), ('121', np.float64(16.8735), 0), ('214', np.float64(16.1808), 3), ('216', np.float64(15.7955), 3), ('511', np.float64(14.1651), -1), ('945', np.float64(14.1074), 0), ('212', np.float64(13.6205), 3), ('772', np.float64(13.1415), 0), ('134', np.float64(12.6664), 0)]",0.5,0.5555555555555556,0.5263157894736842,0.5634216331294165
26,BM25,1,0,"[('611', np.float64(23.9222), 1), ('307', np.float64(23.8613), 0), ('145', np.float64(23.1709), 1), ('382', np.float64(22.6084), 0), ('96', np.float64(21.462), 0), ('348', np.float64(20.5327), 0), ('4', np.float64(20.1049), 0), ('629', np.float64(19.8047), 0), ('305', np.float64(19.586), 0), ('1355', np.float64(19.227), 0)]",0.2,0.3333333333333333,0.25,0.32549494156637016
27,BM25,1,0,"[('1176', np.float64(19.9192), 0), ('1031', np.float64(19.8768), 0), ('1035', np.float64(18.1458), 0), ('888', np.float64(17.8282), 0), ('1178', np.float64(17.706), 0), ('428', np.float64(17.6631), 3), ('512', np.float64(16.1421), -1), ('1129', np.float64(15.643), 0), ('1133', np.float64(15.2112), 0), ('838', np.float64(15.0243), 0)]",0.1,0.3333333333333333,0.15384615384615383,0.1176046176046176
28,BM25,1,0,"[('674', np.float64(10.988), 0), ('503', np.float64(10.1588), 0), ('677', np.float64(10.0183), 0), ('367', np.float64(9.8664), 0), ('247', np.float64(9.5259), 0), ('1362', np.float64(9.1407), 0), ('251', np.float64(9.0626), 0), ('981', np.float64(8.7761), 0), ('1050', np.float64(8.7315), 0), ('683', np.float64(8.6555), 0)]",0.0,0.0,0.0,0.0022155892059794215
29,BM25,1,0,"[('465', np.float64(27.6593), 4), ('612', np.float64(25.559), 2), ('420', np.float64(23.1504), 0), ('146', np.float64(20.899), 0), ('513', np.float64(20.6281), -1), ('464', np.float64(20.064), 4), ('211', np.float64(19.675), 0), ('901', np.float64(19.0701), 0), ('601', np.float64(18.1763), 0), ('514', np.float64(18.1421), 2)]",0.4,0.4444444444444444,0.4210526315789474,0.4052293975099696
30,BM25,1,0,"[('513', np.float64(12.5328), -1), ('683', np.float64(10.5406), 0), ('420', np.float64(10.4628), 0), ('633', np.float64(10.3874), 0), ('601', np.float64(9.9686), 0), ('247', np.float64(9.926), 0), ('921', np.float64(9.8778), 0), ('465', np.float64(9.7671), 0), ('602', np.float64(9.7437), 0), ('147', np.float64(9.6424), 0)]",0.0,0.0,0.0,0.06469631952914628
31,BM25,1,0,"[('751', np.float64(21.9115), -1), ('1209', np.float64(19.715), 0), ('1153', np.float64(16.9332), 0), ('1082', np.float64(16.6139), 0), ('228', np.float64(16.1814), 0), ('247', np.float64(15.5965), 0), ('895', np.float64(15.4438), 0), ('918', np.float64(15.2189), 0), ('916', np.float64(15.0815), 0), ('749', np.float64(14.7898), 0)]",0.0,0.0,0.0,0.001
32,BM25,1,0,"[('752', np.float64(29.2277), -1), ('1186', np.float64(15.7764), 0), ('250', np.float64(13.0938), 4), ('468', np.float64(12.7684), 0), ('147', np.float64(12.7378), 0), ('921', np.float64(12.6311), 0), ('467', np.float64(10.6724), 0), ('382', np.float64(10.6672), 0), ('247', np.float64(10.6666), 4), ('802', np.float64(10.6407), 0)]",0.2,0.3333333333333333,0.25,0.09909623000501648
33,BM25,1,0,"[('516', np.float64(51.7466), -1), ('431', np.float64(35.5699), 3), ('141', np.float64(33.9916), 4), ('252', np.float64(31.4242), 3), ('808', np.float64(27.0372), 0), ('904', np.float64(26.5045), 0), ('1163', np.float64(23.3766), 0), ('755', np.float64(22.7512), 0), ('76', np.float64(22.2174), 0), ('608', np.float64(22.0167), 0)]",0.3,1.0,0.4615384615384615,0.6388888888888888
34,BM25,1,0,"[('1153', np.float64(17.7984), 0), ('516', np.float64(16.5297), -1), ('1350', np.float64(15.2565), 0), ('431', np.float64(14.9727), 3), ('799', np.float64(13.7927), 3), ('1062', np.float64(13.3621), 0), ('795', np.float64(13.0288), 0), ('1243', np.float64(12.4423), 0), ('252', np.float64(12.3131), 1), ('610', np.float64(12.0967), 0)]",0.3,0.5,0.37499999999999994,0.24938780609695155
35,BM25,1,0,"[('875', np.float64(14.7919), 0), ('1208', np.float64(12.8623), 0), ('654', np.float64(11.2865), 0), ('1389', np.float64(11.1602), 0), ('1203', np.float64(10.6744), 0), ('1276', np.float64(10.023), 0), ('1327', np.float64(9.6239), 0), ('1160', np.float64(9.1958), 0), ('319', np.float64(9.15), 0), ('1189', np.float64(8.963), 0)]",0.0,0.0,0.0,0.031108481476128536
36,BM25,1,0,"[('1004', np.float64(13.5018), 0), ('1268', np.float64(13.1806), 0), ('550', np.float64(12.7857), 0), ('135', np.float64(12.5408), 0), ('565', np.float64(12.4896), 0), ('1222', np.float64(12.4084), 0), ('959', np.float64(12.2932), 0), ('260', np.float64(12.2698), 0), ('623', np.float64(12.1593), 0), ('168', np.float64(12.1104), 3)]",0.1,0.5,0.16666666666666669,0.051904761904761905
37,BM25,1,0,"[('186', np.float64(13.5506), 0), ('1352', np.float64(11.2162), 0), ('409', np.float64(11.104), 3), ('461', np.float64(10.4573), 0), ('126', np.float64(9.3661), 0), ('232', np.float64(9.0691), 0), ('176', np.float64(9.0277), 0), ('519', np.float64(8.9147), -1), ('655', np.float64(8.8757), 0), ('923', np.float64(8.8616), 0)]",0.1,0.1111111111111111,0.10526315789473685,0.1853062607741537
38,BM25,1,0,"[('536', np.float64(14.662), -1), ('976', np.float64(12.67), 0), ('433', np.float64(11.1188), 0), ('1211', np.float64(11.0242), 0), ('1238', np.float64(10.442), 0), ('1279', np.float64(10.165), 0), ('25', np.float64(10.1511), 0), ('154', np.float64(9.7059), 0), ('1373', np.float64(9.6947), 0), ('89', np.float64(9.3904), 0)]",0.0,0.0,0.0,0.044839821592635457
39,BM25,1,0,"[('1257', np.float64(11.9205), 3), ('959', np.float64(11.6216), 0), ('315', np.float64(11.4591), 0), ('272', np.float64(10.4438), 1), ('337', np.float64(10.426), 0), ('1268', np.float64(9.9355), 0), ('504', np.float64(9.5251), 0), ('418', np.float64(9.4389), 3), ('260', np.float64(9.4235), 0), ('526', np.float64(9.3416), 0)]",0.3,0.23076923076923078,0.2608695652173913,0.18983261575086982
40,BM25,1,0,"[('536', np.float64(13.872), -1), ('37', np.float64(10.5771), 0), ('1257', np.float64(10.2535), 0), ('330', np.float64(9.2819), 0), ('17', np.float64(9.2251), 0), ('1158', np.float64(8.7195), 0), ('535', np.float64(8.4453), 0), ('568', np.float64(8.2338), 0), ('1205', np.float64(8.1841), 0), ('655', np.float64(7.8726), 0)]",0.0,0.0,0.0,0.03806502255871731
41,BM25,1,0,"[('289', np.float64(33.8275), 1), ('433', np.float64(24.2787), 2), ('927', np.float64(18.5511), 0), ('288', np.float64(17.5608), 1), ('520', np.float64(16.8753), -1), ('1277', np.float64(16.3311), 0), ('1152', np.float64(15.7968), 0), ('432', np.float64(15.6563), 0), ('229', np.float64(15.516), 0), ('126', np.float64(14.3868), 0)]",0.3,1.0,0.4615384615384615,0.9166666666666666
42,BM25,1,0,"[('521', np.float64(39.7115), -1), ('526', np.float64(32.3617), 0), ('496', np.float64(26.886), 0), ('440', np.float64(24.894), 0), ('468', np.float64(24.2415), 2), ('469', np.float64(24.0796), 3), ('503', np.float64(23.434), 0), ('797', np.float64(21.249), 0), ('439', np.float64(20.0206), 0), ('903', np.float64(19.9785), 0)]",0.2,0.4,0.26666666666666666,0.16372742200328408
43,BM25,1,0,"[('469', np.float64(18.406), 1), ('467', np.float64(18.3103), 1), ('496', np.float64(15.0281), 0), ('404', np.float64(14.89), 0), ('903', np.float64(14.8315), 0), ('468', np.float64(13.8722), 1), ('194', np.float64(13.4279), 0), ('503', np.float64(13.3643), 3), ('1070', np.float64(12.8692), 0), ('1194', np.float64(12.0218), 0)]",0.4,0.6666666666666666,0.5,0.5710864805692392
44,BM25,1,0,"[('103', np.float64(13.1672), 0), ('1190', np.float64(13.1441), 0), ('1199', np.float64(13.0232), 0), ('108', np.float64(11.8362), 0), ('1031', np.float64(10.1921), 0), ('357', np.float64(9.6498), 0), ('367', np.float64(9.3988), 0), ('760', np.float64(9.0677), 0), ('943', np.float64(9.0229), 0), ('1148', np.float64(8.6952), 0)]",0.0,0.0,0.0,0.002648773248318913
45,BM25,1,0,"[('305', np.float64(19.5), 2), ('525', np.float64(18.8091), -1), ('540', np.float64(15.5741), 0), ('353', np.float64(15.2976), 0), ('123', np.float64(14.7398), 0), ('84', np.float64(14.4307), 0), ('1299', np.float64(14.2441), 0), ('274', np.float64(12.3184), 0), ('1185', np.float64(11.7501), 3), ('1002', np.float64(10.9431), 0)]",0.2,0.16666666666666666,0.1818181818181818,0.18002942300561098
46,BM25,1,0,"[('305', np.float64(17.8467), 2), ('353', np.float64(17.8027), 0), ('525', np.float64(16.2436), -1), ('123', np.float64(15.7063), 4), ('84', np.float64(15.0955), 4), ('1185', np.float64(14.5998), 4), ('623', np.float64(14.3655), 3), ('983', np.float64(14.2918), 0), ('1159', np.float64(13.9585), 0), ('655', np.float64(13.8872), 0)]",0.5,0.3333333333333333,0.4,0.36263126187108863
47,BM25,1,0,"[('525', np.float64(20.0297), -1), ('568', np.float64(18.7556), 0), ('327', np.float64(18.19), 0), ('305', np.float64(17.5183), 3), ('307', np.float64(16.6654), 2), ('310', np.float64(15.3964), 2), ('1200', np.float64(15.3278), 0), ('570', np.float64(15.2763), 2), ('663', np.float64(14.5949), 3), ('1299', np.float64(14.2441), 0)]",0.5,0.35714285714285715,0.41666666666666663,0.3479390185574597
48,BM25,1,0,"[('526', np.float64(24.1528), -1), ('440', np.float64(23.8163), 3), ('797', np.float64(18.3505), 3), ('683', np.float64(17.4246), 0), ('222', np.float64(15.9703), 0), ('521', np.float64(13.4602), 0), ('334', np.float64(12.6232), 0), ('633', np.float64(12.6147), 0), ('439', np.float64(11.1821), 2), ('655', np.float64(11.1523), 0)]",0.3,0.2727272727272727,0.28571428571428564,0.1787948091121841
49,BM25,1,0,"[('527', np.float64(31.0305), -1), ('321', np.float64(25.6115), 0), ('1370', np.float64(23.8359), 0), ('320', np.float64(23.6237), 3), ('1235', np.float64(22.5558), 0), ('322', np.float64(21.619), 0), ('349', np.float64(21.1427), 0), ('476', np.float64(20.9603), 0), ('366', np.float64(20.5923), 0), ('150', np.float64(18.5921), 0)]",0.1,0.5,0.16666666666666669,0.18055555555555555
50,BM25,1,0,"[('192', np.float64(15.3335), 0), ('1259', np.float64(15.2967), 0), ('435', np.float64(14.5422), 0), ('541', np.float64(14.305), 0), ('494', np.float64(14.1076), 0), ('273', np.float64(13.9456), 0), ('27', np.float64(13.918), 0), ('1301', np.float64(13.8813), 0), ('332', np.float64(13.544), 0), ('801', np.float64(13.1826), 0)]",0.0,0.0,0.0,0.02975239261500408
51,BM25,1,0,"[('494', np.float64(26.7513), 2), ('326', np.float64(20.5919), 4), ('261', np.float64(18.9473), 4), ('528', np.float64(18.4981), -1), ('1213', np.float64(16.0066), 0), ('1281', np.float64(15.8826), 0), ('23', np.float64(15.6472), 2), ('1214', np.float64(15.3233), 0), ('1301', np.float64(15.1416), 0), ('94', np.float64(14.8145), 1)]",0.5,0.5,0.5,0.5334456333140543
52,BM25,1,0,"[('1215', np.float64(17.8488), 0), ('21', np.float64(16.7855), 2), ('306', np.float64(16.382), 2), ('629', np.float64(14.4933), 0), ('96', np.float64(14.1172), 0), ('550', np.float64(14.0712), 0), ('1142', np.float64(13.4257), 0), ('534', np.float64(12.912), 0), ('1214', np.float64(12.6578), 0), ('326', np.float64(12.611), 4)]",0.3,0.75,0.4285714285714285,0.44358974358974357
53,BM25,1,0,"[('208', np.float64(38.8754), 4), ('1221', np.float64(25.4446), 0), ('531', np.float64(22.681), -1), ('437', np.float64(22.2401), 0), ('269', np.float64(21.9662), 0), ('407', np.float64(21.5521), 0), ('1236', np.float64(21.183), 0), ('298', np.float64(21.0496), 4), ('267', np.float64(20.7857), 0), ('61', np.float64(20.6783), 0)]",0.2,0.2,0.20000000000000004,0.276088476861351
54,BM25,1,0,"[('123', np.float64(35.5934), -1), ('84', np.float64(28.3735), 2), ('1307', np.float64(26.3028), 0), ('44', np.float64(25.9296), 0), ('305', np.float64(25.9229), 0), ('1213', np.float64(25.1345), 0), ('1185', np.float64(24.8964), 0), ('338', np.float64(24.7317), 0), ('525', np.float64(24.4462), 0), ('274', np.float64(24.3149), 0)]",0.1,0.1111111111111111,0.10526315789473685,0.13615585318220702
55,BM25,1,0,"[('460', np.float64(25.8236), 2), ('17', np.float64(24.0086), 0), ('1185', np.float64(21.712), 0), ('377', np.float64(20.8956), 4), ('1301', np.float64(20.0133), 0), ('406', np.float64(19.8375), 0), ('1149', np.float64(19.7662), 0), ('344', np.float64(19.6324), 0), ('135', np.float64(19.0033), 0), ('16', np.float64(17.9787), 2)]",0.3,0.3,0.3,0.26279729920511136
56,BM25,1,0,"[('753', np.float64(33.8349), -1), ('783', np.float64(18.5286), 0), ('14', np.float64(17.1979), 4), ('1339', np.float64(15.4392), 3), ('441', np.float64(15.3932), 0), ('1331', np.float64(14.4536), 0), ('711', np.float64(14.0027), 0), ('627', np.float64(13.4814), 0), ('202', np.float64(13.4031), 0), ('708', np.float64(13.355), 0)]",0.2,0.2,0.20000000000000004,0.18736549787891454
57,BM25,1,0,"[('753', np.float64(21.8093), -1), ('380', np.float64(14.7401), 2), ('1181', np.float64(14.5394), 0), ('1339', np.float64(14.2272), 0), ('916', np.float64(13.8885), 0), ('444', np.float64(13.4108), 0), ('52', np.float64(12.9932), 0), ('1099', np.float64(12.4312), 0), ('1275', np.float64(11.6879), 0), ('856', np.float64(11.6813), 0)]",0.1,0.07142857142857142,0.08333333333333333,0.10519153938096694
58,BM25,1,0,"[('754', np.float64(28.466), -1), ('270', np.float64(24.2542), 0), ('1159', np.float64(22.5892), 0), ('120', np.float64(21.8339), 0), ('788', np.float64(19.4642), 2), ('873', np.float64(19.3413), 0), ('785', np.float64(18.8547), 3), ('509', np.float64(16.5733), 0), ('773', np.float64(16.5667), 0), ('963', np.float64(16.3857), 0)]",0.2,0.2222222222222222,0.2105263157894737,0.13347699752803188
59,BM25,1,0,"[('842', np.float64(13.4509), 0), ('292', np.float64(12.7605), 0), ('1055', np.float64(12.1653), 0), ('458', np.float64(11.929), 0), ('785', np.float64(11.7297), 3), ('786', np.float64(11.5605), 3), ('1105', np.float64(10.7982), 0), ('912', np.float64(10.6737), 0), ('839', np.float64(10.6733), 0), ('1309', np.float64(10.6537), 0)]",0.2,0.5,0.28571428571428575,0.14760108111486064
60,BM25,1,0,"[('527', np.float64(34.0822), 3), ('321', np.float64(33.0381), 0), ('322', np.float64(32.1207), -1), ('320', np.float64(28.6581), 4), ('1235', np.float64(19.6903), 0), ('107', np.float64(18.5702), 0), ('730', np.float64(18.437), 0), ('1240', np.float64(17.3177), 0), ('476', np.float64(17.0414), 3), ('150', np.float64(17.0166), 0)]",0.3,0.6,0.4,0.43156083290311475
61,BM25,1,0,"[('539', np.float64(22.2526), -1), ('566', np.float64(19.8474), 2), ('564', np.float64(18.371), 3), ('435', np.float64(18.013), 0), ('333', np.float64(15.7373), 0), ('1213', np.float64(15.379), 0), ('944', np.float64(14.4936), 0), ('1258', np.float64(14.4363), 0), ('1307', np.float64(14.1602), 0), ('352', np.float64(13.5941), 0)]",0.2,0.4,0.26666666666666666,0.27277318640954995
62,BM25,1,0,"[('381', np.float64(24.262), 0), ('105', np.float64(22.8811), 0), ('483', np.float64(22.6873), 0), ('459', np.float64(22.038), 0), ('452', np.float64(21.5795), 0), ('1258', np.float64(20.7354), 0), ('787', np.float64(20.2571), 0), ('785', np.float64(19.8001), 0), ('1383', np.float64(19.7089), 0), ('1081', np.float64(18.9985), 3)]",0.1,0.2,0.13333333333333333,0.03711117855080527
63,BM25,1,0,"[('843', np.float64(11.3174), 0), ('839', np.float64(10.4207), 0), ('287', np.float64(9.7625), 0), ('1118', np.float64(9.6385), 0), ('889', np.float64(9.4192), 0), ('1130', np.float64(8.9369), 0), ('954', np.float64(8.6344), 0), ('1121', np.float64(8.6019), 0), ('1045', np.float64(8.5304), 0), ('204', np.float64(8.5071), 0)]",0.0,0.0,0.0,0.0077430957331050465
64,BM25,1,0,"[('390', np.float64(15.6501), 1), ('1204', np.float64(14.574), 0), ('914', np.float64(14.3956), 0), ('415', np.float64(13.0266), 0), ('482', np.float64(12.97), 0), ('277', np.float64(12.6501), 0), ('815', np.float64(12.3361), 0), ('827', np.float64(11.9929), 0), ('1051', np.float64(11.7958), 0), ('1225', np.float64(11.7308), 0)]",0.1,0.5,0.16666666666666669,0.5555555555555556
65,BM25,1,0,"[('3', np.float64(22.724), 2), ('388', np.float64(22.4857), -1), ('1106', np.float64(19.727), 0), ('393', np.float64(18.3047), 3), ('664', np.float64(17.514), 2), ('180', np.float64(17.5132), 3), ('4', np.float64(16.9893), 3), ('310', np.float64(15.9661), 0), ('569', np.float64(15.8413), 0), ('2', np.float64(15.6737), 2)]",0.6,0.4,0.48,0.32624967911744374
66,BM25,1,0,"[('128', np.float64(27.9806), 0), ('629', np.float64(19.0375), 2), ('366', np.float64(17.9031), 0), ('191', np.float64(17.4282), 0), ('1182', np.float64(16.6542), 0), ('375', np.float64(16.2782), 0), ('310', np.float64(15.7942), 0), ('1206', np.float64(15.6188), 0), ('329', np.float64(15.4563), 0), ('2', np.float64(15.3984), 0)]",0.1,0.2,0.13333333333333333,0.15996523227678536
67,BM25,1,0,"[('393', np.float64(18.3047), 3), ('180', np.float64(17.5132), 1), ('4', np.float64(16.9893), 3), ('3', np.float64(16.6601), 1), ('664', np.float64(16.2165), 2), ('306', np.float64(15.7847), 0), ('2', np.float64(15.6737), 1), ('388', np.float64(15.5611), -1), ('1107', np.float64(14.8521), 0), ('9', np.float64(14.7947), 0)]",0.6,0.42857142857142855,0.5,0.5465897551527081
68,BM25,1,0,"[('628', np.float64(31.4302), -1), ('662', np.float64(14.5253), 2), ('560', np.float64(13.2984), 0), ('272', np.float64(12.1276), 0), ('1200', np.float64(12.0056), 0), ('344', np.float64(11.7921), 0), ('1191', np.float64(11.4415), 0), ('254', np.float64(11.0156), 0), ('1240', np.float64(11.0151), 0), ('689', np.float64(10.8292), 0)]",0.1,0.2,0.13333333333333333,0.13085552214616256
69,BM25,1,0,"[('128', np.float64(15.4385), 0), ('540', np.float64(14.6507), -1), ('365', np.float64(12.6322), 0), ('300', np.float64(12.2968), 0), ('559', np.float64(12.1116), 0), ('292', np.float64(11.7838), 0), ('306', np.float64(11.6531), 0), ('310', np.float64(11.4927), 0), ('105', np.float64(11.4463), 0), ('1043', np.float64(11.3928), 0)]",0.0,0.0,0.0,0.05878237288731543
70,BM25,1,0,"[('540', np.float64(17.2395), -1), ('180', np.float64(15.4934), 0), ('300', np.float64(14.1061), 0), ('349', np.float64(13.5824), 0), ('327', np.float64(12.7457), 0), ('62', np.float64(12.126), 2), ('365', np.float64(11.5835), 0), ('1236', np.float64(11.5151), 0), ('1311', np.float64(10.7847), 0), ('1260', np.float64(10.2902), 0)]",0.1,0.1,0.10000000000000002,0.10191239380264783
71,BM25,1,0,"[('540', np.float64(14.103), -1), ('305', np.float64(13.0927), 0), ('63', np.float64(12.5674), 0), ('525', np.float64(12.4514), 0), ('573', np.float64(12.3089), 0), ('26', np.float64(11.481), 0), ('572', np.float64(11.2956), 1), ('1253', np.float64(11.2664), 0), ('570', np.float64(11.1043), 0), ('1395', np.float64(11.0408), 0)]",0.1,0.125,0.11111111111111112,0.04975572838781837
72,BM25,1,0,"[('315', np.float64(15.6923), 0), ('630', np.float64(15.1314), 2), ('941', np.float64(14.7042), 0), ('139', np.float64(14.655), 0), ('504', np.float64(14.6457), 0), ('1395', np.float64(14.3682), 0), ('799', np.float64(13.8174), 0), ('416', np.float64(13.3378), 0), ('1229', np.float64(13.3106), 0), ('193', np.float64(13.2278), 0)]",0.1,0.058823529411764705,0.07407407407407408,0.06276785804848843
73,BM25,1,0,"[('332', np.float64(39.0397), 2), ('541', np.float64(32.2127), -1), ('573', np.float64(20.8399), 3), ('625', np.float64(20.6223), 2), ('577', np.float64(20.1738), 4), ('401', np.float64(18.7872), 2), ('488', np.float64(18.4245), 0), ('574', np.float64(18.3658), 3), ('486', np.float64(16.0958), 0), ('1247', np.float64(15.9243), 0)]",0.6,0.3,0.4,0.33946425364754484
74,BM25,1,0,"[('1153', np.float64(20.7183), 0), ('68', np.float64(18.423), 0), ('26', np.float64(18.1015), 0), ('625', np.float64(17.946), 0), ('1161', np.float64(17.8588), 0), ('1142', np.float64(17.3082), 0), ('576', np.float64(15.5818), 2), ('280', np.float64(15.4782), 0), ('1155', np.float64(15.2623), 0), ('516', np.float64(14.8602), 0)]",0.1,0.16666666666666666,0.125,0.07204857364421387
75,BM25,1,0,"[('55', np.float64(21.1254), 0), ('324', np.float64(19.3218), 3), ('1395', np.float64(18.0365), 0), ('396', np.float64(17.9026), 0), ('565', np.float64(17.7709), 0), ('50', np.float64(17.6341), 0), ('54', np.float64(17.5856), 0), ('630', np.float64(17.5759), -1), ('645', np.float64(17.5264), 0), ('1099', np.float64(16.8843), 0)]",0.1,0.2,0.13333333333333333,0.12280261210834457
76,BM25,1,0,"[('630', np.float64(22.6129), -1), ('667', np.float64(19.8396), 2), ('666', np.float64(18.7901), 3), ('328', np.float64(17.6268), 0), ('1394', np.float64(16.5961), 0), ('1007', np.float64(16.5893), 0), ('1198', np.float64(16.5503), 0), ('43', np.float64(16.1969), 0), ('55', np.float64(16.0529), 0), ('50', np.float64(15.9863), 0)]",0.2,0.2857142857142857,0.23529411764705882,0.19800880113345146
77,BM25,1,0,"[('329', np.float64(30.0319), 4), ('630', np.float64(22.4696), -1), ('667', np.float64(22.4075), 3), ('1395', np.float64(22.3736), 0), ('1264', np.float64(20.2843), 0), ('668', np.float64(17.7518), 2), ('272', np.float64(17.2322), 0), ('572', np.float64(16.9017), 0), ('345', np.float64(16.7872), 0), ('1394', np.float64(16.555), 0)]",0.3,0.5,0.37499999999999994,0.4591620692992644
78,BM25,1,0,"[('543', np.float64(27.3311), -1), ('589', np.float64(27.0319), 3), ('588', np.float64(21.8783), 2), ('237', np.float64(20.839), 0), ('590', np.float64(20.0841), 3), ('578', np.float64(20.0201), 0), ('216', np.float64(16.7753), 0), ('138', np.float64(15.06), 0), ('426', np.float64(14.9762), 0), ('591', np.float64(14.6894), 0)]",0.3,1.0,0.4615384615384615,0.5888888888888889
79,BM25,1,0,"[('748', np.float64(18.679), 0), ('544', np.float64(18.0285), -1), ('199', np.float64(17.8934), 0), ('755', np.float64(17.739), 0), ('1066', np.float64(16.7386), 0), ('567', np.float64(15.9755), 0), ('597', np.float64(15.59), 3), ('814', np.float64(12.2908), 0), ('347', np.float64(12.0387), 0), ('52', np.float64(12.0179), 0)]",0.1,0.2,0.13333333333333333,0.07818173327475517
80,BM25,1,0,"[('544', np.float64(22.0178), -1), ('790', np.float64(16.5548), 0), ('251', np.float64(14.8649), 0), ('878', np.float64(14.6718), 0), ('1335', np.float64(12.7419), 0), ('748', np.float64(12.5342), 0), ('1336', np.float64(11.7257), 0), ('1113', np.float64(11.7226), 0), ('814', np.float64(11.5699), 0), ('755', np.float64(11.4841), 0)]",0.0,0.0,0.0,0.012933376499701943
81,BM25,1,0,"[('714', np.float64(21.5645), 0), ('631', np.float64(21.0667), -1), ('755', np.float64(17.8514), 0), ('799', np.float64(17.5599), 4), ('1163', np.float64(16.3999), 0), ('1153', np.float64(14.7919), 0), ('256', np.float64(14.6097), 0), ('1354', np.float64(14.5957), 0), ('672', np.float64(14.4614), 1), ('140', np.float64(14.3771), 0)]",0.2,1.0,0.33333333333333337,0.2361111111111111
82,BM25,1,0,"[('678', np.float64(22.6099), 3), ('1339', np.float64(21.8863), 0), ('1332', np.float64(21.7438), 0), ('1334', np.float64(21.1907), 0), ('676', np.float64(19.6547), 2), ('677', np.float64(19.2095), 2), ('465', np.float64(17.3665), 0), ('247', np.float64(16.0376), 0), ('637', np.float64(15.8568), 0), ('206', np.float64(15.46), 0)]",0.3,0.6,0.4,0.4043333333333333
83,BM25,1,0,"[('898', np.float64(14.7179), 0), ('1275', np.float64(13.7769), 0), ('753', np.float64(12.966), 0), ('428', np.float64(12.9242), 0), ('633', np.float64(12.6465), -1), ('680', np.float64(11.4228), 2), ('97', np.float64(10.4478), 0), ('1196', np.float64(10.3079), 0), ('1330', np.float64(9.3764), 0), ('657', np.float64(9.2004), 0)]",0.1,0.25,0.14285714285714288,0.07369351079028498
84,BM25,1,0,"[('522', np.float64(17.7261), 4), ('294', np.float64(17.6154), 3), ('142', np.float64(17.1523), 3), ('398', np.float64(15.8022), 0), ('1104', np.float64(15.5795), 0), ('661', np.float64(15.2684), 0), ('435', np.float64(15.1308), 0), ('72', np.float64(14.6354), 0), ('959', np.float64(14.2636), 0), ('1310', np.float64(14.2381), 0)]",0.3,0.2727272727272727,0.28571428571428564,0.3740828055036991
85,BM25,1,0,"[('84', np.float64(17.4476), 0), ('1287', np.float64(16.1788), 0), ('184', np.float64(16.1513), 0), ('315', np.float64(15.5944), 0), ('9', np.float64(15.5483), 0), ('314', np.float64(15.4277), 0), ('7', np.float64(14.8906), 0), ('710', np.float64(14.7748), 3), ('1155', np.float64(14.2685), 0), ('719', np.float64(14.1068), 0)]",0.1,0.25,0.14285714285714288,0.04663866094546062
86,BM25,1,0,"[('755', np.float64(45.7624), -1), ('790', np.float64(28.3412), 3), ('594', np.float64(23.6063), 3), ('431', np.float64(21.2367), 0), ('188', np.float64(17.7755), 0), ('179', np.float64(17.321), 0), ('1155', np.float64(17.2062), 0), ('280', np.float64(16.5753), 0), ('214', np.float64(16.4719), 0), ('600', np.float64(15.2964), 0)]",0.2,1.0,0.33333333333333337,0.5833333333333333
87,BM25,1,0,"[('1228', np.float64(24.492), 0), ('439', np.float64(21.7116), 0), ('1198', np.float64(19.4653), 0), ('334', np.float64(19.3688), 0), ('797', np.float64(19.3133), 0), ('572', np.float64(19.2029), 0), ('26', np.float64(18.526), 0), ('547', np.float64(18.3991), -1), ('625', np.float64(18.2229), 0), ('1309', np.float64(18.1849), 0)]",0.0,0.0,0.0,0.008349101070820198
88,BM25,1,0,"[('617', np.float64(39.6763), 3), ('548', np.float64(35.6391), -1), ('622', np.float64(32.2086), 0), ('616', np.float64(31.8162), 3), ('613', np.float64(28.7243), 2), ('618', np.float64(20.2327), 4), ('1150', np.float64(18.6056), 0), ('958', np.float64(17.8431), 0), ('614', np.float64(17.1573), 2), ('162', np.float64(17.146), 0)]",0.5,0.8333333333333334,0.625,0.637037037037037
89,BM25,1,0,"[('757', np.float64(24.5952), -1), ('801', np.float64(19.934), 0), ('797', np.float64(19.4508), 3), ('924', np.float64(19.0309), 0), ('793', np.float64(18.8677), 2), ('917', np.float64(17.8845), 0), ('916', np.float64(17.0774), 0), ('464', np.float64(16.6322), 0), ('1338', np.float64(16.2931), 0), ('902', np.float64(16.2673), 0)]",0.2,0.3333333333333333,0.25,0.21547188993997501
90,BM25,1,0,"[('265', np.float64(20.3742), 0), ('1187', np.float64(15.85), 4), ('358', np.float64(13.4534), 0), ('1228', np.float64(13.4262), 0), ('311', np.float64(12.9171), 3), ('1257', np.float64(12.9044), 0), ('71', np.float64(11.8345), 0), ('334', np.float64(11.6161), 0), ('798', np.float64(11.6039), 2), ('293', np.float64(11.5361), 0)]",0.3,0.23076923076923078,0.2608695652173913,0.23149046196191872
91,BM25,1,0,"[('252', np.float64(15.444), 2), ('924', np.float64(13.1868), 0), ('799', np.float64(12.6819), 3), ('431', np.float64(12.4487), 0), ('316', np.float64(12.17), 0), ('1153', np.float64(11.6025), 0), ('925', np.float64(10.527), 0), ('315', np.float64(9.6887), 0), ('610', np.float64(9.5714), 0), ('795', np.float64(9.2827), 0)]",0.2,0.2222222222222222,0.2105263157894737,0.32436778136997696
92,BM25,1,0,"[('758', np.float64(27.0528), -1), ('807', np.float64(21.6657), 4), ('1247', np.float64(20.7834), 3), ('806', np.float64(20.1139), 4), ('810', np.float64(19.1412), 4), ('804', np.float64(18.6752), 4), ('809', np.float64(18.3277), 3), ('1219', np.float64(14.5646), 0), ('811', np.float64(14.5209), 3), ('683', np.float64(14.1681), 0)]",0.7,0.5384615384615384,0.608695652173913,0.49769405594527316
93,BM25,1,0,"[('635', np.float64(40.3748), -1), ('691', np.float64(27.1928), 3), ('68', np.float64(22.5453), 0), ('1143', np.float64(17.6578), 0), ('1336', np.float64(16.4339), 0), ('572', np.float64(14.9696), 0), ('552', np.float64(14.7435), 0), ('1353', np.float64(14.3341), 0), ('355', np.float64(14.2168), 0), ('1374', np.float64(14.0833), 0)]",0.1,1.0,0.18181818181818182,0.5
94,BM25,1,0,"[('1393', np.float64(25.5073), 3), ('283', np.float64(22.681), 3), ('983', np.float64(22.1044), 0), ('1161', np.float64(21.2256), 4), ('559', np.float64(19.0348), 3), ('101', np.float64(18.915), 4), ('438', np.float64(18.319), 0), ('1104', np.float64(18.0525), 4), ('1394', np.float64(18.014), 0), ('662', np.float64(17.4724), 0)]",0.6,0.5,0.5454545454545454,0.5920949404161745
95,BM25,1,0,"[('635', np.float64(18.2861), -1), ('662', np.float64(17.1146), 4), ('628', np.float64(13.239), 0), ('689', np.float64(13.0167), 0), ('1002', np.float64(13.0153), 0), ('283', np.float64(12.8304), 1), ('690', np.float64(12.6862), 0), ('1258', np.float64(12.2837), 0), ('1191', np.float64(12.0192), 0), ('101', np.float64(11.8057), 0)]",0.2,1.0,0.33333333333333337,0.41666666666666663
96,BM25,1,0,"[('637', np.float64(24.2914), -1), ('699', np.float64(20.7661), 4), ('1339', np.float64(17.9561), 4), ('465', np.float64(17.6042), 0), ('698', np.float64(17.4012), 4), ('779', np.float64(17.1136), 3), ('1332', np.float64(15.8661), 0), ('1334', np.float64(15.7843), 0), ('705', np.float64(15.0137), 3), ('1333', np.float64(14.0997), 0)]",0.5,0.38461538461538464,0.4347826086956522,0.3791556827027586
97,BM25,1,0,"[('1331', np.float64(14.317), 0), ('779', np.float64(14.1893), 3), ('728', np.float64(10.9441), 0), ('1214', np.float64(10.477), 0), ('953', np.float64(10.1223), 0), ('251', np.float64(9.5316), 0), ('781', np.float64(9.4236), 0), ('1289', np.float64(9.1612), 4), ('906', np.float64(8.9448), 0), ('1391', np.float64(8.9008), 0)]",0.2,0.2,0.20000000000000004,0.091707027997355
98,BM25,1,0,"[('638', np.float64(28.5295), -1), ('673', np.float64(24.0708), 0), ('1343', np.float64(20.3269), 0), ('288', np.float64(17.2684), 0), ('1095', np.float64(16.6002), 0), ('757', np.float64(14.1778), 0), ('1091', np.float64(14.0659), 0), ('712', np.float64(13.7767), 4), ('747', np.float64(13.0952), 0), ('792', np.float64(12.9728), 0)]",0.1,0.2,0.13333333333333333,0.03457137222483372
99,BM25,1,0,"[('639', np.float64(21.0551), -1), ('715', np.float64(18.0338), 0), ('719', np.float64(16.0602), 2), ('717', np.float64(12.2448), 2), ('1345', np.float64(12.2079), 0), ('553', np.float64(12.0936), 0), ('164', np.float64(11.9507), 0), ('77', np.float64(11.9006), 0), ('1379', np.float64(11.7641), 3), ('32', np.float64(11.4732), 0)]",0.3,0.75,0.4285714285714285,0.2925332177931831
100,BM25,1,0,"[('760', np.float64(32.0517), -1), ('1122', np.float64(31.5314), 2), ('822', np.float64(30.2093), 2), ('1126', np.float64(27.8889), 0), ('739', np.float64(26.4032), 0), ('1051', np.float64(25.3596), 3), ('1171', np.float64(24.3015), 0), ('741', np.float64(24.0625), 0), ('743', np.float64(23.8744), 0), ('1172', np.float64(23.4427), 0)]",0.3,0.3333333333333333,0.3157894736842105,0.24064887085870618
101,BM25,1,0,"[('819', np.float64(35.4442), 2), ('817', np.float64(32.7544), 2), ('820', np.float64(29.1584), 3), ('823', np.float64(27.8654), 0), ('1119', np.float64(26.9868), 0), ('760', np.float64(26.1625), -1), ('825', np.float64(24.4459), 3), ('837', np.float64(23.6692), 0), ('818', np.float64(23.2024), 2), ('826', np.float64(21.7461), 0)]",0.5,0.8333333333333334,0.625,0.7354497354497354
102,BM25,1,0,"[('910', np.float64(15.8518), 3), ('729', np.float64(11.1353), -1), ('720', np.float64(10.5249), 0), ('1007', np.float64(10.2491), 0), ('516', np.float64(9.0866), 0), ('1001', np.float64(9.0832), 0), ('998', np.float64(8.8598), 0), ('713', np.float64(8.6434), 0), ('913', np.float64(8.346), 2), ('1331', np.float64(8.3138), 0)]",0.2,0.5,0.28571428571428575,0.35340902913676886
103,BM25,1,0,"[('761', np.float64(20.2562), -1), ('1050', np.float64(12.1502), 0), ('1048', np.float64(11.8821), 0), ('1127', np.float64(11.5839), 0), ('956', np.float64(11.3654), 0), ('1214', np.float64(10.477), 0), ('1126', np.float64(10.3351), 0), ('951', np.float64(9.8716), 0), ('251', np.float64(9.5316), 0), ('720', np.float64(9.0635), 0)]",0.0,0.0,0.0,0.028805527006965856
104,BM25,1,0,"[('762', np.float64(23.9198), -1), ('1024', np.float64(17.3413), 0), ('644', np.float64(15.2693), 0), ('837', np.float64(15.0178), 3), ('462', np.float64(15.0066), 0), ('1055', np.float64(13.7156), 0), ('29', np.float64(13.5257), 0), ('744', np.float64(13.1163), 0), ('835', np.float64(12.8705), 3), ('760', np.float64(12.2474), 0)]",0.2,0.4,0.26666666666666666,0.15462056041003408
105,BM25,1,0,"[('848', np.float64(37.1043), 3), ('764', np.float64(36.7422), -1), ('847', np.float64(21.7505), 4), ('953', np.float64(16.7102), 0), ('1126', np.float64(12.7228), 0), ('739', np.float64(12.0462), 0), ('763', np.float64(11.8175), 0), ('1172', np.float64(11.7903), 0), ('846', np.float64(11.7128), 4), ('1071', np.float64(11.4899), 0)]",0.3,0.6,0.4,0.42179982179982173
106,BM25,1,0,"[('764', np.float64(10.3686), -1), ('42', np.float64(9.2645), 0), ('844', np.float64(8.3338), 4), ('552', np.float64(8.2746), 0), ('908', np.float64(7.9449), 0), ('846', np.float64(7.857), 3), ('847', np.float64(7.7345), 2), ('740', np.float64(7.2387), 0), ('728', np.float64(7.1843), 0), ('1066', np.float64(7.1471), 0)]",0.3,0.6,0.4,0.23483236596718654
107,BM25,1,0,"[('640', np.float64(31.5416), -1), ('725', np.float64(22.8687), 2), ('909', np.float64(19.4238), 4), ('883', np.float64(19.3542), 0), ('29', np.float64(18.1092), 0), ('658', np.float64(16.5047), 0), ('724', np.float64(15.8822), 0), ('345', np.float64(15.709), 0), ('220', np.float64(15.276), 0), ('1039', np.float64(14.7963), 0)]",0.2,0.2857142857142857,0.23529411764705882,0.2508178069402559
108,BM25,1,0,"[('75', np.float64(25.9074), 3), ('720', np.float64(19.945), 4), ('724', np.float64(15.9817), 2), ('727', np.float64(14.8465), 2), ('884', np.float64(14.1663), 0), ('881', np.float64(12.9689), 0), ('726', np.float64(12.4241), 2), ('640', np.float64(12.2338), -1), ('909', np.float64(12.2071), 3), ('837', np.float64(10.8184), 0)]",0.6,0.8571428571428571,0.7058823529411764,0.8520408163265306
109,BM25,1,0,"[('1008', np.float64(13.7214), 0), ('51', np.float64(13.6088), 0), ('711', np.float64(13.2076), 0), ('859', np.float64(13.1563), 0), ('5', np.float64(12.3402), 0), ('31', np.float64(11.5796), 0), ('391', np.float64(11.0088), 0), ('627', np.float64(10.8325), 0), ('982', np.float64(10.6078), 0), ('729', np.float64(9.1386), 0)]",0.0,0.0,0.0,0.03135984615627118
110,BM25,1,0,"[('1117', np.float64(20.4268), 0), ('1131', np.float64(19.1883), 0), ('1387', np.float64(18.6713), 0), ('642', np.float64(17.9971), 0), ('1071', np.float64(17.6435), 0), ('1020', np.float64(17.5601), 0), ('1013', np.float64(16.9833), 0), ('915', np.float64(16.7347), 0), ('1032', np.float64(16.5443), 0), ('1396', np.float64(16.4112), 0)]",0.0,0.0,0.0,0.017875804805036612
111,BM25,1,0,"[('894', np.float64(26.1834), -1), ('390', np.float64(18.5707), 0), ('1008', np.float64(16.784), 0), ('766', np.float64(15.8388), 0), ('857', np.float64(15.3714), 0), ('858', np.float64(15.0911), 0), ('856', np.float64(14.7857), 0), ('627', np.float64(14.6204), 3), ('859', np.float64(14.4101), 0), ('948', np.float64(13.9192), 0)]",0.1,0.14285714285714285,0.11764705882352941,0.22037224680081824
112,BM25,1,0,"[('641', np.float64(48.1686), -1), ('730', np.float64(31.9064), 4), ('734', np.float64(21.7135), 0), ('733', np.float64(21.5184), 0), ('422', np.float64(21.1907), 0), ('736', np.float64(20.9181), 0), ('735', np.float64(20.7895), 0), ('700', np.float64(19.0955), 0), ('731', np.float64(18.9082), 3), ('15', np.float64(17.3499), 0)]",0.2,1.0,0.33333333333333337,0.3611111111111111
113,BM25,1,0,"[('748', np.float64(18.2789), 3), ('704', np.float64(15.907), 0), ('708', np.float64(15.5071), 0), ('815', np.float64(15.4439), 0), ('265', np.float64(15.0459), 3), ('52', np.float64(14.3132), 0), ('1272', np.float64(13.7612), 0), ('685', np.float64(13.2942), 0), ('638', np.float64(12.4521), 0), ('801', np.float64(12.3509), 0)]",0.2,0.5,0.28571428571428575,0.3794721772687663
114,BM25,1,0,"[('895', np.float64(40.6435), -1), ('1266', np.float64(25.0352), 0), ('685', np.float64(23.7345), 0), ('1290', np.float64(23.3018), 0), ('918', np.float64(22.7229), 0), ('712', np.float64(21.4774), 0), ('676', np.float64(21.2953), 0), ('757', np.float64(20.9917), 0), ('395', np.float64(18.6857), 0), ('780', np.float64(18.1539), 0)]",0.0,0.0,0.0,0.04803710812009567
115,BM25,1,0,"[('540', np.float64(16.7801), 0), ('184', np.float64(15.5501), -1), ('13', np.float64(14.4686), 0), ('1068', np.float64(12.8646), 0), ('625', np.float64(12.7835), 0), ('782', np.float64(12.5358), 0), ('139', np.float64(12.2695), 0), ('486', np.float64(11.97), 0), ('1274', np.float64(11.8894), 0), ('1319', np.float64(11.6878), 0)]",0.0,0.0,0.0,0.026783123237852206
116,BM25,1,0,"[('522', np.float64(22.2309), 0), ('1038', np.float64(21.9518), 0), ('1106', np.float64(21.9361), 0), ('605', np.float64(19.7717), 3), ('384', np.float64(18.6683), 0), ('759', np.float64(17.5225), 0), ('272', np.float64(17.4675), 0), ('1218', np.float64(16.3825), 0), ('423', np.float64(14.3337), 0), ('123', np.float64(14.0642), 0)]",0.1,0.2,0.13333333333333333,0.06459947367489392
117,BM25,1,0,"[('229', np.float64(19.733), 0), ('282', np.float64(19.4719), 0), ('230', np.float64(17.7675), 0), ('1304', np.float64(16.723), 0), ('60', np.float64(16.2561), 0), ('924', np.float64(16.2261), 0), ('907', np.float64(15.2202), 0), ('927', np.float64(14.8209), 0), ('1285', np.float64(13.6239), 0), ('1164', np.float64(13.5406), 0)]",0.0,0.0,0.0,0.04696969696969697
118,BM25,1,0,"[('923', np.float64(22.4361), 2), ('1243', np.float64(22.4227), 0), ('924', np.float64(21.6969), 3), ('803', np.float64(20.8623), 0), ('230', np.float64(20.711), 0), ('229', np.float64(20.6115), 0), ('431', np.float64(20.2693), 0), ('1239', np.float64(19.9708), 0), ('545', np.float64(19.8258), 0), ('1062', np.float64(19.4473), 0)]",0.2,0.6666666666666666,0.30769230769230765,0.5666666666666667
119,BM25,1,0,"[('928', np.float64(23.8113), 0), ('926', np.float64(23.6658), 4), ('744', np.float64(21.8811), 0), ('739', np.float64(21.2245), 0), ('897', np.float64(20.4403), -1), ('1132', np.float64(19.771), 0), ('1024', np.float64(19.6095), 0), ('827', np.float64(19.3398), 0), ('1034', np.float64(19.1138), 0), ('533', np.float64(17.9386), 0)]",0.1,1.0,0.18181818181818182,0.5
120,BM25,1,0,"[('769', np.float64(40.846), -1), ('887', np.float64(35.6777), 2), ('890', np.float64(27.6418), 2), ('886', np.float64(25.152), 3), ('741', np.float64(23.7168), 0), ('1146', np.float64(23.6694), 2), ('1172', np.float64(23.5388), 0), ('885', np.float64(23.1454), 3), ('1117', np.float64(23.0084), 0), ('765', np.float64(22.7667), 0)]",0.5,0.5555555555555556,0.5263157894736842,0.46671830348300936
121,BM25,1,0,"[('769', np.float64(24.2778), -1), ('887', np.float64(23.6719), 1), ('1146', np.float64(23.6694), 2), ('888', np.float64(23.4807), 1), ('890', np.float64(17.6614), 1), ('837', np.float64(16.288), 0), ('1127', np.float64(15.755), 0), ('742', np.float64(15.4641), 0), ('1172', np.float64(15.3656), 0), ('739', np.float64(15.2969), 0)]",0.4,0.5714285714285714,0.47058823529411764,0.553280929596719
122,BM25,1,0,"[('898', np.float64(20.9409), -1), ('1070', np.float64(17.4265), 0), ('1068', np.float64(14.4226), 0), ('938', np.float64(13.7773), 2), ('931', np.float64(13.7264), 4), ('934', np.float64(13.5755), 4), ('371', np.float64(13.2083), 0), ('743', np.float64(12.7956), 0), ('957', np.float64(11.8532), 3), ('935', np.float64(11.694), 4)]",0.5,0.5555555555555556,0.5263157894736842,0.3155886928936573
123,BM25,1,0,"[('1360', np.float64(15.4302), 0), ('1221', np.float64(13.23), 0), ('34', np.float64(11.2795), 0), ('917', np.float64(11.0536), 0), ('387', np.float64(10.861), 0), ('775', np.float64(10.6976), 0), ('147', np.float64(10.5826), 0), ('701', np.float64(10.3971), 0), ('537', np.float64(10.1014), 0), ('941', np.float64(9.9025), -1)]",0.0,0.0,0.0,0.05277777777777778
124,BM25,1,0,"[('941', np.float64(36.1657), -1), ('898', np.float64(20.9409), 0), ('625', np.float64(20.6232), 0), ('371', np.float64(20.1892), 0), ('442', np.float64(18.2268), 0), ('516', np.float64(17.5496), 0), ('504', np.float64(17.4876), 0), ('1070', np.float64(17.4265), 0), ('600', np.float64(17.3186), 0), ('1080', np.float64(17.0885), 0)]",0.0,0.0,0.0,0.0059472675300342535
125,BM25,1,0,"[('997', np.float64(13.7403), 2), ('993', np.float64(13.6547), 0), ('1074', np.float64(11.1061), 0), ('696', np.float64(10.9252), 0), ('176', np.float64(10.9235), 3), ('1350', np.float64(10.7126), 0), ('970', np.float64(10.5342), 2), ('1093', np.float64(10.159), 0), ('610', np.float64(9.8069), 0), ('1075', np.float64(9.6365), 0)]",0.3,0.17647058823529413,0.22222222222222224,0.25704814508218987
126,BM25,1,0,"[('1326', np.float64(24.5207), 2), ('1288', np.float64(21.1993), 0), ('974', np.float64(20.0598), 2), ('1095', np.float64(16.0238), 0), ('773', np.float64(14.9607), 0), ('397', np.float64(11.1729), 0), ('1083', np.float64(10.2756), 0), ('1265', np.float64(10.0278), 0), ('1169', np.float64(9.9935), 0), ('1163', np.float64(9.425), 0)]",0.2,0.25,0.22222222222222224,0.22229048579603983
127,BM25,1,0,"[('981', np.float64(18.8487), 3), ('869', np.float64(18.4587), 0), ('5', np.float64(17.449), 0), ('6', np.float64(16.7811), 0), ('585', np.float64(16.5832), 0), ('1024', np.float64(15.4949), 0), ('582', np.float64(15.3561), 0), ('91', np.float64(14.6532), 0), ('587', np.float64(14.5739), 0), ('944', np.float64(13.9462), -1)]",0.1,0.2,0.13333333333333333,0.24604065440235917
128,BM25,1,0,"[('945', np.float64(33.1327), -1), ('1063', np.float64(18.9827), 0), ('92', np.float64(15.5384), 0), ('745', np.float64(14.4754), 0), ('762', np.float64(13.9579), 0), ('1246', np.float64(13.3206), 0), ('648', np.float64(12.3278), 0), ('1043', np.float64(11.5447), 0), ('1087', np.float64(11.0928), 0), ('429', np.float64(10.9187), 0)]",0.0,0.0,0.0,0.017677937316658947
129,BM25,1,0,"[('945', np.float64(28.6744), -1), ('988', np.float64(21.8092), 3), ('987', np.float64(20.207), 2), ('989', np.float64(17.8944), 3), ('527', np.float64(15.3847), 0), ('985', np.float64(15.2966), 2), ('278', np.float64(13.9316), 0), ('314', np.float64(13.6824), 0), ('73', np.float64(11.915), 0), ('1310', np.float64(11.4379), 0)]",0.4,0.5714285714285714,0.47058823529411764,0.4115197074360015
130,BM25,1,0,"[('859', np.float64(36.8901), 3), ('948', np.float64(29.3647), -1), ('729', np.float64(20.6102), 0), ('1008', np.float64(20.1524), 3), ('766', np.float64(19.7949), 2), ('5', np.float64(19.0509), 0), ('391', np.float64(17.5885), 0), ('627', np.float64(16.2999), 0), ('856', np.float64(15.9761), 0), ('858', np.float64(15.8015), 3)]",0.4,0.8,0.5333333333333333,0.5019047619047619
131,BM25,1,0,"[('950', np.float64(41.2101), -1), ('1021', np.float64(29.4026), 0), ('1022', np.float64(20.124), 0), ('1023', np.float64(19.7861), 0), ('1017', np.float64(19.5287), 3), ('1014', np.float64(18.9933), 2), ('1025', np.float64(18.7449), 0), ('1019', np.float64(17.8813), 3), ('1012', np.float64(17.6078), 4), ('866', np.float64(16.6264), 0)]",0.4,0.5,0.4444444444444445,0.2660289168478824
132,BM25,1,0,"[('1021', np.float64(13.8706), 0), ('1017', np.float64(13.5824), 3), ('950', np.float64(13.0307), -1), ('1013', np.float64(12.4214), 3), ('1026', np.float64(12.2571), 3), ('1023', np.float64(11.7806), 3), ('1020', np.float64(11.6121), 4), ('1052', np.float64(11.3816), 0), ('1015', np.float64(11.3159), 3), ('951', np.float64(11.0192), 3)]",0.7,0.4666666666666667,0.56,0.5923850752422181
133,BM25,1,0,"[('951', np.float64(12.8665), 0), ('950', np.float64(12.7289), -1), ('1013', np.float64(12.4214), 0), ('1026', np.float64(12.2571), 0), ('1023', np.float64(11.7806), 0), ('1020', np.float64(11.6121), 1), ('1017', np.float64(11.5748), 0), ('1028', np.float64(11.5188), 0), ('1015', np.float64(11.3159), 0), ('1012', np.float64(10.807), 4)]",0.2,0.2857142857142857,0.23529411764705882,0.23796133838150643
134,BM25,1,0,"[('866', np.float64(23.0568), 0), ('951', np.float64(20.9699), -1), ('1012', np.float64(19.5527), 0), ('1015', np.float64(16.7014), 0), ('1013', np.float64(15.1463), 0), ('1028', np.float64(14.6955), 3), ('1014', np.float64(14.2914), 0), ('1017', np.float64(14.2834), 0), ('1020', np.float64(14.1764), 0), ('1023', np.float64(13.4364), 0)]",0.1,0.5,0.16666666666666669,0.12037037037037036
135,BM25,1,0,"[('951', np.float64(19.2352), -1), ('1026', np.float64(19.2146), 4), ('1013', np.float64(19.1848), 0), ('950', np.float64(18.9473), 4), ('1020', np.float64(18.6887), 0), ('1017', np.float64(18.2199), 4), ('1029', np.float64(18.2082), 0), ('1014', np.float64(17.3185), 0), ('1023', np.float64(17.1722), 4), ('1021', np.float64(16.9624), 0)]",0.4,0.5,0.4444444444444445,0.4494949494949495
136,BM25,1,0,"[('951', np.float64(17.3879), -1), ('1021', np.float64(17.1317), 1), ('1125', np.float64(14.6849), 0), ('1031', np.float64(14.5374), 0), ('140', np.float64(14.1387), 0), ('1033', np.float64(14.0451), 0), ('829', np.float64(13.6636), 0), ('1013', np.float64(13.3563), 0), ('1020', np.float64(12.9029), 0), ('1026', np.float64(12.2571), 0)]",0.1,0.3333333333333333,0.15384615384615383,0.23675213675213672
137,BM25,1,0,"[('952', np.float64(64.7902), -1), ('1023', np.float64(41.3196), 0), ('1026', np.float64(39.0217), 0), ('1034', np.float64(33.272), 3), ('1021', np.float64(30.9276), 3), ('1017', np.float64(27.866), 0), ('1013', np.float64(26.072), 0), ('1052', np.float64(24.6842), 0), ('1024', np.float64(24.5968), 0), ('853', np.float64(22.6188), 0)]",0.2,0.5,0.28571428571428575,0.19803459119496855
138,BM25,1,0,"[('897', np.float64(19.5539), 0), ('844', np.float64(19.2728), 0), ('953', np.float64(17.295), -1), ('841', np.float64(17.0919), 0), ('764', np.float64(16.9897), 0), ('887', np.float64(16.7604), 0), ('846', np.float64(16.5061), 1), ('854', np.float64(15.8556), 0), ('765', np.float64(15.7096), 0), ('847', np.float64(15.3397), 0)]",0.1,0.5,0.16666666666666669,0.07677616501145912
139,BM25,1,0,"[('844', np.float64(21.2957), 0), ('887', np.float64(21.1953), 0), ('897', np.float64(20.7318), 0), ('826', np.float64(20.1561), 0), ('1038', np.float64(19.0578), 0), ('763', np.float64(19.0186), 0), ('846', np.float64(18.5185), 0), ('1172', np.float64(17.7841), 0), ('955', np.float64(17.4872), 0), ('953', np.float64(17.295), -1)]",0.0,0.0,0.0,0.00570907329312508
140,BM25,1,0,"[('954', np.float64(25.1571), -1), ('1038', np.float64(17.376), 1), ('720', np.float64(10.3573), 0), ('890', np.float64(10.0953), 0), ('497', np.float64(9.9832), 0), ('769', np.float64(9.7851), 0), ('31', np.float64(9.7775), 0), ('870', np.float64(9.7175), 0), ('743', np.float64(8.5914), 0), ('1045', np.float64(8.4626), 0)]",0.1,0.16666666666666666,0.125,0.11553437331456168
141,BM25,1,0,"[('1038', np.float64(15.7805), 1), ('851', np.float64(14.5362), 0), ('889', np.float64(14.4409), 0), ('1043', np.float64(14.3195), 2), ('843', np.float64(13.8515), 0), ('1135', np.float64(13.5887), 0), ('1137', np.float64(12.0826), 0), ('828', np.float64(11.7885), 0), ('1214', np.float64(11.5659), 0), ('743', np.float64(11.295), 0)]",0.2,0.3333333333333333,0.25,0.3170475467182178
142,BM25,1,0,"[('954', np.float64(20.5714), -1), ('890', np.float64(14.1681), 0), ('769', np.float64(14.151), 0), ('1125', np.float64(13.9243), 0), ('1175', np.float64(13.2618), 0), ('765', np.float64(12.3193), 0), ('887', np.float64(12.1712), 0), ('827', np.float64(12.1373), 0), ('885', np.float64(10.3878), 0), ('1134', np.float64(10.1557), 0)]",0.0,0.0,0.0,0.0017271157167530224
143,BM25,1,0,"[('1043', np.float64(16.9098), 1), ('1051', np.float64(15.3499), 0), ('954', np.float64(14.6915), -1), ('955', np.float64(12.8444), 0), ('889', np.float64(12.741), 0), ('930', np.float64(11.6674), 0), ('843', np.float64(11.6197), 0), ('1174', np.float64(11.1311), 0), ('839', np.float64(11.0573), 0), ('1052', np.float64(10.8356), 0)]",0.1,0.5,0.16666666666666669,0.5769230769230769
144,BM25,1,0,"[('955', np.float64(37.2095), -1), ('1045', np.float64(32.4308), 2), ('839', np.float64(31.8546), 3), ('763', np.float64(29.7979), 3), ('838', np.float64(28.5698), 3), ('840', np.float64(24.3649), 2), ('1363', np.float64(23.3896), 0), ('1126', np.float64(23.2992), 0), ('1051', np.float64(21.9569), 0), ('1178', np.float64(21.1224), 0)]",0.5,0.8333333333333334,0.625,0.6239247311827957
145,BM25,1,0,"[('1051', np.float64(32.4979), 0), ('839', np.float64(27.5119), 2), ('1045', np.float64(26.1304), 3), ('838', np.float64(23.1376), 2), ('763', np.float64(22.1605), 2), ('955', np.float64(19.862), -1), ('1046', np.float64(19.3687), 0), ('1126', np.float64(19.2984), 0), ('1118', np.float64(19.2548), 0), ('827', np.float64(17.0517), 0)]",0.4,0.5714285714285714,0.47058823529411764,0.410548060713389
146,BM25,1,0,"[('955', np.float64(36.8101), -1), ('1045', np.float64(36.7996), 3), ('641', np.float64(22.2445), 0), ('840', np.float64(21.968), 1), ('839', np.float64(19.7438), 0), ('1175', np.float64(19.7306), 0), ('730', np.float64(18.8771), 0), ('854', np.float64(16.5143), 0), ('763', np.float64(16.1216), 0), ('838', np.float64(16.0693), 0)]",0.2,1.0,0.33333333333333337,0.5
147,BM25,1,0,"[('956', np.float64(43.399), -1), ('1050', np.float64(39.9119), 3), ('1049', np.float64(23.5624), 4), ('843', np.float64(17.5191), 3), ('1358', np.float64(17.0468), 0), ('1119', np.float64(16.1805), 0), ('1392', np.float64(15.9549), 0), ('1128', np.float64(15.4585), 0), ('1357', np.float64(15.347), 0), ('1387', np.float64(14.4228), 0)]",0.3,0.3,0.3,0.27073649955285256
148,BM25,1,0,"[('956', np.float64(24.5182), -1), ('1048', np.float64(23.2015), 2), ('1126', np.float64(21.4505), 0), ('1050', np.float64(17.3684), 2), ('739', np.float64(15.5615), 0), ('763', np.float64(15.2973), 0), ('838', np.float64(14.9935), 0), ('1051', np.float64(14.5881), 0), ('826', np.float64(14.2953), 0), ('761', np.float64(14.2501), 0)]",0.2,0.3333333333333333,0.25,0.2246815612893169
149,BM25,1,0,"[('930', np.float64(19.1546), 3), ('926', np.float64(16.1034), 0), ('1051', np.float64(14.8146), 0), ('1070', np.float64(14.2831), 0), ('931', np.float64(13.5744), 3), ('1058', np.float64(12.2302), 3), ('1059', np.float64(11.6183), 3), ('937', np.float64(11.2323), 3), ('898', np.float64(10.6147), 0), ('826', np.float64(10.4093), 0)]",0.5,0.45454545454545453,0.47619047619047616,0.444811806550937
150,BM25,1,0,"[('1062', np.float64(27.3829), -1), ('1074', np.float64(26.1283), 3), ('1075', np.float64(25.6232), 3), ('923', np.float64(16.319), 0), ('1243', np.float64(16.2808), 0), ('1202', np.float64(16.2141), 0), ('970', np.float64(16.1005), 0), ('924', np.float64(15.9709), 0), ('696', np.float64(15.0798), 0), ('1239', np.float64(15.0767), 0)]",0.2,1.0,0.33333333333333337,0.5833333333333333
151,BM25,1,0,"[('783', np.float64(12.0741), 0), ('924', np.float64(12.0184), 0), ('52', np.float64(11.5447), 0), ('433', np.float64(11.1446), 0), ('676', np.float64(10.8507), 0), ('1246', np.float64(10.6611), 0), ('101', np.float64(10.636), 0), ('1362', np.float64(10.567), 0), ('1262', np.float64(10.3146), 0), ('222', np.float64(10.2225), 0)]",0.0,0.0,0.0,0.021943874508933738
152,BM25,1,0,"[('671', np.float64(13.8938), 0), ('1225', np.float64(11.5124), 0), ('547', np.float64(10.9378), 0), ('696', np.float64(10.0346), 0), ('1076', np.float64(9.8553), 1), ('346', np.float64(9.7985), 0), ('683', np.float64(9.7654), 0), ('80', np.float64(9.3987), 0), ('133', np.float64(9.2912), 0), ('1229', np.float64(9.2869), 0)]",0.1,0.16666666666666666,0.125,0.05978221855121843
153,BM25,1,0,"[('1063', np.float64(23.0993), -1), ('1085', np.float64(16.968), 3), ('1082', np.float64(15.868), 4), ('1081', np.float64(15.4848), 4), ('394', np.float64(14.1668), 0), ('393', np.float64(13.8073), 0), ('323', np.float64(13.0135), 0), ('117', np.float64(12.5194), 0), ('149', np.float64(11.6435), 0), ('329', np.float64(11.4235), 0)]",0.3,0.42857142857142855,0.3529411764705882,0.34136888768996887
154,BM25,1,0,"[('1088', np.float64(30.3178), 3), ('1086', np.float64(21.3942), 0), ('1054', np.float64(20.4301), 0), ('111', np.float64(19.7398), 0), ('1055', np.float64(19.4345), 0), ('1063', np.float64(14.8281), -1), ('1087', np.float64(13.832), 2), ('367', np.float64(12.845), 0), ('1362', np.float64(12.4479), 0), ('1262', np.float64(12.4164), 0)]",0.2,1.0,0.33333333333333337,0.6428571428571428
155,BM25,1,0,"[('1101', np.float64(16.3255), 3), ('804', np.float64(11.6166), 0), ('1065', np.float64(10.7387), -1), ('553', np.float64(10.4765), 0), ('1099', np.float64(9.3363), 4), ('1097', np.float64(8.7952), 0), ('968', np.float64(8.228), 0), ('1100', np.float64(7.9585), 2), ('806', np.float64(7.608), 0), ('1096', np.float64(7.5152), 0)]",0.3,0.5,0.37499999999999994,0.3004085440561097
156,BM25,1,0,"[('1096', np.float64(20.2235), 3), ('1097', np.float64(19.1733), 2), ('1065', np.float64(17.9077), -1), ('553', np.float64(17.6117), 2), ('1098', np.float64(15.7561), 3), ('1099', np.float64(14.9744), 3), ('1279', np.float64(13.4065), 0), ('1100', np.float64(12.8948), 2), ('534', np.float64(10.983), 0), ('761', np.float64(10.8051), 0)]",0.6,0.42857142857142855,0.5,0.4963418006121831
157,BM25,1,0,"[('1006', np.float64(29.5489), -1), ('160', np.float64(22.8081), 3), ('556', np.float64(21.772), 2), ('1393', np.float64(21.2682), 0), ('318', np.float64(20.8681), 3), ('456', np.float64(19.6462), 2), ('498', np.float64(18.9179), 0), ('1377', np.float64(18.8033), 0), ('1356', np.float64(18.4673), 0), ('493', np.float64(18.348), 0)]",0.4,0.10256410256410256,0.163265306122449,0.27101588255589815
158,BM25,1,0,"[('302', np.float64(13.5157), 1), ('552', np.float64(10.5427), 2), ('949', np.float64(10.5308), 0), ('328', np.float64(9.448), 0), ('982', np.float64(9.2027), 0), ('1269', np.float64(9.0836), 0), ('1199', np.float64(9.0493), 0), ('1010', np.float64(9.0033), 3), ('691', np.float64(8.9303), 0), ('1230', np.float64(8.854), 0)]",0.3,0.375,0.33333333333333326,0.3308176744101887
159,BM25,1,0,"[('1066', np.float64(29.6611), -1), ('1197', np.float64(20.8585), 0), ('1259', np.float64(17.0746), 0), ('1112', np.float64(16.9815), 3), ('801', np.float64(15.1154), 0), ('716', np.float64(14.5029), 0), ('846', np.float64(14.4576), 0), ('1293', np.float64(14.1901), 0), ('52', np.float64(14.1685), 0), ('723', np.float64(13.2119), 0)]",0.1,0.125,0.11111111111111112,0.05536025606997315
160,BM25,1,0,"[('1071', np.float64(48.0576), -1), ('885', np.float64(43.6688), 0), ('890', np.float64(41.5055), 0), ('769', np.float64(36.3117), 0), ('1134', np.float64(33.1406), 3), ('740', np.float64(31.8536), 0), ('887', np.float64(31.4624), 0), ('830', np.float64(30.0928), 0), ('1172', np.float64(28.9733), 0), ('739', np.float64(27.94), 0)]",0.1,0.2,0.13333333333333333,0.06685694979808182
161,BM25,1,0,"[('1386', np.float64(34.2537), 2), ('54', np.float64(28.6794), 2), ('1185', np.float64(27.2091), 0), ('460', np.float64(25.6468), 0), ('55', np.float64(24.6809), 4), ('1192', np.float64(24.2979), 0), ('539', np.float64(22.9818), 0), ('784', np.float64(22.4824), 0), ('435', np.float64(22.089), 0), ('1182', np.float64(21.5165), 0)]",0.3,0.5,0.37499999999999994,0.4512234149282797
162,BM25,1,0,"[('460', np.float64(27.6175), 2), ('55', np.float64(26.4237), 0), ('1386', np.float64(23.0602), 0), ('489', np.float64(22.8881), -1), ('461', np.float64(22.3503), 2), ('366', np.float64(21.9182), 0), ('559', np.float64(21.4742), 0), ('135', np.float64(21.4075), 0), ('62', np.float64(20.4292), 0), ('365', np.float64(20.2992), 0)]",0.2,0.25,0.22222222222222224,0.2711159456338818
163,BM25,1,0,"[('492', np.float64(35.3993), -1), ('232', np.float64(25.0787), 0), ('56', np.float64(23.5009), 3), ('57', np.float64(21.5597), 3), ('1311', np.float64(18.7987), 0), ('973', np.float64(18.5959), 0), ('434', np.float64(18.1176), 0), ('1231', np.float64(17.9104), 0), ('124', np.float64(17.5536), 0), ('37', np.float64(16.8515), 0)]",0.2,0.6666666666666666,0.30769230769230765,0.2909356725146199
164,BM25,1,0,"[('311', np.float64(17.3346), 2), ('265', np.float64(16.1966), 0), ('415', np.float64(15.2603), 3), ('503', np.float64(13.899), -1), ('1187', np.float64(13.7885), 0), ('358', np.float64(13.4534), 0), ('316', np.float64(12.876), 4), ('71', np.float64(11.8345), 0), ('798', np.float64(11.6039), 3), ('291', np.float64(11.4034), 0)]",0.4,0.5,0.4444444444444445,0.4543613930796134
165,BM25,1,0,"[('504', np.float64(21.685), -1), ('71', np.float64(17.9938), 1), ('569', np.float64(13.5298), 0), ('1375', np.float64(13.3772), 0), ('72', np.float64(13.2385), 1), ('209', np.float64(12.8461), 0), ('1276', np.float64(12.5783), 0), ('663', np.float64(12.0429), 0), ('978', np.float64(12.0208), 0), ('383', np.float64(11.113), 0)]",0.2,1.0,0.33333333333333337,0.45
166,BM25,1,0,"[('504', np.float64(23.1387), -1), ('663', np.float64(14.2905), 0), ('71', np.float64(14.17), 0), ('209', np.float64(13.5359), 0), ('72', np.float64(13.2385), 0), ('334', np.float64(13.1267), 0), ('569', np.float64(12.98), 0), ('55', np.float64(12.641), 0), ('1276', np.float64(12.5783), 0), ('207', np.float64(12.4257), 2)]",0.1,0.125,0.11111111111111112,0.033829783791156996
167,BM25,1,0,"[('553', np.float64(24.6464), 0), ('1279', np.float64(19.5483), 0), ('1043', np.float64(15.4447), 0), ('274', np.float64(15.3833), 2), ('1100', np.float64(14.4104), 0), ('1147', np.float64(13.5772), 0), ('82', np.float64(13.3832), 3), ('1157', np.float64(13.0966), 0), ('84', np.float64(11.5858), 0), ('1098', np.float64(11.5423), 0)]",0.2,1.0,0.33333333333333337,0.26785714285714285
168,BM25,1,0,"[('750', np.float64(27.8498), -1), ('118', np.float64(25.5517), 0), ('965', np.float64(22.5958), 0), ('341', np.float64(20.765), 0), ('157', np.float64(20.3622), 0), ('217', np.float64(18.6974), 1), ('591', np.float64(16.3559), 0), ('696', np.float64(16.0507), 0), ('127', np.float64(15.6737), 0), ('656', np.float64(15.5977), 0)]",0.1,0.5,0.16666666666666669,0.08492063492063491
169,BM25,1,0,"[('750', np.float64(28.982), -1), ('157', np.float64(24.2936), 1), ('118', np.float64(24.2886), 1), ('965', np.float64(23.3242), 0), ('341', np.float64(21.5153), 0), ('217', np.float64(19.8635), 0), ('1280', np.float64(16.466), 0), ('166', np.float64(15.6937), 0), ('127', np.float64(15.6737), 0), ('591', np.float64(15.39), 0)]",0.2,0.5,0.28571428571428575,0.29636822470923846
170,BM25,1,0,"[('904', np.float64(25.7657), 3), ('139', np.float64(24.2046), 2), ('238', np.float64(20.8384), 2), ('893', np.float64(19.9604), -1), ('905', np.float64(19.8355), 0), ('1082', np.float64(19.7426), 0), ('239', np.float64(17.9322), 3), ('140', np.float64(15.5073), 0), ('315', np.float64(14.6775), 0), ('213', np.float64(14.4689), 0)]",0.4,0.6666666666666666,0.5,0.6839826839826838
171,BM25,1,0,"[('516', np.float64(45.2966), -1), ('431', np.float64(39.8122), 1), ('252', np.float64(31.4242), 1), ('141', np.float64(29.7902), 4), ('904', np.float64(26.5045), 0), ('188', np.float64(24.9673), 0), ('808', np.float64(23.8307), 0), ('179', np.float64(23.3974), 0), ('755', np.float64(22.7512), 0), ('608', np.float64(22.0167), 0)]",0.3,1.0,0.4615384615384615,0.6388888888888888
172,BM25,1,0,"[('320', np.float64(25.0127), 1), ('527', np.float64(24.9444), -1), ('322', np.float64(21.9225), 3), ('321', np.float64(20.8134), 1), ('476', np.float64(17.0414), 3), ('478', np.float64(16.3987), 0), ('1235', np.float64(14.2364), 0), ('1370', np.float64(14.2107), 0), ('107', np.float64(11.8804), 0), ('934', np.float64(11.4659), 0)]",0.4,1.0,0.5714285714285715,0.8041666666666667
173,BM25,1,0,"[('367', np.float64(25.7397), 1), ('451', np.float64(25.5243), 1), ('532', np.float64(20.3467), -1), ('777', np.float64(12.3859), 0), ('1054', np.float64(12.2458), 0), ('956', np.float64(11.412), 0), ('931', np.float64(11.3135), 0), ('1047', np.float64(11.2745), 0), ('1392', np.float64(10.992), 0), ('1240', np.float64(10.9072), 0)]",0.2,1.0,0.33333333333333337,1.0
174,BM25,1,0,"[('483', np.float64(17.9141), 0), ('35', np.float64(14.1491), 0), ('501', np.float64(13.7599), 0), ('1274', np.float64(13.3799), 0), ('1319', np.float64(13.2363), 0), ('533', np.float64(13.219), -1), ('1151', np.float64(12.7377), 0), ('1257', np.float64(12.3822), 0), ('1390', np.float64(11.9121), 0), ('411', np.float64(11.5668), 1)]",0.1,0.2,0.13333333333333333,0.048226640424099236
175,BM25,1,0,"[('941', np.float64(16.4597), -1), ('139', np.float64(13.415), 0), ('491', np.float64(11.7097), 0), ('1080', np.float64(11.2222), 0), ('351', np.float64(11.1632), 2), ('666', np.float64(10.589), 0), ('1221', np.float64(10.3276), 0), ('238', np.float64(10.1372), 0), ('9', np.float64(9.9948), 0), ('270', np.float64(9.842), 0)]",0.1,0.2,0.13333333333333333,0.056404702149790244
176,BM25,1,0,"[('542', np.float64(22.0893), -1), ('963', np.float64(20.3654), 0), ('1073', np.float64(17.265), 0), ('586', np.float64(16.3956), 1), ('981', np.float64(13.3375), 0), ('869', np.float64(13.2388), 0), ('1375', np.float64(12.7401), 0), ('5', np.float64(12.2094), 0), ('581', np.float64(11.965), 0), ('587', np.float64(11.8579), 0)]",0.1,0.14285714285714285,0.11764705882352941,0.08381889667603956
177,BM25,1,0,"[('543', np.float64(20.6058), -1), ('590', np.float64(20.0841), 4), ('588', np.float64(17.8817), 2), ('589', np.float64(17.5558), 2), ('216', np.float64(16.7753), 0), ('237', np.float64(15.3174), 0), ('138', np.float64(15.06), 0), ('426', np.float64(14.9762), 0), ('214', np.float64(14.0118), 0), ('576', np.float64(13.1727), 0)]",0.3,0.6,0.4,0.5214285714285715
178,BM25,1,0,"[('591', np.float64(14.6894), 1), ('543', np.float64(12.2496), -1), ('590', np.float64(12.1055), 3), ('31', np.float64(11.7892), 0), ('589', np.float64(11.43), 4), ('138', np.float64(11.4236), 0), ('237', np.float64(10.9557), 0), ('216', np.float64(10.8206), 0), ('426', np.float64(10.7443), 0), ('1171', np.float64(10.2985), 0)]",0.3,0.75,0.4285714285714285,0.6575757575757576
179,BM25,1,0,"[('633', np.float64(42.2806), -1), ('680', np.float64(28.3675), 3), ('428', np.float64(26.9502), 0), ('682', np.float64(26.8167), 3), ('224', np.float64(24.4164), 0), ('930', np.float64(20.6948), 0), ('122', np.float64(20.2297), 0), ('918', np.float64(18.2614), 0), ('1196', np.float64(17.3866), 0), ('1271', np.float64(17.0408), 0)]",0.2,0.5,0.28571428571428575,0.26457907044723766
180,BM25,1,0,"[('548', np.float64(21.7105), -1), ('616', np.float64(19.7799), 4), ('617', np.float64(18.7232), 4), ('622', np.float64(15.6534), 2), ('1324', np.float64(10.9308), 0), ('1391', np.float64(10.7924), 0), ('218', np.float64(10.7735), 0), ('613', np.float64(10.2224), 0), ('969', np.float64(9.9056), 0), ('614', np.float64(8.9081), 0)]",0.3,0.42857142857142855,0.3529411764705882,0.39520320948892385
181,BM25,1,0,"[('997', np.float64(14.3343), 3), ('993', np.float64(12.7808), 0), ('409', np.float64(10.8674), 2), ('1195', np.float64(10.8478), 0), ('1075', np.float64(10.7537), 0), ('1350', np.float64(10.7126), 0), ('1074', np.float64(10.6665), 0), ('1151', np.float64(10.3137), 0), ('1243', np.float64(10.2867), 0), ('243', np.float64(10.1681), 0)]",0.2,0.4,0.26666666666666666,0.36323724237393296
182,BM25,1,0,"[('634', np.float64(61.8506), -1), ('685', np.float64(51.0586), 1), ('686', np.float64(22.3917), 3), ('593', np.float64(21.399), 0), ('1300', np.float64(19.916), 0), ('572', np.float64(19.6171), 0), ('1290', np.float64(19.1767), 0), ('712', np.float64(18.6081), 0), ('193', np.float64(17.4806), 0), ('655', np.float64(16.9528), 0)]",0.2,1.0,0.33333333333333337,0.5833333333333333
183,BM25,1,0,"[('809', np.float64(14.9844), 1), ('758', np.float64(13.7227), -1), ('804', np.float64(13.2785), 4), ('1243', np.float64(12.8057), 4), ('808', np.float64(12.1138), 1), ('39', np.float64(11.325), 0), ('811', np.float64(11.1381), 3), ('1177', np.float64(10.3015), 0), ('88', np.float64(10.0557), 0), ('1247', np.float64(9.4217), 4)]",0.6,0.46153846153846156,0.5217391304347826,0.5421068695023269
184,BM25,1,0,"[('82', np.float64(14.159), 0), ('554', np.float64(12.8702), 0), ('813', np.float64(12.6405), 0), ('509', np.float64(12.4464), 0), ('67', np.float64(11.6404), 3), ('1217', np.float64(11.1541), 0), ('1219', np.float64(10.559), 0), ('1000', np.float64(10.2647), 0), ('917', np.float64(9.5809), 0), ('978', np.float64(9.4809), 0)]",0.1,0.14285714285714285,0.11764705882352941,0.13872887666162295
185,BM25,1,0,"[('856', np.float64(20.402), 3), ('857', np.float64(18.1269), 2), ('858', np.float64(15.7449), 2), ('766', np.float64(15.2529), 2), ('390', np.float64(15.1056), 0), ('1008', np.float64(14.478), 3), ('948', np.float64(13.9192), -1), ('391', np.float64(13.5427), 0), ('859', np.float64(13.2862), 2), ('658', np.float64(12.7038), 0)]",0.6,0.6666666666666666,0.631578947368421,0.806084656084656
186,BM25,1,0,"[('1243', np.float64(17.9924), 0), ('1062', np.float64(15.8076), 3), ('1075', np.float64(15.4791), 3), ('1239', np.float64(15.4709), 0), ('803', np.float64(15.0708), 0), ('252', np.float64(14.8274), 0), ('923', np.float64(14.0875), 3), ('924', np.float64(13.7819), 3), ('230', np.float64(13.302), 0), ('229', np.float64(13.1733), 0)]",0.4,0.25,0.3076923076923077,0.18393908528249048
187,BM25,1,0,"[('763', np.float64(32.257), -1), ('839', np.float64(24.8881), 3), ('1126', np.float64(23.6463), 0), ('841', np.float64(23.38), 0), ('1068', np.float64(21.6458), 0), ('897', np.float64(20.8175), 0), ('1172', np.float64(20.6869), 0), ('936', np.float64(19.8926), 0), ('887', np.float64(19.6207), 0), ('743', np.float64(19.297), 4)]",0.2,0.3333333333333333,0.25,0.14822303001836643
188,BM25,1,0,"[('725', np.float64(24.296), 2), ('640', np.float64(19.3733), -1), ('722', np.float64(18.0079), 2), ('220', np.float64(15.8533), 0), ('908', np.float64(15.7316), 0), ('1360', np.float64(15.6329), 0), ('729', np.float64(14.9545), 2), ('1279', np.float64(13.095), 0), ('909', np.float64(12.4559), 3), ('1270', np.float64(12.3056), 0)]",0.4,0.36363636363636365,0.380952380952381,0.2798811892323692
189,BM25,1,0,"[('767', np.float64(23.1796), -1), ('870', np.float64(15.0285), 3), ('640', np.float64(14.1367), 0), ('881', np.float64(13.4042), 0), ('1362', np.float64(13.3856), 0), ('865', np.float64(13.061), 3), ('883', np.float64(12.6833), 0), ('833', np.float64(12.6063), 0), ('909', np.float64(12.2753), 0), ('726', np.float64(12.2141), 0)]",0.2,0.2222222222222222,0.2105263157894737,0.1451317023240729
190,BM25,1,0,"[('390', np.float64(31.3511), 3), ('856', np.float64(23.5715), 0), ('15', np.float64(23.1134), 1), ('1339', np.float64(22.5297), 0), ('627', np.float64(22.3372), 0), ('52', np.float64(21.01), 0), ('948', np.float64(18.5963), 0), ('1008', np.float64(18.3157), 0), ('391', np.float64(18.2901), 1), ('1069', np.float64(17.5653), 0)]",0.3,0.6,0.4,0.45365418894830656
191,BM25,1,0,"[('766', np.float64(19.8943), 0), ('894', np.float64(16.216), -1), ('658', np.float64(15.8574), 3), ('1392', np.float64(15.6124), 0), ('15', np.float64(15.1273), 3), ('1242', np.float64(14.8171), 0), ('627', np.float64(14.1578), 0), ('827', np.float64(14.0697), 0), ('948', np.float64(13.9192), 3), ('858', np.float64(13.7338), 2)]",0.4,0.3076923076923077,0.34782608695652173,0.41026003056968524
192,BM25,1,0,"[('641', np.float64(17.6572), -1), ('875', np.float64(14.7919), 0), ('735', np.float64(14.5624), 1), ('647', np.float64(13.0555), 0), ('734', np.float64(10.489), 1), ('648', np.float64(9.2836), 0), ('46', np.float64(8.8145), 0), ('1398', np.float64(8.4821), 0), ('733', np.float64(7.2353), 1), ('388', np.float64(7.2153), 0)]",0.3,0.75,0.4285714285714285,0.2679520137103685
193,BM25,1,0,"[('733', np.float64(19.0539), 4), ('730', np.float64(16.456), 3), ('641', np.float64(16.2309), -1), ('735', np.float64(14.4515), 4), ('734', np.float64(13.6702), 4), ('422', np.float64(13.437), 3), ('1392', np.float64(11.9283), 3), ('736', np.float64(11.4493), 4), ('648', np.float64(10.3929), 3), ('454', np.float64(10.38), 0)]",0.8,0.8888888888888888,0.8421052631578948,0.7805252300350338
194,BM25,1,0,"[('642', np.float64(43.0835), -1), ('744', np.float64(33.1419), 3), ('932', np.float64(32.5226), 0), ('957', np.float64(26.8483), 0), ('760', np.float64(25.3677), 0), ('1126', np.float64(24.9316), 0), ('741', np.float64(24.8832), 4), ('1172', np.float64(23.9056), 0), ('1123', np.float64(23.207), 0), ('888', np.float64(23.0416), 0)]",0.2,0.3333333333333333,0.25,0.2643939393939394
195,BM25,1,0,"[('642', np.float64(33.8056), -1), ('744', np.float64(30.428), 0), ('932', np.float64(27.7861), 0), ('1055', np.float64(26.7784), 0), ('739', np.float64(26.2047), 3), ('1067', np.float64(24.1827), 0), ('1359', np.float64(24.1139), 0), ('1122', np.float64(23.4029), 0), ('831', np.float64(22.1763), 0), ('1054', np.float64(21.7236), 0)]",0.1,0.3333333333333333,0.15384615384615383,0.09007603041216487
196,BM25,1,0,"[('184', np.float64(19.0414), -1), ('1361', np.float64(15.3052), 0), ('1008', np.float64(14.9091), 0), ('486', np.float64(14.3864), 0), ('875', np.float64(13.6431), 2), ('746', np.float64(13.2108), 3), ('966', np.float64(12.9003), 0), ('390', np.float64(12.0408), 0), ('442', np.float64(11.8898), 0), ('1311', np.float64(11.6261), 0)]",0.2,0.16666666666666666,0.1818181818181818,0.09230215310810667
197,BM25,1,0,"[('881', np.float64(19.6865), 2), ('884', np.float64(19.6842), 3), ('723', np.float64(17.1482), 0), ('726', np.float64(16.6039), 0), ('768', np.float64(15.6189), -1), ('909', np.float64(12.6783), 0), ('261', np.float64(12.2628), 0), ('746', np.float64(12.1531), 0), ('724', np.float64(11.8776), 0), ('865', np.float64(10.2175), 0)]",0.2,0.6666666666666666,0.30769230769230765,0.7380952380952381
198,BM25,1,0,"[('889', np.float64(19.0551), 2), ('1126', np.float64(16.9217), 0), ('1174', np.float64(16.5395), 0), ('743', np.float64(16.0471), 0), ('897', np.float64(15.8857), 0), ('1051', np.float64(15.5045), 0), ('1068', np.float64(15.2722), 0), ('843', np.float64(14.82), 3), ('887', np.float64(14.0577), 2), ('741', np.float64(13.9083), 0)]",0.3,0.75,0.4285714285714285,0.40033783783783783
199,BM25,1,0,"[('739', np.float64(18.5041), 0), ('930', np.float64(16.8337), 0), ('931', np.float64(16.6224), 0), ('1294', np.float64(14.3365), 0), ('1058', np.float64(14.1666), 0), ('769', np.float64(13.0323), 0), ('744', np.float64(12.7593), 2), ('1059', np.float64(12.6165), 0), ('827', np.float64(11.8044), 0), ('852', np.float64(11.683), 0)]",0.1,0.125,0.11111111111111112,0.0782397807388089
200,BM25,1,0,"[('1071', np.float64(24.8578), -1), ('1053', np.float64(21.939), 0), ('1134', np.float64(21.6064), 2), ('1117', np.float64(16.5115), 0), ('851', np.float64(16.3423), 0), ('1362', np.float64(15.2634), 0), ('1032', np.float64(14.7956), 0), ('760', np.float64(14.6863), 0), ('461', np.float64(14.5608), 0), ('1137', np.float64(14.5266), 2)]",0.2,0.6666666666666666,0.30769230769230765,0.18444444444444444
201,BM25,1,0,"[('625', np.float64(24.834), 2), ('1297', np.float64(18.1448), 0), ('401', np.float64(17.8596), 3), ('1296', np.float64(16.8637), 2), ('1217', np.float64(16.6909), 0), ('509', np.float64(14.9511), 0), ('1379', np.float64(14.8088), 0), ('410', np.float64(14.7307), 0), ('1219', np.float64(14.2696), 0), ('1391', np.float64(14.1106), 4)]",0.4,0.25,0.3076923076923077,0.30541203456155314
202,BM25,1,0,"[('1285', np.float64(27.6479), -1), ('1310', np.float64(23.4908), 4), ('232', np.float64(14.6645), 4), ('687', np.float64(14.3059), 0), ('925', np.float64(13.2555), 0), ('979', np.float64(13.2199), 0), ('1378', np.float64(12.7897), 0), ('234', np.float64(12.531), 0), ('371', np.float64(12.114), 0), ('927', np.float64(12.0879), 0)]",0.2,0.14285714285714285,0.16666666666666666,0.12154154969062916
203,BM25,1,0,"[('1285', np.float64(14.9545), -1), ('58', np.float64(11.6496), 3), ('1306', np.float64(11.4478), 3), ('1310', np.float64(11.427), 3), ('122', np.float64(11.1854), 3), ('359', np.float64(10.927), 0), ('482', np.float64(10.6507), 0), ('370', np.float64(10.5717), 0), ('225', np.float64(10.3857), 0), ('814', np.float64(10.2064), 0)]",0.4,0.2857142857142857,0.3333333333333333,0.23193175654643014
204,BM25,1,0,"[('147', np.float64(14.7209), 0), ('573', np.float64(9.9835), 0), ('937', np.float64(8.3226), 0), ('57', np.float64(8.099), 0), ('1236', np.float64(7.9888), 0), ('1080', np.float64(7.98), 0), ('1311', np.float64(7.9561), 2), ('1229', np.float64(7.8536), 0), ('971', np.float64(7.7519), 0), ('802', np.float64(7.4005), 0)]",0.1,0.07142857142857142,0.08333333333333333,0.05065558843755489
205,BM25,1,0,"[('1323', np.float64(15.1528), 0), ('912', np.float64(12.8148), 0), ('131', np.float64(12.7463), 0), ('1182', np.float64(11.7664), 0), ('1192', np.float64(11.5593), 0), ('133', np.float64(11.5481), 0), ('352', np.float64(11.4525), 0), ('1287', np.float64(11.1456), -1), ('1017', np.float64(11.0069), 0), ('1199', np.float64(10.8878), 0)]",0.0,0.0,0.0,0.035842293906810034
206,BM25,1,0,"[('1290', np.float64(50.5565), -1), ('1338', np.float64(24.3097), 2), ('1341', np.float64(19.7254), 2), ('440', np.float64(18.9785), 0), ('876', np.float64(18.9063), 0), ('312', np.float64(18.3537), 0), ('252', np.float64(17.7233), 0), ('879', np.float64(17.7095), 0), ('38', np.float64(17.3312), 0), ('467', np.float64(17.1264), 0)]",0.2,0.6666666666666666,0.30769230769230765,0.39170579029733954
207,BM25,1,0,"[('859', np.float64(18.9246), 0), ('1290', np.float64(16.3375), -1), ('948', np.float64(15.4349), 0), ('747', np.float64(14.8456), 0), ('1341', np.float64(13.636), 3), ('391', np.float64(12.9326), 0), ('749', np.float64(12.9212), 0), ('766', np.float64(12.5689), 0), ('593', np.float64(12.3238), 0), ('442', np.float64(12.2643), 0)]",0.1,0.2,0.13333333333333333,0.1074225245653817
208,BM25,1,0,"[('1291', np.float64(50.7941), -1), ('163', np.float64(31.4602), 3), ('1344', np.float64(26.9093), 3), ('1217', np.float64(23.0049), 0), ('566', np.float64(20.7435), 0), ('1345', np.float64(20.6302), 3), ('1346', np.float64(18.9491), 3), ('1348', np.float64(18.643), 0), ('164', np.float64(18.3161), 4), ('1219', np.float64(17.7164), 0)]",0.5,0.8333333333333334,0.625,0.5425315425315426
209,BM25,1,0,"[('959', np.float64(20.4854), 0), ('187', np.float64(19.2314), 3), ('455', np.float64(18.6012), 0), ('651', np.float64(17.9916), 0), ('798', np.float64(15.5478), 0), ('45', np.float64(15.4836), 4), ('89', np.float64(15.3429), 0), ('487', np.float64(14.9933), 3), ('996', np.float64(14.9056), 0), ('1364', np.float64(14.8368), 0)]",0.3,0.25,0.2727272727272727,0.16286091105506526
210,BM25,1,0,"[('1172', np.float64(38.5401), 3), ('1145', np.float64(29.1838), -1), ('1171', np.float64(25.4654), 2), ('1068', np.float64(23.8681), 0), ('887', np.float64(23.3374), 0), ('1125', np.float64(23.3054), 0), ('739', np.float64(22.6361), 0), ('1126', np.float64(22.5684), 0), ('743', np.float64(21.9728), 0), ('938', np.float64(20.4901), 0)]",0.2,0.3333333333333333,0.25,0.363429548452551
211,BM25,1,0,"[('739', np.float64(25.1181), 0), ('887', np.float64(16.8977), 0), ('744', np.float64(16.4788), 0), ('885', np.float64(16.0291), 0), ('743', np.float64(15.3895), 0), ('897', np.float64(15.331), 0), ('1051', np.float64(15.1075), 0), ('769', np.float64(14.854), 4), ('1117', np.float64(14.8453), 0), ('1070', np.float64(14.761), 0)]",0.1,0.09090909090909091,0.09523809523809525,0.1558979965464169
212,BM25,1,0,"[('1178', np.float64(35.4832), 2), ('1177', np.float64(35.0965), 4), ('838', np.float64(29.7946), 0), ('888', np.float64(29.6825), 2), ('1176', np.float64(25.2624), 4), ('885', np.float64(21.222), 3), ('1146', np.float64(19.4614), -1), ('1070', np.float64(19.3554), 0), ('1132', np.float64(18.5698), 0), ('1133', np.float64(18.5273), 0)]",0.5,0.35714285714285715,0.41666666666666663,0.5278567452814362
213,BM25,1,0,"[('888', np.float64(22.8137), 1), ('741', np.float64(21.62), 0), ('885', np.float64(21.413), 2), ('1173', np.float64(20.8556), 3), ('769', np.float64(20.4533), 3), ('887', np.float64(19.8999), 2), ('642', np.float64(17.6632), 0), ('1038', np.float64(15.6587), 0), ('1178', np.float64(14.7562), 3), ('890', np.float64(14.6282), 3)]",0.7,0.6363636363636364,0.6666666666666666,0.5353107655864814
214,BM25,1,0,"[('1294', np.float64(31.8267), -1), ('1362', np.float64(20.1396), 3), ('828', np.float64(18.9328), 0), ('739', np.float64(15.4899), 0), ('848', np.float64(14.8631), 0), ('930', np.float64(13.3458), 0), ('47', np.float64(13.2035), 0), ('1044', np.float64(13.1756), 0), ('777', np.float64(13.1182), 0), ('831', np.float64(12.3637), 0)]",0.1,0.25,0.14285714285714288,0.15438516858395154
215,BM25,1,0,"[('535', np.float64(25.2411), -1), ('1253', np.float64(19.1679), 0), ('25', np.float64(17.1587), 0), ('666', np.float64(16.3447), 0), ('1198', np.float64(15.5897), 0), ('1205', np.float64(15.4272), 0), ('273', np.float64(15.0983), 0), ('625', np.float64(14.5802), 0), ('317', np.float64(13.8956), 0), ('1238', np.float64(13.8767), 0)]",0.0,0.0,0.0,0.03292939936775553
216,BM25,1,0,"[('39', np.float64(13.9215), 0), ('1319', np.float64(12.9557), 0), ('1274', np.float64(12.7933), 0), ('958', np.float64(12.4638), 0), ('175', np.float64(11.89), 0), ('407', np.float64(11.8609), 0), ('1156', np.float64(11.4876), 0), ('974', np.float64(11.4679), 0), ('506', np.float64(11.4532), -1), ('692', np.float64(11.2922), 0)]",0.0,0.0,0.0,0.003787878787878788
217,BM25,1,0,"[('983', np.float64(16.4407), 0), ('666', np.float64(15.7342), 1), ('1393', np.float64(15.4187), 0), ('323', np.float64(15.1958), 0), ('1394', np.float64(15.0286), 2), ('1395', np.float64(14.8501), 1), ('44', np.float64(14.6059), 0), ('1161', np.float64(14.3435), 0), ('324', np.float64(13.9808), 0), ('1151', np.float64(13.753), 0)]",0.3,0.2,0.24,0.2185794519763426
218,BM25,1,0,"[('1393', np.float64(13.2152), 1), ('323', np.float64(12.8553), 0), ('1395', np.float64(12.7266), 0), ('1394', np.float64(12.4404), 0), ('983', np.float64(12.1856), 0), ('666', np.float64(12.0947), 3), ('670', np.float64(11.9213), 0), ('295', np.float64(11.7773), 0), ('1161', np.float64(11.5372), 0), ('101', np.float64(10.9377), 1)]",0.3,0.2,0.24,0.24393390302237059
219,BM25,1,0,"[('993', np.float64(12.6701), 0), ('1221', np.float64(12.0938), 0), ('992', np.float64(11.752), 0), ('1222', np.float64(10.9471), 0), ('657', np.float64(10.5452), 0), ('809', np.float64(10.2562), 0), ('208', np.float64(10.2509), 0), ('342', np.float64(10.2344), 0), ('1082', np.float64(10.119), 0), ('315', np.float64(9.6878), 0)]",0.0,0.0,0.0,0.040287315346017594
220,BM25,1,0,"[('292', np.float64(19.1764), 3), ('1375', np.float64(19.1648), 0), ('231', np.float64(17.7746), 0), ('1192', np.float64(17.3709), 0), ('458', np.float64(16.9999), 4), ('527', np.float64(16.3412), 0), ('461', np.float64(15.485), 0), ('472', np.float64(15.1008), 0), ('977', np.float64(14.9316), 4), ('1182', np.float64(14.357), -1)]",0.3,0.15789473684210525,0.20689655172413793,0.21089054874149218
221,BM25,1,0,"[('388', np.float64(17.135), 0), ('1366', np.float64(16.6967), 3), ('1386', np.float64(15.5532), 4), ('458', np.float64(14.1906), 3), ('653', np.float64(12.571), 0), ('528', np.float64(12.3216), 0), ('662', np.float64(12.2705), 0), ('73', np.float64(12.2339), 0), ('637', np.float64(12.1187), 0), ('1182', np.float64(11.5111), -1)]",0.3,0.16666666666666666,0.21428571428571427,0.18588936556970084
222,BM25,1,0,"[('1130', np.float64(21.1941), 0), ('419', np.float64(20.7005), 3), ('1399', np.float64(18.1508), 4), ('400', np.float64(14.9628), 3), ('1400', np.float64(14.7796), 3), ('1050', np.float64(13.4342), 0), ('1048', np.float64(12.7256), 0), ('1121', np.float64(12.5603), 0), ('1070', np.float64(12.3857), 0), ('1178', np.float64(12.2658), 0)]",0.4,0.4444444444444444,0.4210526315789474,0.36820561921017453
223,BM25,1,0,"[('400', np.float64(25.3548), 3), ('1399', np.float64(20.3929), 0), ('1400', np.float64(19.7452), 0), ('419', np.float64(19.0436), 0), ('388', np.float64(17.6917), 0), ('1387', np.float64(17.6207), 3), ('1121', np.float64(17.317), 0), ('1050', np.float64(17.0015), 0), ('1048', np.float64(16.6116), 0), ('1008', np.float64(16.0607), 0)]",0.2,0.5,0.28571428571428575,0.4083333333333333
224,BM25,1,0,"[('1312', np.float64(26.1355), 0), ('1286', np.float64(22.6116), -1), ('317', np.float64(20.5205), 0), ('259', np.float64(20.114), 0), ('401', np.float64(18.7255), 0), ('1296', np.float64(17.2519), 0), ('1316', np.float64(15.6444), 4), ('656', np.float64(15.2297), 3), ('1157', np.float64(14.1844), 3), ('236', np.float64(14.1758), 0)]",0.3,0.375,0.33333333333333326,0.21214365925372564
225,BM25,1,0,"[('1188', np.float64(24.8418), -1), ('1380', np.float64(20.1277), 4), ('1124', np.float64(15.1282), 3), ('748', np.float64(14.8754), 0), ('225', np.float64(14.7455), 3), ('1345', np.float64(14.7198), 0), ('416', np.float64(14.0091), 0), ('638', np.float64(13.7626), 0), ('1291', np.float64(13.6476), 0), ('797', np.float64(13.4912), 0)]",0.3,0.125,0.17647058823529413,0.100388170572853
1,Vetorial,0,1,"[('51', np.float64(0.2759), 3), ('184', np.float64(0.2414), 2), ('12', np.float64(0.1914), 3), ('359', np.float64(0.1784), 0), ('879', np.float64(0.1679), 3), ('486', np.float64(0.167), -1), ('746', np.float64(0.1643), 0), ('56', np.float64(0.1589), 3), ('878', np.float64(0.1579), 0), ('13', np.float64(0.1571), 4)]",0.6,0.21428571428571427,0.3157894736842105,0.29466774885354585
2,Vetorial,0,1,"[('12', np.float64(0.4511), 1), ('51', np.float64(0.3182), 3), ('746', np.float64(0.3079), 1), ('792', np.float64(0.2381), 0), ('100', np.float64(0.2333), 0), ('1169', np.float64(0.2261), 0), ('884', np.float64(0.2245), 0), ('184', np.float64(0.223), 2), ('253', np.float64(0.2094), 0), ('47', np.float64(0.199), 0)]",0.4,0.16666666666666666,0.23529411764705882,0.2085247944796321
3,Vetorial,0,1,"[('485', np.float64(0.4542), -1), ('5', np.float64(0.3736), 3), ('90', np.float64(0.3081), 3), ('144', np.float64(0.3031), 3), ('91', np.float64(0.2812), 3), ('399', np.float64(0.2471), 3), ('181', np.float64(0.2352), 3), ('582', np.float64(0.2348), 0), ('6', np.float64(0.1714), 3), ('251', np.float64(0.1511), 0)]",0.7,0.875,0.7777777777777777,0.6659722222222223
4,Vetorial,0,1,"[('166', np.float64(0.3128), 3), ('488', np.float64(0.2536), -1), ('1061', np.float64(0.2531), 0), ('410', np.float64(0.2518), 0), ('167', np.float64(0.2466), 0), ('1275', np.float64(0.2285), 0), ('1374', np.float64(0.2186), 0), ('185', np.float64(0.2179), 0), ('1189', np.float64(0.2169), 0), ('575', np.float64(0.2042), 0)]",0.1,0.5,0.16666666666666669,0.5588235294117647
5,Vetorial,0,1,"[('103', np.float64(0.2305), 0), ('1032', np.float64(0.1816), 0), ('367', np.float64(0.1816), 0), ('410', np.float64(0.1572), 0), ('1374', np.float64(0.1478), 0), ('552', np.float64(0.145), 1), ('368', np.float64(0.1448), 0), ('943', np.float64(0.1339), 0), ('401', np.float64(0.1326), 3), ('968', np.float64(0.1272), 0)]",0.2,0.5,0.28571428571428575,0.1400287065180682
6,Vetorial,0,1,"[('491', np.float64(0.243), -1), ('386', np.float64(0.161), 0), ('472', np.float64(0.1523), 0), ('775', np.float64(0.1389), 0), ('257', np.float64(0.1335), 3), ('1273', np.float64(0.1307), 0), ('99', np.float64(0.13), 2), ('1282', np.float64(0.1251), 0), ('148', np.float64(0.123), 0), ('883', np.float64(0.1203), 0)]",0.2,0.5,0.28571428571428575,0.14650768535262207
7,Vetorial,0,1,"[('492', np.float64(0.7381), -1), ('434', np.float64(0.3343), 0), ('57', np.float64(0.3255), 3), ('1231', np.float64(0.3236), 0), ('1040', np.float64(0.2929), 0), ('56', np.float64(0.2869), 3), ('354', np.float64(0.286), 0), ('1307', np.float64(0.2699), 0), ('233', np.float64(0.2695), 0), ('1115', np.float64(0.2601), 0)]",0.2,0.4,0.26666666666666666,0.1624462307757502
8,Vetorial,0,1,"[('492', np.float64(0.3203), -1), ('122', np.float64(0.257), 1), ('1231', np.float64(0.2166), 0), ('354', np.float64(0.2037), 1), ('907', np.float64(0.2015), 0), ('1083', np.float64(0.1975), 0), ('248', np.float64(0.1966), 0), ('234', np.float64(0.1961), 0), ('569', np.float64(0.192), 0), ('443', np.float64(0.1841), 0)]",0.2,0.18181818181818182,0.1904761904761905,0.20850346436510667
9,Vetorial,0,1,"[('21', np.float64(0.3905), 2), ('22', np.float64(0.3792), 2), ('550', np.float64(0.3343), 2), ('306', np.float64(0.2872), 0), ('326', np.float64(0.286), 0), ('102', np.float64(0.279), 0), ('571', np.float64(0.2744), 0), ('398', np.float64(0.2695), 0), ('1215', np.float64(0.2627), 0), ('45', np.float64(0.2488), 0)]",0.3,1.0,0.4615384615384615,1.0
10,Vetorial,0,1,"[('493', np.float64(0.3576), -1), ('302', np.float64(0.3157), 3), ('949', np.float64(0.264), 0), ('1143', np.float64(0.2581), 0), ('1009', np.float64(0.2525), 0), ('1003', np.float64(0.2185), 0), ('1199', np.float64(0.2143), 0), ('691', np.float64(0.2105), 0), ('524', np.float64(0.1972), 0), ('405', np.float64(0.1847), 2)]",0.2,0.25,0.22222222222222224,0.1517286309759185
11,Vetorial,0,1,"[('495', np.float64(0.5333), -1), ('1327', np.float64(0.2963), 0), ('556', np.float64(0.294), 0), ('654', np.float64(0.2817), 4), ('1186', np.float64(0.2692), 0), ('738', np.float64(0.2663), 0), ('1356', np.float64(0.2613), 0), ('540', np.float64(0.2606), 0), ('28', np.float64(0.2598), 3), ('304', np.float64(0.2399), 0)]",0.2,0.2857142857142857,0.23529411764705882,0.19559110522497244
12,Vetorial,0,1,"[('941', np.float64(0.3599), 0), ('650', np.float64(0.2678), 2), ('624', np.float64(0.2572), -1), ('1221', np.float64(0.2353), 0), ('966', np.float64(0.2323), 0), ('1223', np.float64(0.2263), 0), ('543', np.float64(0.222), 0), ('270', np.float64(0.2073), 0), ('649', np.float64(0.2013), 4), ('1094', np.float64(0.197), 0)]",0.2,0.4,0.26666666666666666,0.2140383919640767
13,Vetorial,0,1,"[('496', np.float64(0.5037), -1), ('903', np.float64(0.2645), 0), ('643', np.float64(0.2476), 0), ('199', np.float64(0.2324), 0), ('660', np.float64(0.1987), 0), ('1268', np.float64(0.1941), 0), ('313', np.float64(0.1781), 0), ('468', np.float64(0.1717), 0), ('801', np.float64(0.1711), 0), ('38', np.float64(0.1705), 0)]",0.0,0.0,0.0,0.0028563973337744223
14,Vetorial,0,1,"[('64', np.float64(0.5207), 1), ('132', np.float64(0.3561), 0), ('170', np.float64(0.3531), 0), ('256', np.float64(0.3312), 0), ('1364', np.float64(0.3217), 0), ('345', np.float64(0.3173), 0), ('402', np.float64(0.3105), 0), ('335', np.float64(0.3058), 0), ('65', np.float64(0.2907), 4), ('411', np.float64(0.2866), 0)]",0.2,1.0,0.33333333333333337,0.6111111111111112
15,Vetorial,0,1,"[('462', np.float64(0.3204), 3), ('761', np.float64(0.2348), 0), ('1097', np.float64(0.233), 0), ('463', np.float64(0.1989), 1), ('1096', np.float64(0.1966), 0), ('1117', np.float64(0.1959), 0), ('866', np.float64(0.1958), 0), ('1025', np.float64(0.1881), 0), ('1099', np.float64(0.187), 0), ('553', np.float64(0.1848), 0)]",0.2,1.0,0.33333333333333337,0.75
16,Vetorial,0,1,"[('498', np.float64(0.4439), -1), ('106', np.float64(0.3369), 3), ('231', np.float64(0.2874), 0), ('1328', np.float64(0.2803), 0), ('1255', np.float64(0.2705), 0), ('1301', np.float64(0.2684), 0), ('248', np.float64(0.2526), 0), ('266', np.float64(0.2509), 2), ('410', np.float64(0.2416), 0), ('1112', np.float64(0.226), 0)]",0.2,0.6666666666666666,0.30769230769230765,0.2653846153846154
17,Vetorial,0,1,"[('1281', np.float64(0.3864), 0), ('1301', np.float64(0.3545), 0), ('445', np.float64(0.3508), 0), ('498', np.float64(0.3393), -1), ('700', np.float64(0.3359), 0), ('106', np.float64(0.3265), 2), ('1108', np.float64(0.3168), 0), ('410', np.float64(0.2883), 0), ('266', np.float64(0.2822), 0), ('987', np.float64(0.2709), 0)]",0.1,0.5,0.16666666666666669,0.09509803921568627
18,Vetorial,0,1,"[('492', np.float64(0.4864), 0), ('248', np.float64(0.4396), 0), ('197', np.float64(0.3981), 2), ('498', np.float64(0.3932), -1), ('354', np.float64(0.375), 0), ('1231', np.float64(0.3584), 0), ('1307', np.float64(0.3305), 0), ('122', np.float64(0.3279), 0), ('1115', np.float64(0.322), 0), ('56', np.float64(0.3032), 0)]",0.1,0.3333333333333333,0.15384615384615383,0.13347412038830175
19,Vetorial,0,1,"[('554', np.float64(0.2054), 0), ('82', np.float64(0.1831), 0), ('1346', np.float64(0.1748), 0), ('706', np.float64(0.1732), 0), ('803', np.float64(0.1708), 0), ('1000', np.float64(0.1685), 0), ('660', np.float64(0.1622), 0), ('434', np.float64(0.1586), 0), ('482', np.float64(0.1557), 0), ('164', np.float64(0.154), 2)]",0.1,0.1111111111111111,0.10526315789473685,0.04566283008418771
20,Vetorial,0,1,"[('500', np.float64(0.5142), -1), ('88', np.float64(0.2804), 3), ('268', np.float64(0.275), 3), ('87', np.float64(0.2391), 3), ('407', np.float64(0.2101), 3), ('450', np.float64(0.1942), 0), ('270', np.float64(0.1924), 3), ('584', np.float64(0.185), 0), ('120', np.float64(0.183), 0), ('190', np.float64(0.1773), 0)]",0.5,0.5555555555555556,0.5263157894736842,0.5802845302845303
21,Vetorial,0,1,"[('502', np.float64(0.3299), -1), ('68', np.float64(0.2738), 0), ('16', np.float64(0.2414), 2), ('17', np.float64(0.2318), 0), ('377', np.float64(0.2256), 0), ('628', np.float64(0.2137), 0), ('460', np.float64(0.2076), 0), ('1007', np.float64(0.2014), 0), ('302', np.float64(0.2012), 0), ('538', np.float64(0.1937), 0)]",0.1,0.25,0.14285714285714288,0.15922619047619047
22,Vetorial,0,1,"[('125', np.float64(0.3355), 0), ('560', np.float64(0.2975), 0), ('140', np.float64(0.2896), 0), ('151', np.float64(0.2812), 0), ('1147', np.float64(0.2789), 0), ('307', np.float64(0.2719), 0), ('16', np.float64(0.2682), 0), ('962', np.float64(0.2674), 0), ('413', np.float64(0.2614), 0), ('346', np.float64(0.2576), 0)]",0.0,0.0,0.0,0.000968054211035818
23,Vetorial,0,1,"[('892', np.float64(0.2838), -1), ('899', np.float64(0.2416), 3), ('1109', np.float64(0.196), 2), ('28', np.float64(0.1745), 0), ('1287', np.float64(0.1743), 0), ('251', np.float64(0.162), 0), ('1259', np.float64(0.1601), 2), ('902', np.float64(0.145), 1), ('202', np.float64(0.1446), 0), ('586', np.float64(0.1433), 0)]",0.4,0.125,0.19047619047619047,0.17295911093652197
24,Vetorial,0,1,"[('46', np.float64(0.297), 2), ('756', np.float64(0.2669), -1), ('612', np.float64(0.1972), 0), ('1034', np.float64(0.1889), 0), ('12', np.float64(0.1846), 0), ('47', np.float64(0.1782), 2), ('51', np.float64(0.1637), 0), ('1361', np.float64(0.1569), 0), ('833', np.float64(0.1486), 0), ('1242', np.float64(0.1471), 0)]",0.2,0.6666666666666666,0.30769230769230765,0.4666666666666666
25,Vetorial,0,1,"[('277', np.float64(0.3958), 3), ('214', np.float64(0.3399), 3), ('990', np.float64(0.2481), 0), ('772', np.float64(0.2359), 0), ('215', np.float64(0.214), 3), ('987', np.float64(0.2122), 0), ('121', np.float64(0.2104), 0), ('540', np.float64(0.2094), 0), ('216', np.float64(0.2066), 3), ('170', np.float64(0.2023), 0)]",0.4,0.4444444444444444,0.4210526315789474,0.46014125188738003
26,Vetorial,0,1,"[('382', np.float64(0.4312), 0), ('145', np.float64(0.3701), 1), ('307', np.float64(0.3513), 0), ('4', np.float64(0.3474), 0), ('611', np.float64(0.3129), 1), ('568', np.float64(0.2894), 0), ('629', np.float64(0.2833), 0), ('736', np.float64(0.282), 0), ('1355', np.float64(0.2774), 0), ('148', np.float64(0.2771), 0)]",0.2,0.3333333333333333,0.25,0.22835850825283224
27,Vetorial,0,1,"[('1176', np.float64(0.4184), 0), ('1031', np.float64(0.3616), 0), ('888', np.float64(0.2849), 0), ('1129', np.float64(0.2553), 0), ('1178', np.float64(0.2473), 0), ('838', np.float64(0.2311), 0), ('1133', np.float64(0.2265), 0), ('1293', np.float64(0.2264), 0), ('680', np.float64(0.2148), 0), ('512', np.float64(0.2135), -1)]",0.0,0.0,0.0,0.06834417655313177
28,Vetorial,0,1,"[('251', np.float64(0.2521), 0), ('1051', np.float64(0.2408), 0), ('1075', np.float64(0.2271), 0), ('680', np.float64(0.2244), 0), ('923', np.float64(0.2217), 0), ('921', np.float64(0.2135), 0), ('247', np.float64(0.2116), 0), ('698', np.float64(0.2056), 0), ('470', np.float64(0.2014), 0), ('920', np.float64(0.2009), 0)]",0.0,0.0,0.0,0.004513324095829066
29,Vetorial,0,1,"[('465', np.float64(0.4238), 4), ('420', np.float64(0.4172), 0), ('250', np.float64(0.3891), 2), ('612', np.float64(0.3661), 2), ('900', np.float64(0.3534), 0), ('222', np.float64(0.3332), 0), ('683', np.float64(0.3266), 0), ('211', np.float64(0.3213), 0), ('601', np.float64(0.3089), 0), ('797', np.float64(0.3061), 0)]",0.3,0.3333333333333333,0.3157894736842105,0.38740194974294473
30,Vetorial,0,1,"[('633', np.float64(0.2498), 0), ('513', np.float64(0.2306), -1), ('1197', np.float64(0.2193), 0), ('19', np.float64(0.2092), 0), ('683', np.float64(0.2061), 0), ('420', np.float64(0.2037), 0), ('147', np.float64(0.1995), 0), ('1058', np.float64(0.1951), 0), ('464', np.float64(0.1865), 2), ('602', np.float64(0.1846), 0)]",0.1,0.14285714285714285,0.11764705882352941,0.05973556521449346
31,Vetorial,0,1,"[('751', np.float64(0.3496), -1), ('247', np.float64(0.2136), 0), ('916', np.float64(0.1844), 0), ('68', np.float64(0.1723), 0), ('1245', np.float64(0.1621), 0), ('332', np.float64(0.162), 0), ('1341', np.float64(0.1549), 0), ('918', np.float64(0.1507), 0), ('228', np.float64(0.1502), 0), ('1153', np.float64(0.15), 0)]",0.0,0.0,0.0,0.0007905138339920949
32,Vetorial,0,1,"[('752', np.float64(0.484), -1), ('738', np.float64(0.2756), 0), ('382', np.float64(0.2428), 0), ('1112', np.float64(0.2395), 0), ('1259', np.float64(0.2279), 0), ('801', np.float64(0.2223), 0), ('27', np.float64(0.2109), 0), ('1135', np.float64(0.1992), 0), ('467', np.float64(0.1987), 0), ('242', np.float64(0.1938), 0)]",0.0,0.0,0.0,0.045248136788201505
33,Vetorial,0,1,"[('516', np.float64(0.3727), -1), ('431', np.float64(0.2592), 3), ('714', np.float64(0.2464), 0), ('141', np.float64(0.2448), 4), ('594', np.float64(0.2364), 0), ('800', np.float64(0.2153), 0), ('598', np.float64(0.2011), 0), ('808', np.float64(0.2001), 0), ('252', np.float64(0.1991), 3), ('672', np.float64(0.1988), 0)]",0.3,1.0,0.4615384615384615,0.4444444444444444
34,Vetorial,0,1,"[('610', np.float64(0.3208), 0), ('516', np.float64(0.3008), -1), ('1153', np.float64(0.294), 0), ('431', np.float64(0.2721), 3), ('252', np.float64(0.2651), 1), ('799', np.float64(0.2569), 3), ('1062', np.float64(0.235), 0), ('795', np.float64(0.2337), 0), ('175', np.float64(0.2318), 0), ('594', np.float64(0.2199), 0)]",0.3,0.5,0.37499999999999994,0.33055555555555555
35,Vetorial,0,1,"[('724', np.float64(0.2371), 0), ('1244', np.float64(0.22), 0), ('1208', np.float64(0.2078), 0), ('1203', np.float64(0.1717), 0), ('65', np.float64(0.167), 0), ('75', np.float64(0.1618), 0), ('1314', np.float64(0.1574), 0), ('1327', np.float64(0.1532), 0), ('1389', np.float64(0.1445), 0), ('488', np.float64(0.1394), 0)]",0.0,0.0,0.0,0.023696608187867712
36,Vetorial,0,1,"[('398', np.float64(0.252), 0), ('123', np.float64(0.2182), 0), ('120', np.float64(0.2148), 0), ('623', np.float64(0.2128), 0), ('5', np.float64(0.2106), 0), ('554', np.float64(0.2092), 0), ('168', np.float64(0.2085), 3), ('661', np.float64(0.2031), 0), ('546', np.float64(0.203), 0), ('550', np.float64(0.1957), 0)]",0.1,0.5,0.16666666666666669,0.08592132505175983
37,Vetorial,0,1,"[('186', np.float64(0.2675), 0), ('234', np.float64(0.2247), 0), ('188', np.float64(0.2213), 2), ('179', np.float64(0.2207), 0), ('176', np.float64(0.2197), 0), ('979', np.float64(0.2161), 0), ('1311', np.float64(0.2082), 0), ('461', np.float64(0.2016), 0), ('519', np.float64(0.1998), -1), ('1386', np.float64(0.1928), 0)]",0.1,0.1111111111111111,0.10526315789473685,0.15231229024037823
38,Vetorial,0,1,"[('536', np.float64(0.2902), -1), ('295', np.float64(0.2685), 0), ('979', np.float64(0.2546), 0), ('976', np.float64(0.2504), 0), ('1264', np.float64(0.249), 0), ('1141', np.float64(0.2483), 0), ('294', np.float64(0.2379), 0), ('272', np.float64(0.2329), 3), ('1205', np.float64(0.2203), 0), ('154', np.float64(0.2167), 0)]",0.1,0.1,0.10000000000000002,0.03823516492055897
39,Vetorial,0,1,"[('37', np.float64(0.2287), 0), ('272', np.float64(0.2284), 1), ('1205', np.float64(0.2166), 0), ('315', np.float64(0.2114), 0), ('207', np.float64(0.2096), 3), ('1264', np.float64(0.201), 0), ('295', np.float64(0.1924), 0), ('1278', np.float64(0.1856), 0), ('9', np.float64(0.1821), 0), ('346', np.float64(0.1757), 0)]",0.2,0.15384615384615385,0.17391304347826086,0.16865216194460578
40,Vetorial,0,1,"[('37', np.float64(0.2595), 0), ('536', np.float64(0.2535), -1), ('1141', np.float64(0.2248), 0), ('295', np.float64(0.1991), 0), ('272', np.float64(0.1902), 3), ('1205', np.float64(0.1876), 0), ('976', np.float64(0.1746), 3), ('979', np.float64(0.1692), 0), ('315', np.float64(0.1575), 0), ('294', np.float64(0.1553), 0)]",0.2,0.16666666666666666,0.1818181818181818,0.06333962992294163
41,Vetorial,0,1,"[('289', np.float64(0.6035), 1), ('433', np.float64(0.4405), 2), ('432', np.float64(0.3427), 0), ('927', np.float64(0.3158), 0), ('1141', np.float64(0.3079), 0), ('549', np.float64(0.2936), 0), ('1152', np.float64(0.2776), 0), ('229', np.float64(0.2768), 0), ('288', np.float64(0.2685), 1), ('126', np.float64(0.2564), 0)]",0.3,1.0,0.4615384615384615,0.7777777777777778
42,Vetorial,0,1,"[('521', np.float64(0.4867), -1), ('526', np.float64(0.4144), 0), ('440', np.float64(0.342), 0), ('503', np.float64(0.3377), 0), ('469', np.float64(0.3242), 3), ('468', np.float64(0.3219), 2), ('467', np.float64(0.3052), 3), ('801', np.float64(0.2856), 0), ('496', np.float64(0.2808), 0), ('404', np.float64(0.2739), 0)]",0.3,0.6,0.4,0.2146359265887637
43,Vetorial,0,1,"[('467', np.float64(0.2965), 1), ('503', np.float64(0.2746), 3), ('194', np.float64(0.2606), 0), ('39', np.float64(0.2544), 3), ('469', np.float64(0.2451), 1), ('404', np.float64(0.2387), 0), ('440', np.float64(0.2263), 0), ('468', np.float64(0.2233), 1), ('496', np.float64(0.2136), 0), ('526', np.float64(0.2116), 0)]",0.5,0.8333333333333334,0.625,0.7114583333333333
44,Vetorial,0,1,"[('1190', np.float64(0.2002), 0), ('583', np.float64(0.1657), 0), ('1031', np.float64(0.1618), 0), ('820', np.float64(0.1561), 0), ('1199', np.float64(0.151), 0), ('103', np.float64(0.1486), 0), ('232', np.float64(0.1434), 0), ('593', np.float64(0.1429), 0), ('27', np.float64(0.1398), 0), ('760', np.float64(0.139), 0)]",0.0,0.0,0.0,0.0017998055683297928
45,Vetorial,0,1,"[('305', np.float64(0.5097), 2), ('525', np.float64(0.4823), -1), ('540', np.float64(0.4055), 0), ('123', np.float64(0.3289), 0), ('1185', np.float64(0.3187), 3), ('84', np.float64(0.3094), 0), ('573', np.float64(0.2849), 0), ('37', np.float64(0.2841), 0), ('1311', np.float64(0.2832), 0), ('655', np.float64(0.2812), 0)]",0.2,0.16666666666666666,0.1818181818181818,0.19869973968353516
46,Vetorial,0,1,"[('525', np.float64(0.3645), -1), ('305', np.float64(0.355), 2), ('123', np.float64(0.352), 4), ('1185', np.float64(0.3373), 4), ('655', np.float64(0.3112), 0), ('84', np.float64(0.3091), 4), ('623', np.float64(0.2898), 3), ('37', np.float64(0.2887), 0), ('353', np.float64(0.2808), 0), ('803', np.float64(0.2704), 0)]",0.5,0.3333333333333333,0.4,0.2978486931801161
47,Vetorial,0,1,"[('568', np.float64(0.4141), 0), ('525', np.float64(0.398), -1), ('305', np.float64(0.3578), 3), ('570', np.float64(0.3374), 2), ('310', np.float64(0.3162), 2), ('1200', np.float64(0.3024), 0), ('540', np.float64(0.2934), 0), ('307', np.float64(0.2743), 2), ('304', np.float64(0.2732), 2), ('180', np.float64(0.2542), 0)]",0.5,0.35714285714285715,0.41666666666666663,0.33421455616621376
48,Vetorial,0,1,"[('526', np.float64(0.4798), -1), ('797', np.float64(0.3064), 3), ('1228', np.float64(0.2934), 0), ('334', np.float64(0.2568), 0), ('440', np.float64(0.2525), 3), ('683', np.float64(0.2127), 0), ('26', np.float64(0.2105), 0), ('638', np.float64(0.2065), 0), ('793', np.float64(0.2048), 0), ('707', np.float64(0.2011), 0)]",0.2,0.18181818181818182,0.1904761904761905,0.13230167151424732
49,Vetorial,0,1,"[('527', np.float64(0.5038), -1), ('321', np.float64(0.3954), 0), ('320', np.float64(0.3786), 3), ('322', np.float64(0.3662), 0), ('349', np.float64(0.3541), 0), ('377', np.float64(0.3397), 0), ('1235', np.float64(0.3024), 0), ('16', np.float64(0.2977), 0), ('1370', np.float64(0.2967), 0), ('150', np.float64(0.2938), 0)]",0.1,0.5,0.16666666666666669,0.1769759450171821
50,Vetorial,0,1,"[('192', np.float64(0.3597), 0), ('1301', np.float64(0.3381), 0), ('1112', np.float64(0.334), 0), ('801', np.float64(0.3147), 0), ('665', np.float64(0.2906), 0), ('273', np.float64(0.2875), 0), ('337', np.float64(0.2869), 0), ('1383', np.float64(0.2863), 0), ('494', np.float64(0.2858), 0), ('802', np.float64(0.2824), 0)]",0.0,0.0,0.0,0.015894862805604645
51,Vetorial,0,1,"[('494', np.float64(0.3773), 2), ('326', np.float64(0.3113), 4), ('1112', np.float64(0.2782), 0), ('23', np.float64(0.2713), 2), ('1301', np.float64(0.2707), 0), ('192', np.float64(0.2642), 3), ('94', np.float64(0.2457), 1), ('105', np.float64(0.2422), 2), ('528', np.float64(0.2343), -1), ('133', np.float64(0.2273), 0)]",0.6,0.6,0.6,0.5759545577373445
52,Vetorial,0,1,"[('550', np.float64(0.306), 0), ('326', np.float64(0.3023), 4), ('1215', np.float64(0.2909), 0), ('306', np.float64(0.2666), 2), ('22', np.float64(0.2551), 2), ('798', np.float64(0.2408), 0), ('21', np.float64(0.2407), 2), ('629', np.float64(0.2402), 0), ('251', np.float64(0.2325), 0), ('528', np.float64(0.2273), -1)]",0.4,1.0,0.5714285714285715,0.5428571428571429
53,Vetorial,0,1,"[('208', np.float64(0.4763), 4), ('269', np.float64(0.3326), 0), ('267', np.float64(0.329), 0), ('298', np.float64(0.3131), 4), ('61', np.float64(0.3108), 0), ('1221', np.float64(0.3037), 0), ('653', np.float64(0.2982), 0), ('1273', np.float64(0.2944), 0), ('1253', np.float64(0.2939), 0), ('1236', np.float64(0.291), 0)]",0.2,0.2,0.20000000000000004,0.23274363068944517
54,Vetorial,0,1,"[('123', np.float64(0.5304), -1), ('84', np.float64(0.4007), 2), ('1185', np.float64(0.3999), 0), ('525', np.float64(0.3794), 0), ('666', np.float64(0.3711), 0), ('784', np.float64(0.3386), 0), ('559', np.float64(0.3318), 0), ('44', np.float64(0.3318), 0), ('305', np.float64(0.3302), 0), ('623', np.float64(0.3244), 0)]",0.1,0.1111111111111111,0.10526315789473685,0.11970214569579223
55,Vetorial,0,1,"[('376', np.float64(0.3584), 4), ('4', np.float64(0.3102), 0), ('460', np.float64(0.2864), 2), ('1154', np.float64(0.27), 0), ('1301', np.float64(0.2644), 0), ('251', np.float64(0.2499), 0), ('562', np.float64(0.2478), 2), ('17', np.float64(0.2423), 0), ('899', np.float64(0.2405), 0), ('406', np.float64(0.2399), 0)]",0.3,0.3,0.3,0.2750356613114721
56,Vetorial,0,1,"[('753', np.float64(0.3408), -1), ('783', np.float64(0.2128), 0), ('14', np.float64(0.1953), 4), ('391', np.float64(0.1818), 0), ('878', np.float64(0.1789), 0), ('202', np.float64(0.1783), 0), ('1339', np.float64(0.1747), 3), ('1331', np.float64(0.1608), 0), ('1290', np.float64(0.1496), 0), ('1111', np.float64(0.1443), 0)]",0.2,0.2,0.20000000000000004,0.1340640825683873
57,Vetorial,0,1,"[('753', np.float64(0.3277), -1), ('878', np.float64(0.2462), 0), ('1275', np.float64(0.2374), 0), ('202', np.float64(0.2296), 0), ('380', np.float64(0.2219), 2), ('3', np.float64(0.2164), 0), ('916', np.float64(0.2149), 0), ('1181', np.float64(0.2101), 0), ('52', np.float64(0.2088), 0), ('444', np.float64(0.2031), 0)]",0.1,0.07142857142857142,0.08333333333333333,0.08045340677122627
58,Vetorial,0,1,"[('788', np.float64(0.383), 2), ('754', np.float64(0.3635), -1), ('120', np.float64(0.3544), 0), ('787', np.float64(0.3274), 3), ('269', np.float64(0.3176), 0), ('786', np.float64(0.3066), 3), ('873', np.float64(0.3042), 0), ('784', np.float64(0.2999), 4), ('963', np.float64(0.2957), 0), ('872', np.float64(0.2929), 0)]",0.4,0.4444444444444444,0.4210526315789474,0.41398094000433183
59,Vetorial,0,1,"[('382', np.float64(0.2291), 0), ('1055', np.float64(0.1984), 0), ('785', np.float64(0.1971), 3), ('629', np.float64(0.1912), 0), ('1154', np.float64(0.1911), 0), ('1084', np.float64(0.1897), 0), ('786', np.float64(0.1893), 3), ('105', np.float64(0.1892), 0), ('912', np.float64(0.1864), 0), ('381', np.float64(0.1847), 0)]",0.2,0.5,0.28571428571428575,0.17695968905646325
60,Vetorial,0,1,"[('527', np.float64(0.531), 3), ('320', np.float64(0.4492), 4), ('321', np.float64(0.4239), 0), ('322', np.float64(0.3793), -1), ('107', np.float64(0.3296), 0), ('11', np.float64(0.2812), 0), ('641', np.float64(0.2778), 0), ('350', np.float64(0.272), 0), ('730', np.float64(0.2646), 0), ('365', np.float64(0.2598), 0)]",0.2,0.4,0.26666666666666666,0.4790278562017692
61,Vetorial,0,1,"[('564', np.float64(0.3436), 3), ('1213', np.float64(0.3142), 0), ('566', np.float64(0.3107), 2), ('333', np.float64(0.2881), 0), ('539', np.float64(0.2872), -1), ('435', np.float64(0.2197), 0), ('565', np.float64(0.2122), 2), ('145', np.float64(0.2038), 0), ('1258', np.float64(0.2005), 0), ('907', np.float64(0.1888), 0)]",0.3,0.6,0.4,0.44956043956043945
62,Vetorial,0,1,"[('785', np.float64(0.3248), 0), ('787', np.float64(0.3083), 0), ('1383', np.float64(0.3058), 0), ('148', np.float64(0.302), 0), ('105', np.float64(0.2997), 0), ('459', np.float64(0.2989), 0), ('452', np.float64(0.2942), 0), ('381', np.float64(0.2893), 0), ('659', np.float64(0.2886), 0), ('1258', np.float64(0.273), 0)]",0.0,0.0,0.0,0.024969996302620943
63,Vetorial,0,1,"[('738', np.float64(0.3075), 0), ('1045', np.float64(0.283), 0), ('678', np.float64(0.2427), 0), ('839', np.float64(0.2263), 0), ('843', np.float64(0.2161), 0), ('1051', np.float64(0.2129), 0), ('491', np.float64(0.2081), 0), ('1046', np.float64(0.2055), 0), ('891', np.float64(0.2017), 0), ('1121', np.float64(0.2014), 0)]",0.0,0.0,0.0,0.025799086757990867
64,Vetorial,0,1,"[('914', np.float64(0.2333), 0), ('878', np.float64(0.2251), 0), ('52', np.float64(0.2192), 0), ('390', np.float64(0.2191), 1), ('482', np.float64(0.2132), 0), ('719', np.float64(0.2057), 0), ('202', np.float64(0.2055), 0), ('15', np.float64(0.2052), 0), ('730', np.float64(0.2033), 0), ('928', np.float64(0.1996), 0)]",0.1,0.5,0.16666666666666669,0.20192307692307693
65,Vetorial,0,1,"[('3', np.float64(0.5142), 2), ('388', np.float64(0.4648), -1), ('393', np.float64(0.4173), 3), ('4', np.float64(0.4025), 3), ('664', np.float64(0.3631), 2), ('569', np.float64(0.3597), 0), ('180', np.float64(0.3293), 3), ('1355', np.float64(0.3123), 0), ('1386', np.float64(0.2939), 0), ('1382', np.float64(0.2898), 0)]",0.5,0.3333333333333333,0.4,0.34712926176466696
66,Vetorial,0,1,"[('128', np.float64(0.373), 0), ('1182', np.float64(0.3212), 0), ('305', np.float64(0.3055), 0), ('191', np.float64(0.3026), 0), ('664', np.float64(0.2815), 2), ('97', np.float64(0.2669), 0), ('310', np.float64(0.261), 0), ('540', np.float64(0.2547), 0), ('375', np.float64(0.2536), 0), ('2', np.float64(0.2532), 0)]",0.1,0.2,0.13333333333333333,0.17346914523385112
67,Vetorial,0,1,"[('393', np.float64(0.4378), 3), ('4', np.float64(0.4286), 3), ('3', np.float64(0.4079), 1), ('664', np.float64(0.3683), 2), ('180', np.float64(0.3528), 1), ('458', np.float64(0.3176), 0), ('389', np.float64(0.3035), 3), ('309', np.float64(0.2989), 0), ('2', np.float64(0.296), 1), ('629', np.float64(0.2896), 2)]",0.8,0.5714285714285714,0.6666666666666666,0.6384173590896556
68,Vetorial,0,1,"[('628', np.float64(0.366), -1), ('343', np.float64(0.2334), 0), ('662', np.float64(0.2131), 2), ('364', np.float64(0.2046), 0), ('337', np.float64(0.2027), 0), ('338', np.float64(0.1952), 0), ('974', np.float64(0.1933), 0), ('365', np.float64(0.1888), 0), ('344', np.float64(0.1876), 0), ('1237', np.float64(0.1855), 0)]",0.1,0.2,0.13333333333333333,0.09276896271980803
69,Vetorial,0,1,"[('264', np.float64(0.2348), 0), ('1383', np.float64(0.2337), 0), ('664', np.float64(0.216), 0), ('540', np.float64(0.2157), -1), ('458', np.float64(0.2156), 2), ('105', np.float64(0.2133), 0), ('4', np.float64(0.2091), 0), ('1382', np.float64(0.2051), 0), ('1154', np.float64(0.2042), 0), ('117', np.float64(0.1981), 0)]",0.1,0.2,0.13333333333333333,0.07029616378453588
70,Vetorial,0,1,"[('540', np.float64(0.3867), -1), ('1149', np.float64(0.3852), 0), ('180', np.float64(0.3372), 0), ('300', np.float64(0.3337), 0), ('4', np.float64(0.3323), 0), ('62', np.float64(0.3267), 2), ('192', np.float64(0.3197), 0), ('1382', np.float64(0.3148), 0), ('1383', np.float64(0.3121), 0), ('349', np.float64(0.3076), 0)]",0.1,0.1,0.10000000000000002,0.05878943729075532
71,Vetorial,0,1,"[('540', np.float64(0.3708), -1), ('305', np.float64(0.3662), 0), ('63', np.float64(0.3519), 0), ('573', np.float64(0.3166), 0), ('1253', np.float64(0.2944), 0), ('570', np.float64(0.2742), 0), ('537', np.float64(0.2714), 0), ('170', np.float64(0.2703), 0), ('310', np.float64(0.2684), 0), ('525', np.float64(0.2647), 0)]",0.0,0.0,0.0,0.04618331777087706
72,Vetorial,0,1,"[('1078', np.float64(0.2633), 0), ('63', np.float64(0.2384), 0), ('139', np.float64(0.2333), 0), ('689', np.float64(0.2059), 0), ('540', np.float64(0.2027), 0), ('193', np.float64(0.2014), 0), ('668', np.float64(0.1987), 0), ('666', np.float64(0.1946), 0), ('1395', np.float64(0.1931), 0), ('315', np.float64(0.191), 0)]",0.0,0.0,0.0,0.05056553765543233
73,Vetorial,0,1,"[('332', np.float64(0.4053), 2), ('573', np.float64(0.3262), 3), ('541', np.float64(0.2836), -1), ('572', np.float64(0.2215), 2), ('410', np.float64(0.2196), 0), ('401', np.float64(0.2153), 2), ('1112', np.float64(0.2097), 0), ('577', np.float64(0.2082), 4), ('160', np.float64(0.2029), 3), ('1310', np.float64(0.2025), 0)]",0.6,0.3,0.4,0.3661140367339182
74,Vetorial,0,1,"[('625', np.float64(0.3087), 0), ('26', np.float64(0.2957), 0), ('1153', np.float64(0.2955), 0), ('876', np.float64(0.2697), 0), ('372', np.float64(0.2389), 0), ('68', np.float64(0.2378), 0), ('493', np.float64(0.2337), 0), ('656', np.float64(0.2334), 2), ('1143', np.float64(0.2229), 0), ('317', np.float64(0.2215), 4)]",0.2,0.3333333333333333,0.25,0.1243473030237736
75,Vetorial,0,1,"[('565', np.float64(0.2557), 0), ('324', np.float64(0.2206), 3), ('55', np.float64(0.2194), 0), ('584', np.float64(0.2179), 0), ('73', np.float64(0.2149), 0), ('872', np.float64(0.2059), 0), ('50', np.float64(0.2042), 0), ('306', np.float64(0.2028), 0), ('559', np.float64(0.2021), 0), ('49', np.float64(0.1972), 0)]",0.1,0.2,0.13333333333333333,0.13040675345855118
76,Vetorial,0,1,"[('630', np.float64(0.315), -1), ('565', np.float64(0.3049), 0), ('666', np.float64(0.2738), 3), ('667', np.float64(0.2464), 2), ('1157', np.float64(0.2412), 0), ('50', np.float64(0.2411), 0), ('1274', np.float64(0.2367), 0), ('668', np.float64(0.2357), 0), ('9', np.float64(0.2354), 0), ('1319', np.float64(0.2311), 0)]",0.2,0.2857142857142857,0.23529411764705882,0.15927015498015687
77,Vetorial,0,1,"[('667', np.float64(0.3451), 3), ('329', np.float64(0.3195), 4), ('1264', np.float64(0.3101), 0), ('1395', np.float64(0.2952), 0), ('170', np.float64(0.2847), 0), ('134', np.float64(0.2813), 0), ('1391', np.float64(0.2797), 4), ('668', np.float64(0.2712), 2), ('504', np.float64(0.2633), 0), ('630', np.float64(0.2557), -1)]",0.4,0.6666666666666666,0.5,0.5658008658008657
78,Vetorial,0,1,"[('589', np.float64(0.3144), 3), ('216', np.float64(0.3027), 0), ('543', np.float64(0.285), -1), ('591', np.float64(0.2478), 0), ('237', np.float64(0.2406), 0), ('138', np.float64(0.1983), 0), ('935', np.float64(0.1892), 0), ('592', np.float64(0.1754), 0), ('214', np.float64(0.1701), 0), ('578', np.float64(0.1658), 0)]",0.1,0.3333333333333333,0.15384615384615383,0.4708624708624709
79,Vetorial,0,1,"[('544', np.float64(0.311), -1), ('567', np.float64(0.2782), 0), ('199', np.float64(0.2739), 0), ('196', np.float64(0.2572), 0), ('175', np.float64(0.2567), 0), ('19', np.float64(0.2409), 0), ('755', np.float64(0.2316), 0), ('597', np.float64(0.2294), 3), ('657', np.float64(0.2273), 0), ('748', np.float64(0.2248), 0)]",0.1,0.2,0.13333333333333333,0.056542228170095334
80,Vetorial,0,1,"[('544', np.float64(0.2648), -1), ('604', np.float64(0.2146), 0), ('546', np.float64(0.2071), 0), ('606', np.float64(0.1491), 0), ('790', np.float64(0.1418), 0), ('878', np.float64(0.1405), 0), ('917', np.float64(0.1393), 0), ('599', np.float64(0.1392), 0), ('1333', np.float64(0.1378), 0), ('602', np.float64(0.1369), 0)]",0.0,0.0,0.0,0.036925566854550965
81,Vetorial,0,1,"[('714', np.float64(0.3017), 0), ('1153', np.float64(0.2335), 0), ('203', np.float64(0.2324), 0), ('799', np.float64(0.2249), 4), ('594', np.float64(0.2214), 0), ('672', np.float64(0.217), 1), ('631', np.float64(0.2025), -1), ('755', np.float64(0.2009), 0), ('652', np.float64(0.1984), 0), ('876', np.float64(0.1916), 0)]",0.2,1.0,0.33333333333333337,0.29166666666666663
82,Vetorial,0,1,"[('678', np.float64(0.3184), 3), ('1334', np.float64(0.2839), 0), ('1339', np.float64(0.27), 0), ('1332', np.float64(0.2349), 0), ('677', np.float64(0.2288), 2), ('632', np.float64(0.228), -1), ('676', np.float64(0.225), 2), ('699', np.float64(0.2228), 0), ('465', np.float64(0.2211), 0), ('1289', np.float64(0.2095), 0)]",0.3,0.6,0.4,0.38709475709475705
83,Vetorial,0,1,"[('1275', np.float64(0.3536), 0), ('428', np.float64(0.2826), 0), ('753', np.float64(0.2798), 0), ('680', np.float64(0.2728), 2), ('224', np.float64(0.2418), 0), ('232', np.float64(0.219), 0), ('512', np.float64(0.2076), 0), ('236', np.float64(0.2042), 0), ('1053', np.float64(0.1972), 0), ('380', np.float64(0.196), 0)]",0.1,0.25,0.14285714285714288,0.06910304678794231
84,Vetorial,0,1,"[('294', np.float64(0.337), 3), ('522', np.float64(0.2906), 4), ('398', np.float64(0.2856), 0), ('21', np.float64(0.2853), 0), ('142', np.float64(0.276), 3), ('872', np.float64(0.2741), 0), ('688', np.float64(0.2647), 0), ('378', np.float64(0.2642), 0), ('873', np.float64(0.2627), 4), ('554', np.float64(0.2617), 0)]",0.4,0.36363636363636365,0.380952380952381,0.3663128511362547
85,Vetorial,0,1,"[('294', np.float64(0.2728), 0), ('418', np.float64(0.2344), 0), ('272', np.float64(0.222), 0), ('295', np.float64(0.2199), 0), ('315', np.float64(0.2181), 0), ('40', np.float64(0.1975), 0), ('1155', np.float64(0.1963), 0), ('1278', np.float64(0.1933), 0), ('1153', np.float64(0.1915), 0), ('431', np.float64(0.1899), 0)]",0.0,0.0,0.0,0.015359950712948203
86,Vetorial,0,1,"[('755', np.float64(0.486), -1), ('594', np.float64(0.4585), 3), ('431', np.float64(0.3506), 0), ('188', np.float64(0.2456), 0), ('179', np.float64(0.2268), 0), ('790', np.float64(0.2264), 3), ('1155', np.float64(0.2054), 0), ('516', np.float64(0.1982), 0), ('280', np.float64(0.1876), 0), ('598', np.float64(0.1852), 0)]",0.2,1.0,0.33333333333333337,0.41666666666666663
87,Vetorial,0,1,"[('547', np.float64(0.3215), -1), ('439', np.float64(0.313), 0), ('334', np.float64(0.3105), 0), ('26', np.float64(0.3), 0), ('1198', np.float64(0.2905), 0), ('903', np.float64(0.2776), 0), ('667', np.float64(0.2748), 0), ('1364', np.float64(0.2745), 0), ('569', np.float64(0.2699), 0), ('797', np.float64(0.2646), 0)]",0.0,0.0,0.0,0.013957506436349036
88,Vetorial,0,1,"[('613', np.float64(0.5189), 2), ('548', np.float64(0.466), -1), ('615', np.float64(0.4335), 2), ('622', np.float64(0.3919), 0), ('614', np.float64(0.3889), 2), ('617', np.float64(0.3689), 3), ('616', np.float64(0.3553), 3), ('618', np.float64(0.3018), 4), ('619', np.float64(0.2465), 0), ('162', np.float64(0.2387), 0)]",0.6,1.0,0.7499999999999999,0.7329365079365079
89,Vetorial,0,1,"[('793', np.float64(0.2636), 2), ('632', np.float64(0.2603), 0), ('420', np.float64(0.2596), 4), ('52', np.float64(0.2593), 0), ('464', np.float64(0.2584), 0), ('924', np.float64(0.2574), 0), ('200', np.float64(0.2561), 0), ('699', np.float64(0.241), 0), ('794', np.float64(0.2396), 2), ('250', np.float64(0.2388), 0)]",0.3,0.5,0.37499999999999994,0.3780655320289466
90,Vetorial,0,1,"[('358', np.float64(0.3467), 0), ('265', np.float64(0.2943), 0), ('311', np.float64(0.2559), 3), ('457', np.float64(0.2459), 0), ('187', np.float64(0.2361), 0), ('291', np.float64(0.2282), 3), ('411', np.float64(0.2275), 0), ('1225', np.float64(0.2135), 0), ('72', np.float64(0.2129), 0), ('1187', np.float64(0.2108), 4)]",0.3,0.23076923076923078,0.2608695652173913,0.1635710015939861
91,Vetorial,0,1,"[('610', np.float64(0.2931), 0), ('252', np.float64(0.274), 2), ('526', np.float64(0.2088), 0), ('799', np.float64(0.2067), 3), ('672', np.float64(0.1923), 4), ('468', np.float64(0.1861), 0), ('1062', np.float64(0.1841), 0), ('879', np.float64(0.1815), 0), ('801', np.float64(0.178), 2), ('431', np.float64(0.1757), 0)]",0.4,0.4444444444444444,0.4210526315789474,0.2856297893835805
92,Vetorial,0,1,"[('810', np.float64(0.282), 4), ('758', np.float64(0.266), -1), ('1247', np.float64(0.2659), 3), ('806', np.float64(0.2565), 4), ('809', np.float64(0.2455), 3), ('804', np.float64(0.2402), 4), ('1252', np.float64(0.2296), 0), ('1331', np.float64(0.2028), 0), ('808', np.float64(0.2008), 3), ('807', np.float64(0.1968), 4)]",0.7,0.5384615384615384,0.608695652173913,0.5656797993026526
93,Vetorial,0,1,"[('635', np.float64(0.6183), -1), ('691', np.float64(0.3437), 3), ('68', np.float64(0.2453), 0), ('302', np.float64(0.2038), 0), ('355', np.float64(0.2036), 0), ('1336', np.float64(0.1946), 0), ('1072', np.float64(0.1918), 0), ('1241', np.float64(0.1866), 0), ('144', np.float64(0.1826), 0), ('1314', np.float64(0.1798), 0)]",0.1,1.0,0.18181818181818182,0.5
94,Vetorial,0,1,"[('559', np.float64(0.5008), 3), ('1393', np.float64(0.4598), 3), ('283', np.float64(0.4013), 3), ('101', np.float64(0.3682), 4), ('1104', np.float64(0.363), 4), ('366', np.float64(0.3432), 0), ('1161', np.float64(0.3425), 4), ('365', np.float64(0.3375), 0), ('983', np.float64(0.3372), 0), ('84', np.float64(0.3127), 0)]",0.6,0.5,0.5454545454545454,0.6200783832904087
95,Vetorial,0,1,"[('662', np.float64(0.2932), 4), ('554', np.float64(0.2158), 0), ('1258', np.float64(0.2137), 0), ('123', np.float64(0.2057), 0), ('872', np.float64(0.205), 0), ('535', np.float64(0.2046), 0), ('553', np.float64(0.2009), 0), ('398', np.float64(0.196), 0), ('628', np.float64(0.1922), 0), ('260', np.float64(0.1829), 0)]",0.1,0.5,0.16666666666666669,0.5555555555555556
96,Vetorial,0,1,"[('698', np.float64(0.411), 4), ('637', np.float64(0.3869), -1), ('699', np.float64(0.3333), 4), ('680', np.float64(0.3051), 0), ('899', np.float64(0.2975), 0), ('779', np.float64(0.2824), 3), ('465', np.float64(0.2705), 0), ('712', np.float64(0.2693), 0), ('803', np.float64(0.2651), 0), ('892', np.float64(0.264), 0)]",0.3,0.23076923076923078,0.2608695652173913,0.281270685867463
97,Vetorial,0,1,"[('1331', np.float64(0.3683), 0), ('882', np.float64(0.3007), 0), ('1289', np.float64(0.256), 4), ('781', np.float64(0.2183), 0), ('779', np.float64(0.2163), 3), ('495', np.float64(0.1998), 0), ('251', np.float64(0.1983), 0), ('783', np.float64(0.19), 0), ('1391', np.float64(0.1806), 0), ('1270', np.float64(0.1773), 0)]",0.2,0.2,0.20000000000000004,0.12301804600981814
98,Vetorial,0,1,"[('673', np.float64(0.3119), 0), ('638', np.float64(0.2667), -1), ('792', np.float64(0.1855), 0), ('1163', np.float64(0.182), 0), ('1343', np.float64(0.1785), 0), ('1091', np.float64(0.1598), 0), ('189', np.float64(0.1506), 0), ('315', np.float64(0.1488), 0), ('409', np.float64(0.1484), 0), ('631', np.float64(0.1361), 0)]",0.0,0.0,0.0,0.018028902581187865
99,Vetorial,0,1,"[('639', np.float64(0.4688), -1), ('719', np.float64(0.2948), 2), ('715', np.float64(0.2178), 0), ('716', np.float64(0.2003), 0), ('376', np.float64(0.1813), 0), ('1348', np.float64(0.1729), 0), ('414', np.float64(0.1681), 0), ('403', np.float64(0.1632), 0), ('717', np.float64(0.1527), 2), ('962', np.float64(0.1507), 0)]",0.2,0.5,0.28571428571428575,0.2040467702232408
100,Vetorial,0,1,"[('760', np.float64(0.4999), -1), ('1122', np.float64(0.4642), 2), ('822', np.float64(0.4541), 2), ('1126', np.float64(0.4368), 0), ('897', np.float64(0.436), 0), ('1068', np.float64(0.4176), 0), ('739', np.float64(0.4168), 0), ('1171', np.float64(0.415), 0), ('741', np.float64(0.4095), 0), ('1013', np.float64(0.4077), 0)]",0.2,0.2222222222222222,0.2105263157894737,0.20626189148989404
101,Vetorial,0,1,"[('820', np.float64(0.4018), 3), ('817', np.float64(0.3976), 2), ('819', np.float64(0.3776), 2), ('1119', np.float64(0.3241), 0), ('818', np.float64(0.3241), 2), ('825', np.float64(0.2914), 3), ('823', np.float64(0.2861), 0), ('760', np.float64(0.2682), -1), ('837', np.float64(0.2583), 0), ('826', np.float64(0.2421), 0)]",0.5,0.8333333333333334,0.625,0.8122222222222222
102,Vetorial,0,1,"[('910', np.float64(0.2392), 3), ('516', np.float64(0.1656), 0), ('1092', np.float64(0.1653), 0), ('660', np.float64(0.1567), 0), ('728', np.float64(0.1548), 1), ('1339', np.float64(0.1457), 0), ('729', np.float64(0.1452), -1), ('286', np.float64(0.1415), 0), ('1001', np.float64(0.1392), 0), ('12', np.float64(0.1354), 0)]",0.2,0.5,0.28571428571428575,0.36554856743535985
103,Vetorial,0,1,"[('761', np.float64(0.4935), -1), ('770', np.float64(0.3265), 0), ('720', np.float64(0.3226), 0), ('1048', np.float64(0.3149), 0), ('1214', np.float64(0.3006), 0), ('1127', np.float64(0.2973), 0), ('1049', np.float64(0.2923), 0), ('956', np.float64(0.2656), 0), ('1050', np.float64(0.2652), 0), ('1126', np.float64(0.2543), 0)]",0.0,0.0,0.0,0.02402745995423341
104,Vetorial,0,1,"[('762', np.float64(0.332), -1), ('462', np.float64(0.2788), 0), ('1177', np.float64(0.2701), 0), ('29', np.float64(0.2558), 0), ('644', np.float64(0.2514), 0), ('1024', np.float64(0.2473), 0), ('744', np.float64(0.2312), 0), ('1055', np.float64(0.2212), 0), ('1023', np.float64(0.2194), 0), ('826', np.float64(0.2141), 0)]",0.0,0.0,0.0,0.022389621250779364
105,Vetorial,0,1,"[('848', np.float64(0.4924), 3), ('764', np.float64(0.4754), -1), ('847', np.float64(0.2978), 4), ('846', np.float64(0.2757), 4), ('1068', np.float64(0.2589), 0), ('743', np.float64(0.2437), 0), ('1071', np.float64(0.2434), 0), ('763', np.float64(0.2382), 0), ('953', np.float64(0.2372), 0), ('739', np.float64(0.2362), 0)]",0.3,0.6,0.4,0.526662950575994
106,Vetorial,0,1,"[('847', np.float64(0.3132), 2), ('848', np.float64(0.3061), 0), ('1036', np.float64(0.3037), 0), ('908', np.float64(0.2957), 0), ('930', np.float64(0.2949), 0), ('764', np.float64(0.2727), -1), ('890', np.float64(0.2696), 0), ('844', np.float64(0.2596), 4), ('886', np.float64(0.2538), 0), ('953', np.float64(0.2471), 0)]",0.2,0.4,0.26666666666666666,0.30225517725517725
107,Vetorial,0,1,"[('640', np.float64(0.3677), -1), ('909', np.float64(0.2915), 4), ('725', np.float64(0.2897), 2), ('883', np.float64(0.2606), 0), ('51', np.float64(0.2448), 0), ('12', np.float64(0.2327), 0), ('220', np.float64(0.2225), 0), ('811', np.float64(0.2032), 0), ('253', np.float64(0.1962), 0), ('219', np.float64(0.1936), 0)]",0.2,0.2857142857142857,0.23529411764705882,0.24101180990357712
108,Vetorial,0,1,"[('724', np.float64(0.427), 2), ('75', np.float64(0.4249), 3), ('726', np.float64(0.3902), 2), ('884', np.float64(0.3291), 0), ('883', np.float64(0.3045), 0), ('768', np.float64(0.3027), 0), ('720', np.float64(0.284), 4), ('1244', np.float64(0.2598), 0), ('640', np.float64(0.2463), -1), ('909', np.float64(0.2384), 3)]",0.5,0.7142857142857143,0.588235294117647,0.726221397649969
109,Vetorial,0,1,"[('859', np.float64(0.4681), 0), ('1008', np.float64(0.4513), 0), ('658', np.float64(0.4365), 0), ('857', np.float64(0.4319), 0), ('856', np.float64(0.4166), 0), ('391', np.float64(0.4142), 0), ('627', np.float64(0.3921), 0), ('766', np.float64(0.3794), -1), ('864', np.float64(0.3718), 0), ('858', np.float64(0.366), 0)]",0.0,0.0,0.0,0.03540710436743803
110,Vetorial,0,1,"[('642', np.float64(0.3676), 0), ('862', np.float64(0.3529), 1), ('1131', np.float64(0.3365), 0), ('957', np.float64(0.3345), 0), ('739', np.float64(0.3305), 0), ('1173', np.float64(0.3202), 0), ('888', np.float64(0.3182), 0), ('15', np.float64(0.3175), 0), ('1177', np.float64(0.3145), 0), ('1013', np.float64(0.3101), 0)]",0.1,0.25,0.14285714285714288,0.1617145031528593
111,Vetorial,0,1,"[('894', np.float64(0.4408), -1), ('856', np.float64(0.4359), 0), ('857', np.float64(0.4286), 0), ('1008', np.float64(0.4206), 0), ('766', np.float64(0.4043), 0), ('627', np.float64(0.394), 3), ('859', np.float64(0.3828), 0), ('658', np.float64(0.3721), 3), ('391', np.float64(0.3673), 2), ('858', np.float64(0.3659), 0)]",0.3,0.42857142857142855,0.3529411764705882,0.24875480556595111
112,Vetorial,0,1,"[('641', np.float64(0.6212), -1), ('730', np.float64(0.4859), 4), ('733', np.float64(0.3708), 0), ('736', np.float64(0.3547), 0), ('734', np.float64(0.3438), 0), ('1045', np.float64(0.3399), 0), ('955', np.float64(0.3343), 0), ('735', np.float64(0.3322), 0), ('840', np.float64(0.3109), 0), ('422', np.float64(0.3094), 0)]",0.1,0.5,0.16666666666666669,0.3055555555555556
113,Vetorial,0,1,"[('748', np.float64(0.2138), 3), ('716', np.float64(0.2083), 0), ('638', np.float64(0.1955), 0), ('265', np.float64(0.1804), 3), ('1272', np.float64(0.1787), 0), ('815', np.float64(0.1776), 0), ('467', np.float64(0.1758), 0), ('801', np.float64(0.1743), 0), ('197', np.float64(0.1738), 0), ('708', np.float64(0.1734), 0)]",0.2,0.5,0.28571428571428575,0.392878726833199
114,Vetorial,0,1,"[('895', np.float64(0.4232), -1), ('712', np.float64(0.235), 0), ('917', np.float64(0.2294), 0), ('1333', np.float64(0.1959), 0), ('676', np.float64(0.1934), 0), ('918', np.float64(0.191), 0), ('757', np.float64(0.1858), 0), ('1246', np.float64(0.1852), 0), ('916', np.float64(0.1819), 2), ('666', np.float64(0.18), 0)]",0.1,0.25,0.14285714285714288,0.06918875515215293
115,Vetorial,0,1,"[('746', np.float64(0.2381), 0), ('184', np.float64(0.2191), -1), ('540', np.float64(0.2078), 0), ('872', np.float64(0.1904), 0), ('527', np.float64(0.1801), 0), ('422', np.float64(0.1709), 0), ('435', np.float64(0.1669), 0), ('102', np.float64(0.1637), 0), ('494', np.float64(0.1625), 0), ('12', np.float64(0.1591), 0)]",0.0,0.0,0.0,0.012248310629737484
116,Vetorial,0,1,"[('48', np.float64(0.383), 0), ('225', np.float64(0.3745), 0), ('1303', np.float64(0.3573), 0), ('522', np.float64(0.3534), 0), ('605', np.float64(0.3394), 3), ('423', np.float64(0.3309), 0), ('1038', np.float64(0.3194), 0), ('801', np.float64(0.2781), 0), ('58', np.float64(0.2669), 0), ('1192', np.float64(0.2664), 0)]",0.1,0.2,0.13333333333333333,0.056862172729153636
117,Vetorial,0,1,"[('229', np.float64(0.3286), 0), ('230', np.float64(0.309), 0), ('196', np.float64(0.3003), 0), ('60', np.float64(0.275), 0), ('782', np.float64(0.2702), 0), ('242', np.float64(0.2599), 0), ('1304', np.float64(0.2497), 0), ('924', np.float64(0.2463), 0), ('282', np.float64(0.2416), 0), ('927', np.float64(0.2393), 0)]",0.0,0.0,0.0,0.035625000000000004
118,Vetorial,0,1,"[('246', np.float64(0.5873), 0), ('803', np.float64(0.3231), 0), ('923', np.float64(0.314), 2), ('545', np.float64(0.3078), 0), ('1239', np.float64(0.3042), 0), ('520', np.float64(0.2871), 0), ('1062', np.float64(0.2739), 0), ('360', np.float64(0.2651), 0), ('1074', np.float64(0.2571), 0), ('1243', np.float64(0.2529), 0)]",0.1,0.3333333333333333,0.15384615384615383,0.1476154153499691
119,Vetorial,0,1,"[('926', np.float64(0.359), 4), ('928', np.float64(0.299), 0), ('1024', np.float64(0.2659), 0), ('1055', np.float64(0.2495), 0), ('830', np.float64(0.244), 0), ('763', np.float64(0.2413), 0), ('897', np.float64(0.2372), -1), ('1068', np.float64(0.2345), 0), ('1361', np.float64(0.2202), 0), ('533', np.float64(0.2164), 0)]",0.1,1.0,0.18181818181818182,1.0
120,Vetorial,0,1,"[('769', np.float64(0.4738), -1), ('887', np.float64(0.4458), 2), ('1146', np.float64(0.3442), 2), ('890', np.float64(0.3227), 2), ('897', np.float64(0.3192), 0), ('739', np.float64(0.3153), 0), ('885', np.float64(0.3008), 3), ('741', np.float64(0.2967), 0), ('888', np.float64(0.2894), 3), ('886', np.float64(0.287), 3)]",0.6,0.6666666666666666,0.631578947368421,0.4883264310184031
121,Vetorial,0,1,"[('1146', np.float64(0.3678), 2), ('887', np.float64(0.333), 1), ('769', np.float64(0.322), -1), ('888', np.float64(0.2962), 1), ('31', np.float64(0.2594), 0), ('957', np.float64(0.2453), 0), ('1177', np.float64(0.2439), 0), ('1178', np.float64(0.2416), 0), ('885', np.float64(0.2345), 1), ('642', np.float64(0.2255), 0)]",0.4,0.5714285714285714,0.47058823529411764,0.5526154233050785
122,Vetorial,0,1,"[('898', np.float64(0.3446), -1), ('1070', np.float64(0.2981), 0), ('930', np.float64(0.2954), 0), ('1068', np.float64(0.2554), 0), ('1059', np.float64(0.2518), 0), ('934', np.float64(0.2461), 4), ('828', np.float64(0.2415), 0), ('1071', np.float64(0.238), 0), ('251', np.float64(0.2373), 0), ('175', np.float64(0.2359), 0)]",0.1,0.1111111111111111,0.10526315789473685,0.10632864688550808
123,Vetorial,0,1,"[('941', np.float64(0.432), -1), ('1360', np.float64(0.271), 0), ('1221', np.float64(0.2463), 0), ('270', np.float64(0.2428), 0), ('112', np.float64(0.2137), 0), ('775', np.float64(0.2127), 0), ('740', np.float64(0.1976), 0), ('196', np.float64(0.1943), 0), ('537', np.float64(0.1863), 0), ('966', np.float64(0.1839), 2)]",0.1,0.5,0.16666666666666669,0.06612903225806452
124,Vetorial,0,1,"[('941', np.float64(0.3656), -1), ('898', np.float64(0.2258), 0), ('1068', np.float64(0.2166), 0), ('930', np.float64(0.2097), 0), ('934', np.float64(0.2081), 0), ('251', np.float64(0.2035), 0), ('1070', np.float64(0.2031), 0), ('828', np.float64(0.2023), 0), ('73', np.float64(0.1997), 0), ('442', np.float64(0.1964), 0)]",0.0,0.0,0.0,0.0032336953018724155
125,Vetorial,0,1,"[('997', np.float64(0.3664), 2), ('1195', np.float64(0.3033), 0), ('610', np.float64(0.3025), 0), ('176', np.float64(0.2862), 3), ('993', np.float64(0.2776), 0), ('695', np.float64(0.2769), 0), ('697', np.float64(0.2381), 0), ('519', np.float64(0.2363), 0), ('1352', np.float64(0.2338), 0), ('1292', np.float64(0.2256), 0)]",0.2,0.11764705882352941,0.14814814814814817,0.29013251407880375
126,Vetorial,0,1,"[('1326', np.float64(0.3645), 2), ('1288', np.float64(0.3274), 0), ('974', np.float64(0.2997), 2), ('1095', np.float64(0.2988), 0), ('1265', np.float64(0.233), 0), ('397', np.float64(0.2323), 0), ('773', np.float64(0.2244), 0), ('1083', np.float64(0.2077), 0), ('942', np.float64(0.2032), -1), ('1237', np.float64(0.2019), 0)]",0.2,0.25,0.22222222222222224,0.2258654422615621
127,Vetorial,0,1,"[('5', np.float64(0.3714), 0), ('6', np.float64(0.3434), 0), ('158', np.float64(0.3079), 0), ('981', np.float64(0.3073), 3), ('869', np.float64(0.2522), 0), ('395', np.float64(0.2254), 0), ('944', np.float64(0.2248), -1), ('872', np.float64(0.2178), 0), ('1073', np.float64(0.2175), 0), ('1207', np.float64(0.2159), 0)]",0.1,0.2,0.13333333333333333,0.11044291174401484
128,Vetorial,0,1,"[('945', np.float64(0.4654), -1), ('1063', np.float64(0.2742), 0), ('745', np.float64(0.2244), 0), ('92', np.float64(0.2154), 0), ('1219', np.float64(0.2121), 0), ('988', np.float64(0.1969), 0), ('248', np.float64(0.1866), 0), ('1087', np.float64(0.182), 0), ('111', np.float64(0.1537), 0), ('12', np.float64(0.1474), 0)]",0.0,0.0,0.0,0.02595853971748303
129,Vetorial,0,1,"[('945', np.float64(0.4052), -1), ('988', np.float64(0.3284), 3), ('987', np.float64(0.2609), 2), ('527', np.float64(0.2083), 0), ('1281', np.float64(0.1995), 0), ('637', np.float64(0.1975), 0), ('989', np.float64(0.1771), 3), ('4', np.float64(0.1719), 0), ('507', np.float64(0.1705), 0), ('3', np.float64(0.1648), 0)]",0.3,0.42857142857142855,0.3529411764705882,0.2940359151307082
130,Vetorial,0,1,"[('948', np.float64(0.4482), -1), ('859', np.float64(0.4273), 3), ('766', np.float64(0.4208), 2), ('1008', np.float64(0.3936), 3), ('391', np.float64(0.383), 0), ('856', np.float64(0.3667), 0), ('858', np.float64(0.3637), 3), ('658', np.float64(0.3469), 0), ('857', np.float64(0.3419), 0), ('627', np.float64(0.3266), 0)]",0.4,0.8,0.5333333333333333,0.4994339296517155
131,Vetorial,0,1,"[('1021', np.float64(0.4692), 0), ('1023', np.float64(0.4233), 0), ('950', np.float64(0.4144), -1), ('1026', np.float64(0.3643), 0), ('1025', np.float64(0.3641), 0), ('952', np.float64(0.3375), 0), ('1012', np.float64(0.3052), 4), ('1017', np.float64(0.3042), 3), ('1020', np.float64(0.3003), 2), ('1019', np.float64(0.2963), 3)]",0.4,0.5,0.4444444444444445,0.30305999373433584
132,Vetorial,0,1,"[('1026', np.float64(0.5027), 3), ('1013', np.float64(0.4926), 3), ('1021', np.float64(0.4591), 0), ('1015', np.float64(0.4585), 3), ('1023', np.float64(0.4289), 3), ('1020', np.float64(0.4274), 4), ('1014', np.float64(0.4151), 1), ('1028', np.float64(0.3961), 0), ('1017', np.float64(0.372), 3), ('951', np.float64(0.3667), 3)]",0.8,0.5333333333333333,0.64,0.6905935920928424
133,Vetorial,0,1,"[('1026', np.float64(0.5125), 0), ('1013', np.float64(0.5022), 0), ('1015', np.float64(0.4674), 0), ('1023', np.float64(0.4372), 0), ('1020', np.float64(0.4357), 1), ('1014', np.float64(0.4231), 0), ('1028', np.float64(0.4147), 0), ('951', np.float64(0.3966), 0), ('1021', np.float64(0.3633), 0), ('1029', np.float64(0.3439), 0)]",0.1,0.14285714285714285,0.11764705882352941,0.15791966238967564
134,Vetorial,0,1,"[('951', np.float64(0.4056), -1), ('1013', np.float64(0.3349), 0), ('1028', np.float64(0.3338), 3), ('1015', np.float64(0.3334), 0), ('1014', np.float64(0.3167), 0), ('1026', np.float64(0.3132), 0), ('1020', np.float64(0.3003), 0), ('1023', np.float64(0.2998), 0), ('1012', np.float64(0.2943), 0), ('1024', np.float64(0.2588), 0)]",0.1,0.5,0.16666666666666669,0.20512820512820512
135,Vetorial,0,1,"[('1026', np.float64(0.6073), 4), ('1023', np.float64(0.4971), 4), ('1020', np.float64(0.4945), 0), ('1017', np.float64(0.4812), 4), ('1015', np.float64(0.4754), 0), ('1013', np.float64(0.4689), 0), ('1029', np.float64(0.4625), 0), ('951', np.float64(0.451), -1), ('1012', np.float64(0.4328), 0), ('1024', np.float64(0.4249), 4)]",0.4,0.5,0.4444444444444445,0.5984943977591035
136,Vetorial,0,1,"[('951', np.float64(0.357), -1), ('1026', np.float64(0.3384), 0), ('1033', np.float64(0.3333), 0), ('1013', np.float64(0.3224), 0), ('1015', np.float64(0.3142), 0), ('1021', np.float64(0.3104), 1), ('1020', np.float64(0.3038), 0), ('1023', np.float64(0.2958), 0), ('1028', np.float64(0.2834), 0), ('1125', np.float64(0.2785), 0)]",0.1,0.3333333333333333,0.15384615384615383,0.08051099227569815
137,Vetorial,0,1,"[('952', np.float64(0.4942), -1), ('1023', np.float64(0.4048), 0), ('1026', np.float64(0.3978), 0), ('1021', np.float64(0.342), 3), ('1024', np.float64(0.2796), 0), ('1028', np.float64(0.2777), 0), ('1015', np.float64(0.2737), 0), ('1034', np.float64(0.2634), 3), ('1013', np.float64(0.2625), 0), ('1020', np.float64(0.2397), 0)]",0.2,0.5,0.28571428571428575,0.23532388663967613
138,Vetorial,0,1,"[('953', np.float64(0.4973), -1), ('847', np.float64(0.4634), 0), ('897', np.float64(0.45), 0), ('848', np.float64(0.4288), 0), ('844', np.float64(0.4038), 0), ('846', np.float64(0.3839), 1), ('826', np.float64(0.3808), 0), ('1068', np.float64(0.3637), 0), ('740', np.float64(0.3607), 0), ('889', np.float64(0.3599), 0)]",0.1,0.5,0.16666666666666669,0.11274509803921567
139,Vetorial,0,1,"[('897', np.float64(0.4616), 0), ('826', np.float64(0.4429), 0), ('847', np.float64(0.4344), 0), ('848', np.float64(0.4117), 0), ('844', np.float64(0.3973), 0), ('846', np.float64(0.3863), 0), ('953', np.float64(0.3784), -1), ('887', np.float64(0.3638), 0), ('1068', np.float64(0.3507), 0), ('743', np.float64(0.3239), 0)]",0.0,0.0,0.0,0.004401947393074697
140,Vetorial,0,1,"[('954', np.float64(0.4594), -1), ('922', np.float64(0.2281), 0), ('1038', np.float64(0.2138), 1), ('890', np.float64(0.208), 0), ('887', np.float64(0.2013), 0), ('1039', np.float64(0.1915), 1), ('870', np.float64(0.1904), 0), ('726', np.float64(0.1868), 0), ('497', np.float64(0.1843), 0), ('729', np.float64(0.1763), 0)]",0.2,0.3333333333333333,0.25,0.12756370248119578
141,Vetorial,0,1,"[('930', np.float64(0.2489), 0), ('889', np.float64(0.2437), 0), ('1043', np.float64(0.2397), 2), ('1038', np.float64(0.232), 1), ('890', np.float64(0.2265), 0), ('1044', np.float64(0.2202), 2), ('732', np.float64(0.22), 0), ('885', np.float64(0.2027), 0), ('828', np.float64(0.2018), 0), ('1068', np.float64(0.2008), 0)]",0.3,0.5,0.37499999999999994,0.2680107130571527
142,Vetorial,0,1,"[('954', np.float64(0.2563), -1), ('827', np.float64(0.2077), 0), ('1134', np.float64(0.1526), 0), ('887', np.float64(0.1495), 0), ('1136', np.float64(0.1381), 0), ('922', np.float64(0.1371), 0), ('1125', np.float64(0.1259), 0), ('885', np.float64(0.1253), 0), ('1135', np.float64(0.1228), 0), ('870', np.float64(0.1204), 0)]",0.0,0.0,0.0,0.07142857142857142
143,Vetorial,0,1,"[('930', np.float64(0.3594), 0), ('1043', np.float64(0.3329), 1), ('1044', np.float64(0.3099), 1), ('1068', np.float64(0.3059), 0), ('890', np.float64(0.3051), 0), ('889', np.float64(0.3018), 0), ('826', np.float64(0.2804), 0), ('1129', np.float64(0.2797), 0), ('1071', np.float64(0.2788), 0), ('828', np.float64(0.2632), 0)]",0.2,1.0,0.33333333333333337,0.5833333333333333
144,Vetorial,0,1,"[('1045', np.float64(0.3665), 2), ('955', np.float64(0.2993), -1), ('763', np.float64(0.2955), 3), ('839', np.float64(0.2739), 3), ('1340', np.float64(0.239), 0), ('786', np.float64(0.2313), 0), ('840', np.float64(0.2298), 2), ('838', np.float64(0.2149), 3), ('1046', np.float64(0.2129), 0), ('1363', np.float64(0.2115), 0)]",0.5,0.8333333333333334,0.625,0.6688492063492064
145,Vetorial,0,1,"[('1045', np.float64(0.3327), 3), ('839', np.float64(0.3132), 2), ('1051', np.float64(0.2906), 0), ('763', np.float64(0.2565), 2), ('838', np.float64(0.2512), 2), ('1046', np.float64(0.2248), 0), ('928', np.float64(0.2072), 0), ('1118', np.float64(0.203), 0), ('1126', np.float64(0.2012), 0), ('1121', np.float64(0.1992), 0)]",0.4,0.5714285714285714,0.47058823529411764,0.5515971606033717
146,Vetorial,0,1,"[('1045', np.float64(0.5407), 3), ('955', np.float64(0.5166), -1), ('840', np.float64(0.4452), 1), ('641', np.float64(0.3181), 0), ('854', np.float64(0.2834), 0), ('730', np.float64(0.2743), 0), ('1175', np.float64(0.217), 0), ('763', np.float64(0.2136), 0), ('839', np.float64(0.2056), 0), ('1046', np.float64(0.1788), 0)]",0.2,1.0,0.33333333333333337,0.8333333333333333
147,Vetorial,0,1,"[('956', np.float64(0.5819), -1), ('1049', np.float64(0.3978), 4), ('1050', np.float64(0.3231), 3), ('1128', np.float64(0.2639), 0), ('1358', np.float64(0.252), 0), ('1172', np.float64(0.2328), 0), ('1171', np.float64(0.2301), 0), ('843', np.float64(0.2295), 3), ('720', np.float64(0.2253), 0), ('1145', np.float64(0.2184), 0)]",0.3,0.3,0.3,0.23991824636572284
148,Vetorial,0,1,"[('1048', np.float64(0.5536), 2), ('956', np.float64(0.4172), -1), ('1126', np.float64(0.3517), 0), ('1050', np.float64(0.3449), 2), ('761', np.float64(0.3444), 0), ('720', np.float64(0.3276), 0), ('888', np.float64(0.3139), 0), ('1049', np.float64(0.3019), 3), ('642', np.float64(0.2864), 0), ('928', np.float64(0.2844), 0)]",0.3,0.5,0.37499999999999994,0.3771405102067964
149,Vetorial,0,1,"[('930', np.float64(0.3976), 3), ('1070', np.float64(0.326), 0), ('1058', np.float64(0.282), 3), ('926', np.float64(0.2571), 0), ('1059', np.float64(0.2418), 3), ('1044', np.float64(0.2405), 0), ('1068', np.float64(0.2365), 0), ('898', np.float64(0.2203), 0), ('633', np.float64(0.2195), 0), ('1361', np.float64(0.2186), 0)]",0.3,0.2727272727272727,0.28571428571428564,0.33759378418441455
150,Vetorial,0,1,"[('1062', np.float64(0.5334), -1), ('1074', np.float64(0.5167), 3), ('1075', np.float64(0.4474), 3), ('1108', np.float64(0.3574), 0), ('1259', np.float64(0.3476), 0), ('1243', np.float64(0.3047), 0), ('1202', np.float64(0.286), 0), ('124', np.float64(0.2849), 0), ('610', np.float64(0.2831), 0), ('1239', np.float64(0.2823), 0)]",0.2,1.0,0.33333333333333337,0.5833333333333333
151,Vetorial,0,1,"[('251', np.float64(0.2774), 0), ('678', np.float64(0.251), 0), ('1246', np.float64(0.2472), 0), ('433', np.float64(0.2414), 0), ('1062', np.float64(0.2324), -1), ('676', np.float64(0.2282), 0), ('52', np.float64(0.2269), 0), ('247', np.float64(0.2222), 0), ('794', np.float64(0.2191), 0), ('924', np.float64(0.2172), 0)]",0.0,0.0,0.0,0.03533193491771256
152,Vetorial,0,1,"[('671', np.float64(0.3532), 0), ('1225', np.float64(0.2918), 0), ('94', np.float64(0.2819), 0), ('678', np.float64(0.2709), 0), ('1365', np.float64(0.2631), 0), ('794', np.float64(0.2625), 0), ('333', np.float64(0.2555), 0), ('304', np.float64(0.2538), 0), ('1062', np.float64(0.2518), -1), ('247', np.float64(0.2511), 0)]",0.0,0.0,0.0,0.009402786200181876
153,Vetorial,0,1,"[('1063', np.float64(0.4892), -1), ('1085', np.float64(0.2989), 3), ('1081', np.float64(0.2808), 4), ('393', np.float64(0.2211), 0), ('281', np.float64(0.199), 0), ('394', np.float64(0.198), 0), ('323', np.float64(0.186), 0), ('1082', np.float64(0.1855), 4), ('329', np.float64(0.1778), 0), ('117', np.float64(0.174), 0)]",0.3,0.42857142857142855,0.3529411764705882,0.24466752245567644
154,Vetorial,0,1,"[('832', np.float64(0.4872), 0), ('1088', np.float64(0.3724), 3), ('1087', np.float64(0.3608), 2), ('1054', np.float64(0.301), 0), ('1262', np.float64(0.2543), 0), ('1055', np.float64(0.2249), 0), ('111', np.float64(0.2204), 0), ('159', np.float64(0.2155), 0), ('1063', np.float64(0.2077), -1), ('1086', np.float64(0.1975), 0)]",0.2,1.0,0.33333333333333337,0.5833333333333333
155,Vetorial,0,1,"[('553', np.float64(0.3323), 0), ('1099', np.float64(0.3096), 4), ('1100', np.float64(0.2471), 2), ('1097', np.float64(0.241), 0), ('1065', np.float64(0.2226), -1), ('810', np.float64(0.2189), 0), ('1101', np.float64(0.2076), 3), ('1241', np.float64(0.1767), 0), ('806', np.float64(0.1631), 0), ('805', np.float64(0.1616), 0)]",0.3,0.5,0.37499999999999994,0.2703165543850686
156,Vetorial,0,1,"[('553', np.float64(0.3647), 2), ('1097', np.float64(0.3529), 2), ('1099', np.float64(0.3498), 3), ('1096', np.float64(0.2765), 3), ('1100', np.float64(0.2688), 2), ('1098', np.float64(0.2012), 3), ('1065', np.float64(0.2006), -1), ('761', np.float64(0.1902), 0), ('1117', np.float64(0.1816), 0), ('866', np.float64(0.1678), 0)]",0.6,0.42857142857142855,0.5,0.5248397941454707
157,Vetorial,0,1,"[('1006', np.float64(0.4194), -1), ('318', np.float64(0.3507), 3), ('688', np.float64(0.3478), 0), ('498', np.float64(0.3362), 0), ('160', np.float64(0.3219), 3), ('25', np.float64(0.3191), 2), ('626', np.float64(0.3177), 2), ('1393', np.float64(0.299), 0), ('369', np.float64(0.2911), 3), ('372', np.float64(0.2827), 2)]",0.6,0.15384615384615385,0.2448979591836735,0.3527408360898288
158,Vetorial,0,1,"[('302', np.float64(0.302), 1), ('552', np.float64(0.2071), 2), ('691', np.float64(0.207), 0), ('1199', np.float64(0.2062), 0), ('328', np.float64(0.2026), 0), ('949', np.float64(0.1973), 0), ('462', np.float64(0.1938), 0), ('59', np.float64(0.1886), 0), ('1011', np.float64(0.1833), 1), ('251', np.float64(0.1789), 0)]",0.3,0.375,0.33333333333333326,0.32225843155659606
159,Vetorial,0,1,"[('1066', np.float64(0.4084), -1), ('1197', np.float64(0.3221), 0), ('1112', np.float64(0.2838), 3), ('801', np.float64(0.2463), 0), ('1115', np.float64(0.2348), 4), ('723', np.float64(0.2297), 0), ('844', np.float64(0.2205), 0), ('1339', np.float64(0.2186), 0), ('1259', np.float64(0.211), 0), ('498', np.float64(0.2107), 0)]",0.2,0.25,0.22222222222222224,0.13348717532290047
160,Vetorial,0,1,"[('1071', np.float64(0.5721), -1), ('885', np.float64(0.4356), 0), ('887', np.float64(0.4142), 0), ('890', np.float64(0.4039), 0), ('769', np.float64(0.3689), 0), ('739', np.float64(0.3654), 0), ('741', np.float64(0.3642), 0), ('897', np.float64(0.3301), 0), ('1172', np.float64(0.3261), 0), ('1052', np.float64(0.3238), 0)]",0.0,0.0,0.0,0.03140686517279462
161,Vetorial,0,1,"[('1386', np.float64(0.4135), 2), ('55', np.float64(0.3716), 4), ('1192', np.float64(0.3694), 0), ('145', np.float64(0.3611), 0), ('460', np.float64(0.3446), 0), ('959', np.float64(0.3335), 0), ('461', np.float64(0.3328), 0), ('54', np.float64(0.3233), 2), ('1366', np.float64(0.3212), 0), ('1185', np.float64(0.3192), 0)]",0.3,0.5,0.37499999999999994,0.4706386845614488
162,Vetorial,0,1,"[('55', np.float64(0.3563), 0), ('959', np.float64(0.3484), 0), ('559', np.float64(0.3302), 0), ('460', np.float64(0.3235), 2), ('145', np.float64(0.3084), 0), ('366', np.float64(0.3078), 0), ('1182', np.float64(0.2957), 0), ('1383', np.float64(0.2939), 0), ('365', np.float64(0.2865), 0), ('1366', np.float64(0.2809), 0)]",0.1,0.125,0.11111111111111112,0.15523504273504274
163,Vetorial,0,1,"[('492', np.float64(0.6458), -1), ('1231', np.float64(0.3685), 0), ('57', np.float64(0.3586), 3), ('56', np.float64(0.3523), 3), ('373', np.float64(0.351), 0), ('434', np.float64(0.3416), 0), ('232', np.float64(0.3197), 0), ('124', np.float64(0.3053), 0), ('1307', np.float64(0.3037), 0), ('37', np.float64(0.301), 0)]",0.2,0.6666666666666666,0.30769230769230765,0.2802347802347802
164,Vetorial,0,1,"[('358', np.float64(0.3029), 0), ('311', np.float64(0.288), 2), ('316', np.float64(0.2575), 4), ('503', np.float64(0.2525), -1), ('265', np.float64(0.2229), 0), ('187', np.float64(0.2208), 0), ('415', np.float64(0.2179), 3), ('457', np.float64(0.2172), 0), ('72', np.float64(0.2103), 0), ('1225', np.float64(0.2087), 0)]",0.3,0.375,0.33333333333333326,0.3196829706462276
165,Vetorial,0,1,"[('504', np.float64(0.3091), -1), ('335', np.float64(0.2535), 0), ('71', np.float64(0.2489), 1), ('569', np.float64(0.2415), 0), ('256', np.float64(0.2294), 0), ('1154', np.float64(0.2255), 0), ('1276', np.float64(0.2243), 0), ('563', np.float64(0.2222), 0), ('1076', np.float64(0.2217), 0), ('64', np.float64(0.2213), 0)]",0.1,0.5,0.16666666666666669,0.21666666666666667
166,Vetorial,0,1,"[('504', np.float64(0.3597), -1), ('256', np.float64(0.2909), 0), ('569', np.float64(0.2637), 0), ('1276', np.float64(0.2624), 0), ('1364', np.float64(0.2564), 0), ('1302', np.float64(0.2532), 0), ('55', np.float64(0.2483), 0), ('335', np.float64(0.2408), 0), ('1220', np.float64(0.2371), 0), ('71', np.float64(0.2357), 0)]",0.0,0.0,0.0,0.026059312824047446
167,Vetorial,0,1,"[('553', np.float64(0.5146), 0), ('1099', np.float64(0.4565), 0), ('1097', np.float64(0.3975), 0), ('1100', np.float64(0.3856), 0), ('1279', np.float64(0.3037), 0), ('1241', np.float64(0.2874), 0), ('1096', np.float64(0.2643), 0), ('1098', np.float64(0.2592), 0), ('1065', np.float64(0.25), 0), ('1101', np.float64(0.2325), 0)]",0.0,0.0,0.0,0.12237762237762238
168,Vetorial,0,1,"[('750', np.float64(0.5446), -1), ('965', np.float64(0.4344), 0), ('217', np.float64(0.4014), 1), ('341', np.float64(0.3884), 0), ('1187', np.float64(0.3655), 0), ('118', np.float64(0.3611), 0), ('136', np.float64(0.3504), 0), ('213', np.float64(0.3188), 0), ('970', np.float64(0.3081), 0), ('221', np.float64(0.3049), 0)]",0.1,0.5,0.16666666666666669,0.22549019607843135
169,Vetorial,0,1,"[('750', np.float64(0.4908), -1), ('965', np.float64(0.374), 0), ('217', np.float64(0.349), 0), ('118', np.float64(0.3297), 1), ('341', np.float64(0.3275), 0), ('136', np.float64(0.311), 0), ('1187', np.float64(0.2991), 0), ('127', np.float64(0.2914), 0), ('213', np.float64(0.2826), 0), ('970', np.float64(0.281), 0)]",0.1,0.25,0.14285714285714288,0.17953574203574205
170,Vetorial,0,1,"[('893', np.float64(0.3798), -1), ('238', np.float64(0.3444), 2), ('905', np.float64(0.2826), 0), ('904', np.float64(0.2688), 3), ('239', np.float64(0.2586), 3), ('139', np.float64(0.2308), 2), ('1082', np.float64(0.229), 0), ('140', np.float64(0.2004), 0), ('223', np.float64(0.1747), 0), ('906', np.float64(0.1624), 3)]",0.5,0.8333333333333334,0.625,0.4623044285335454
171,Vetorial,0,1,"[('516', np.float64(0.37), -1), ('431', np.float64(0.3457), 1), ('714', np.float64(0.2887), 0), ('594', np.float64(0.2628), 0), ('800', np.float64(0.251), 0), ('141', np.float64(0.2399), 4), ('1155', np.float64(0.2298), 0), ('755', np.float64(0.2277), 0), ('672', np.float64(0.2263), 0), ('252', np.float64(0.214), 1)]",0.3,1.0,0.4615384615384615,0.37777777777777777
172,Vetorial,0,1,"[('527', np.float64(0.6397), -1), ('320', np.float64(0.6201), 1), ('321', np.float64(0.434), 1), ('322', np.float64(0.4247), 3), ('476', np.float64(0.334), 3), ('478', np.float64(0.3232), 0), ('1370', np.float64(0.3031), 0), ('107', np.float64(0.2917), 0), ('1281', np.float64(0.2625), 0), ('540', np.float64(0.2496), 0)]",0.4,1.0,0.5714285714285715,0.6791666666666667
173,Vetorial,0,1,"[('532', np.float64(0.4888), -1), ('367', np.float64(0.3349), 1), ('451', np.float64(0.264), 1), ('917', np.float64(0.2012), 0), ('470', np.float64(0.191), 0), ('1073', np.float64(0.1878), 0), ('55', np.float64(0.1875), 0), ('1086', np.float64(0.1694), 0), ('73', np.float64(0.1694), 0), ('777', np.float64(0.1694), 0)]",0.2,1.0,0.33333333333333337,0.5833333333333333
174,Vetorial,0,1,"[('483', np.float64(0.4895), 0), ('411', np.float64(0.3158), 1), ('1274', np.float64(0.3038), 0), ('1319', np.float64(0.3034), 0), ('501', np.float64(0.2782), 0), ('1157', np.float64(0.2709), 0), ('523', np.float64(0.2553), 0), ('35', np.float64(0.2404), 0), ('1390', np.float64(0.2288), 0), ('1151', np.float64(0.2131), 0)]",0.1,0.2,0.13333333333333333,0.152796560484659
175,Vetorial,0,1,"[('941', np.float64(0.55), -1), ('1221', np.float64(0.3488), 0), ('270', np.float64(0.3055), 0), ('139', np.float64(0.2936), 0), ('668', np.float64(0.2563), 0), ('238', np.float64(0.2418), 0), ('34', np.float64(0.2412), 0), ('1078', np.float64(0.2386), 0), ('491', np.float64(0.2343), 0), ('112', np.float64(0.2233), 0)]",0.0,0.0,0.0,0.04030703928186643
176,Vetorial,0,1,"[('963', np.float64(0.3622), 0), ('542', np.float64(0.3128), -1), ('5', np.float64(0.2198), 0), ('1073', np.float64(0.1861), 0), ('869', np.float64(0.163), 0), ('606', np.float64(0.1607), 0), ('6', np.float64(0.1603), 0), ('981', np.float64(0.1541), 0), ('872', np.float64(0.1534), 0), ('1221', np.float64(0.1448), 0)]",0.0,0.0,0.0,0.05344514345288124
177,Vetorial,0,1,"[('589', np.float64(0.5416), 2), ('588', np.float64(0.477), 2), ('576', np.float64(0.3855), 0), ('590', np.float64(0.367), 4), ('543', np.float64(0.3393), -1), ('216', np.float64(0.2838), 0), ('578', np.float64(0.2732), 0), ('592', np.float64(0.2627), 3), ('138', np.float64(0.2491), 0), ('591', np.float64(0.2301), 0)]",0.4,0.8,0.5333333333333333,0.740909090909091
178,Vetorial,0,1,"[('591', np.float64(0.4794), 1), ('216', np.float64(0.3071), 0), ('589', np.float64(0.268), 4), ('138', np.float64(0.2411), 0), ('543', np.float64(0.2392), -1), ('592', np.float64(0.2108), 0), ('1155', np.float64(0.1984), 0), ('590', np.float64(0.1943), 3), ('214', np.float64(0.1911), 0), ('237', np.float64(0.1885), 0)]",0.3,0.75,0.4285714285714285,0.5729166666666666
179,Vetorial,0,1,"[('633', np.float64(0.3252), -1), ('680', np.float64(0.2921), 3), ('428', np.float64(0.2546), 0), ('224', np.float64(0.248), 0), ('682', np.float64(0.2467), 3), ('918', np.float64(0.2448), 0), ('227', np.float64(0.2378), 0), ('1047', np.float64(0.2108), 0), ('1330', np.float64(0.2096), 0), ('1080', np.float64(0.2034), 0)]",0.2,0.5,0.28571428571428575,0.2392749195085091
180,Vetorial,0,1,"[('548', np.float64(0.3702), -1), ('622', np.float64(0.2862), 2), ('613', np.float64(0.2337), 0), ('616', np.float64(0.2332), 4), ('314', np.float64(0.2047), 0), ('617', np.float64(0.2043), 4), ('1103', np.float64(0.1999), 0), ('218', np.float64(0.1913), 0), ('614', np.float64(0.1831), 0), ('882', np.float64(0.1549), 0)]",0.3,0.42857142857142855,0.3529411764705882,0.3222091317916745
181,Vetorial,0,1,"[('997', np.float64(0.4555), 3), ('610', np.float64(0.3927), 0), ('1195', np.float64(0.3622), 0), ('993', np.float64(0.3385), 0), ('695', np.float64(0.3376), 0), ('176', np.float64(0.3344), 0), ('1062', np.float64(0.3001), 0), ('697', np.float64(0.2903), 0), ('1352', np.float64(0.2785), 0), ('519', np.float64(0.2765), 0)]",0.1,0.2,0.13333333333333333,0.25182014260807833
182,Vetorial,0,1,"[('634', np.float64(0.6814), -1), ('685', np.float64(0.4886), 1), ('593', np.float64(0.3052), 0), ('686', np.float64(0.3034), 3), ('712', np.float64(0.2711), 0), ('70', np.float64(0.2533), 0), ('334', np.float64(0.2424), 0), ('1300', np.float64(0.242), 0), ('797', np.float64(0.2403), 0), ('26', np.float64(0.2282), 0)]",0.2,1.0,0.33333333333333337,0.5
183,Vetorial,0,1,"[('758', np.float64(0.2212), -1), ('1247', np.float64(0.221), 4), ('804', np.float64(0.2145), 4), ('809', np.float64(0.1886), 1), ('808', np.float64(0.1865), 1), ('1243', np.float64(0.1851), 4), ('88', np.float64(0.14), 0), ('806', np.float64(0.1352), 4), ('268', np.float64(0.1339), 0), ('810', np.float64(0.1333), 4)]",0.7,0.5384615384615384,0.608695652173913,0.5187012669443546
184,Vetorial,0,1,"[('554', np.float64(0.2943), 0), ('207', np.float64(0.2613), 0), ('82', np.float64(0.1976), 0), ('716', np.float64(0.1798), 3), ('687', np.float64(0.1788), 0), ('509', np.float64(0.1781), 0), ('715', np.float64(0.1778), 3), ('1217', np.float64(0.1757), 0), ('1348', np.float64(0.1754), 0), ('895', np.float64(0.1706), 0)]",0.2,0.2857142857142857,0.23529411764705882,0.14281967376914045
185,Vetorial,0,1,"[('856', np.float64(0.7041), 3), ('1008', np.float64(0.6451), 3), ('766', np.float64(0.62), 2), ('857', np.float64(0.6099), 2), ('391', np.float64(0.5789), 0), ('859', np.float64(0.575), 2), ('858', np.float64(0.5581), 2), ('948', np.float64(0.5402), -1), ('864', np.float64(0.5155), 0), ('658', np.float64(0.4789), 0)]",0.6,0.6666666666666666,0.631578947368421,0.7956738250855897
186,Vetorial,0,1,"[('1062', np.float64(0.3543), 3), ('610', np.float64(0.3118), 0), ('1243', np.float64(0.2935), 0), ('1074', np.float64(0.2743), 3), ('1075', np.float64(0.2736), 3), ('1239', np.float64(0.2515), 0), ('803', np.float64(0.2248), 0), ('923', np.float64(0.2204), 3), ('924', np.float64(0.2158), 3), ('520', np.float64(0.1906), 0)]",0.5,0.3125,0.38461538461538464,0.22902244433153815
187,Vetorial,0,1,"[('763', np.float64(0.5573), -1), ('841', np.float64(0.4754), 0), ('897', np.float64(0.4335), 0), ('1068', np.float64(0.4284), 0), ('1126', np.float64(0.4043), 0), ('1071', np.float64(0.3921), 0), ('887', np.float64(0.371), 0), ('839', np.float64(0.3696), 3), ('739', np.float64(0.3665), 0), ('953', np.float64(0.3663), 0)]",0.1,0.16666666666666666,0.125,0.08892120780105611
188,Vetorial,0,1,"[('725', np.float64(0.3507), 2), ('722', np.float64(0.2826), 2), ('909', np.float64(0.2609), 3), ('640', np.float64(0.2583), -1), ('781', np.float64(0.2153), 0), ('720', np.float64(0.2038), 0), ('1360', np.float64(0.2034), 0), ('911', np.float64(0.2021), 2), ('1331', np.float64(0.194), 0), ('209', np.float64(0.1926), 0)]",0.4,0.36363636363636365,0.380952380952381,0.4161194292783593
189,Vetorial,0,1,"[('767', np.float64(0.3889), -1), ('768', np.float64(0.2128), 0), ('883', np.float64(0.2078), 0), ('726', np.float64(0.2032), 0), ('865', np.float64(0.1988), 3), ('640', np.float64(0.1913), 0), ('75', np.float64(0.1681), 0), ('909', np.float64(0.1622), 0), ('870', np.float64(0.1618), 3), ('395', np.float64(0.1615), 2)]",0.3,0.3333333333333333,0.3157894736842105,0.143545644465155
190,Vetorial,0,1,"[('856', np.float64(0.3116), 0), ('1008', np.float64(0.2913), 0), ('390', np.float64(0.2773), 3), ('391', np.float64(0.2767), 1), ('766', np.float64(0.2718), 0), ('857', np.float64(0.2664), 0), ('627', np.float64(0.2649), 0), ('948', np.float64(0.2579), 0), ('15', np.float64(0.2517), 1), ('1339', np.float64(0.2474), 0)]",0.3,0.6,0.4,0.31481481481481477
191,Vetorial,0,1,"[('766', np.float64(0.3047), 0), ('856', np.float64(0.2807), 3), ('1008', np.float64(0.2742), 4), ('857', np.float64(0.2623), 2), ('391', np.float64(0.2609), 3), ('859', np.float64(0.2583), 0), ('948', np.float64(0.2461), 3), ('858', np.float64(0.2445), 2), ('627', np.float64(0.243), 0), ('658', np.float64(0.2359), 3)]",0.7,0.5384615384615384,0.608695652173913,0.567138259042307
192,Vetorial,0,1,"[('641', np.float64(0.2672), -1), ('925', np.float64(0.2563), 0), ('733', np.float64(0.2469), 1), ('734', np.float64(0.2319), 1), ('735', np.float64(0.22), 1), ('875', np.float64(0.165), 0), ('1170', np.float64(0.1602), 0), ('1175', np.float64(0.155), 0), ('1084', np.float64(0.142), 0), ('1173', np.float64(0.1395), 0)]",0.3,0.75,0.4285714285714285,0.38774509803921564
193,Vetorial,0,1,"[('730', np.float64(0.4147), 3), ('735', np.float64(0.4), 4), ('641', np.float64(0.3803), -1), ('733', np.float64(0.3799), 4), ('736', np.float64(0.3117), 4), ('648', np.float64(0.3039), 3), ('422', np.float64(0.2823), 3), ('400', np.float64(0.28), 0), ('425', np.float64(0.2402), 0), ('15', np.float64(0.2379), 0)]",0.6,0.6666666666666666,0.631578947368421,0.7197529549988565
194,Vetorial,0,1,"[('642', np.float64(0.5536), -1), ('888', np.float64(0.4583), 0), ('932', np.float64(0.4281), 0), ('1173', np.float64(0.3693), 0), ('957', np.float64(0.3616), 0), ('1126', np.float64(0.3491), 0), ('744', np.float64(0.3458), 3), ('1177', np.float64(0.3375), 0), ('1131', np.float64(0.3363), 0), ('739', np.float64(0.3355), 2)]",0.2,0.3333333333333333,0.25,0.1841946248196248
195,Vetorial,0,1,"[('642', np.float64(0.4919), -1), ('1173', np.float64(0.37), 0), ('888', np.float64(0.3666), 0), ('932', np.float64(0.3524), 0), ('1055', np.float64(0.3433), 0), ('739', np.float64(0.3343), 3), ('831', np.float64(0.3335), 0), ('744', np.float64(0.3276), 0), ('777', np.float64(0.3141), 0), ('1126', np.float64(0.297), 0)]",0.1,0.3333333333333333,0.15384615384615383,0.07013839084123569
196,Vetorial,0,1,"[('746', np.float64(0.3531), 3), ('184', np.float64(0.2836), -1), ('540', np.float64(0.2814), 0), ('435', np.float64(0.2552), 0), ('23', np.float64(0.2529), 0), ('494', np.float64(0.2521), 0), ('872', np.float64(0.2505), 0), ('73', np.float64(0.2452), 0), ('499', np.float64(0.2437), 0), ('395', np.float64(0.2437), 0)]",0.1,0.08333333333333333,0.0909090909090909,0.1171752083387963
197,Vetorial,0,1,"[('884', np.float64(0.4323), 3), ('881', np.float64(0.3268), 2), ('768', np.float64(0.2828), -1), ('726', np.float64(0.2652), 0), ('723', np.float64(0.2413), 0), ('1168', np.float64(0.2157), 0), ('865', np.float64(0.2051), 0), ('909', np.float64(0.2008), 0), ('883', np.float64(0.1996), 3), ('746', np.float64(0.1869), 0)]",0.3,1.0,0.4615384615384615,0.7777777777777778
198,Vetorial,0,1,"[('889', np.float64(0.4056), 2), ('897', np.float64(0.3869), 0), ('739', np.float64(0.3862), 0), ('887', np.float64(0.3551), 2), ('890', np.float64(0.3509), 0), ('1068', np.float64(0.3445), 0), ('740', np.float64(0.3357), 0), ('743', np.float64(0.3354), 0), ('1126', np.float64(0.3225), 0), ('886', np.float64(0.3212), 0)]",0.2,0.5,0.28571428571428575,0.45338589981447125
199,Vetorial,0,1,"[('930', np.float64(0.3276), 0), ('1070', np.float64(0.3162), 0), ('1058', np.float64(0.229), 0), ('739', np.float64(0.2273), 0), ('1055', np.float64(0.2235), 2), ('1059', np.float64(0.2135), 0), ('1294', np.float64(0.2099), 0), ('926', np.float64(0.2055), 0), ('931', np.float64(0.2045), 0), ('1044', np.float64(0.1985), 0)]",0.1,0.125,0.11111111111111112,0.0998830644663978
200,Vetorial,0,1,"[('1071', np.float64(0.3314), -1), ('1134', np.float64(0.2278), 2), ('885', np.float64(0.2237), 0), ('887', np.float64(0.2122), 0), ('889', np.float64(0.2081), 0), ('890', np.float64(0.2048), 0), ('739', np.float64(0.1941), 0), ('1053', np.float64(0.1936), 0), ('897', np.float64(0.1851), 0), ('400', np.float64(0.1768), 0)]",0.1,0.3333333333333333,0.15384615384615383,0.2269595176571921
201,Vetorial,0,1,"[('625', np.float64(0.2542), 2), ('410', np.float64(0.2201), 0), ('1295', np.float64(0.2067), 3), ('541', np.float64(0.2062), 3), ('554', np.float64(0.2059), 0), ('24', np.float64(0.2041), 0), ('716', np.float64(0.191), 0), ('401', np.float64(0.1906), 3), ('1379', np.float64(0.1904), 0), ('329', np.float64(0.1899), 0)]",0.4,0.25,0.3076923076923077,0.28156404210493574
202,Vetorial,0,1,"[('1285', np.float64(0.3793), -1), ('605', np.float64(0.2799), 3), ('19', np.float64(0.2579), 0), ('1310', np.float64(0.2314), 4), ('1231', np.float64(0.225), 0), ('1378', np.float64(0.2223), 0), ('232', np.float64(0.222), 4), ('122', np.float64(0.22), 0), ('226', np.float64(0.2185), 0), ('1311', np.float64(0.2084), 0)]",0.3,0.21428571428571427,0.25,0.22913049430275242
203,Vetorial,0,1,"[('38', np.float64(0.3198), 0), ('1285', np.float64(0.2544), -1), ('58', np.float64(0.2538), 3), ('48', np.float64(0.2533), 0), ('225', np.float64(0.2495), 0), ('122', np.float64(0.2451), 3), ('1303', np.float64(0.2237), 0), ('1262', np.float64(0.218), 0), ('605', np.float64(0.2178), 0), ('676', np.float64(0.2158), 0)]",0.2,0.14285714285714285,0.16666666666666666,0.09389817593558678
204,Vetorial,0,1,"[('1311', np.float64(0.17), 2), ('147', np.float64(0.1647), 0), ('443', np.float64(0.1593), 0), ('310', np.float64(0.1517), 0), ('971', np.float64(0.144), 0), ('305', np.float64(0.1362), 0), ('63', np.float64(0.1313), 3), ('573', np.float64(0.1307), 0), ('1080', np.float64(0.1297), 0), ('1253', np.float64(0.1204), 0)]",0.2,0.14285714285714285,0.16666666666666666,0.12579568725008713
205,Vetorial,0,1,"[('1287', np.float64(0.3002), -1), ('1321', np.float64(0.2805), 2), ('78', np.float64(0.2125), 0), ('55', np.float64(0.204), 0), ('337', np.float64(0.202), 0), ('1323', np.float64(0.199), 0), ('959', np.float64(0.1851), 0), ('135', np.float64(0.1816), 0), ('1322', np.float64(0.1765), 2), ('1364', np.float64(0.1723), 0)]",0.2,1.0,0.33333333333333337,0.3611111111111111
206,Vetorial,0,1,"[('1290', np.float64(0.4458), -1), ('879', np.float64(0.3356), 0), ('468', np.float64(0.2349), 0), ('878', np.float64(0.224), 0), ('526', np.float64(0.2231), 0), ('469', np.float64(0.2221), 0), ('876', np.float64(0.2142), 0), ('1338', np.float64(0.2099), 2), ('880', np.float64(0.2004), 0), ('801', np.float64(0.1938), 0)]",0.1,0.3333333333333333,0.15384615384615383,0.09405491263898343
207,Vetorial,0,1,"[('458', np.float64(0.1448), 0), ('862', np.float64(0.1361), 0), ('365', np.float64(0.1334), 0), ('678', np.float64(0.1194), 0), ('1341', np.float64(0.1173), 3), ('699', np.float64(0.1164), 0), ('921', np.float64(0.1152), 0), ('441', np.float64(0.1149), 0), ('1185', np.float64(0.1147), 0), ('247', np.float64(0.1137), 0)]",0.1,0.2,0.13333333333333333,0.056527476984811066
208,Vetorial,0,1,"[('1291', np.float64(0.5752), -1), ('1344', np.float64(0.4142), 3), ('1345', np.float64(0.2996), 3), ('163', np.float64(0.2757), 3), ('698', np.float64(0.2634), 0), ('1380', np.float64(0.258), 0), ('73', np.float64(0.2507), 0), ('566', np.float64(0.2486), 0), ('982', np.float64(0.2484), 0), ('357', np.float64(0.2471), 0)]",0.3,0.5,0.37499999999999994,0.47544140800719753
209,Vetorial,0,1,"[('959', np.float64(0.4034), 0), ('358', np.float64(0.3379), 0), ('798', np.float64(0.3356), 0), ('996', np.float64(0.2947), 0), ('187', np.float64(0.2904), 3), ('461', np.float64(0.2853), 0), ('55', np.float64(0.2849), 4), ('1383', np.float64(0.277), 3), ('1364', np.float64(0.2754), 0), ('1281', np.float64(0.27), 0)]",0.3,0.25,0.2727272727272727,0.1870606667303171
210,Vetorial,0,1,"[('1172', np.float64(0.5638), 3), ('1145', np.float64(0.4723), -1), ('1171', np.float64(0.4182), 2), ('1126', np.float64(0.3397), 0), ('739', np.float64(0.3268), 0), ('938', np.float64(0.3153), 0), ('1071', np.float64(0.3096), 0), ('1068', np.float64(0.305), 0), ('887', np.float64(0.298), 0), ('897', np.float64(0.2926), 0)]",0.2,0.3333333333333333,0.25,0.33781058798708147
211,Vetorial,0,1,"[('739', np.float64(0.4065), 0), ('1068', np.float64(0.3747), 4), ('897', np.float64(0.3546), 0), ('953', np.float64(0.3295), 0), ('887', np.float64(0.3268), 0), ('885', np.float64(0.3023), 0), ('743', np.float64(0.2997), 0), ('741', np.float64(0.2992), 0), ('1071', np.float64(0.2977), 0), ('740', np.float64(0.2964), 0)]",0.1,0.09090909090909091,0.09523809523809525,0.16637635521943814
212,Vetorial,0,1,"[('1178', np.float64(0.5336), 2), ('888', np.float64(0.5099), 2), ('1176', np.float64(0.4355), 4), ('1177', np.float64(0.4128), 4), ('838', np.float64(0.369), 0), ('1293', np.float64(0.3552), 0), ('885', np.float64(0.3249), 3), ('642', np.float64(0.324), 0), ('1359', np.float64(0.3049), 0), ('1146', np.float64(0.3031), -1)]",0.5,0.35714285714285715,0.41666666666666663,0.4980295142773147
213,Vetorial,0,1,"[('888', np.float64(0.4285), 1), ('885', np.float64(0.4223), 2), ('1146', np.float64(0.3867), -1), ('1173', np.float64(0.3725), 3), ('769', np.float64(0.3586), 3), ('741', np.float64(0.352), 0), ('642', np.float64(0.3281), 0), ('1116', np.float64(0.3224), 0), ('887', np.float64(0.2973), 2), ('1178', np.float64(0.2968), 3)]",0.6,0.5454545454545454,0.5714285714285713,0.6059723006569319
214,Vetorial,0,1,"[('1294', np.float64(0.5491), -1), ('828', np.float64(0.3838), 0), ('1362', np.float64(0.3766), 3), ('831', np.float64(0.2921), 0), ('930', np.float64(0.2911), 0), ('739', np.float64(0.257), 0), ('1044', np.float64(0.2503), 0), ('756', np.float64(0.2462), 0), ('848', np.float64(0.2457), 0), ('1043', np.float64(0.2368), 0)]",0.1,0.25,0.14285714285714288,0.10232002944132042
215,Vetorial,0,1,"[('535', np.float64(0.4559), -1), ('25', np.float64(0.2875), 0), ('1253', np.float64(0.2837), 0), ('574', np.float64(0.283), 0), ('666', np.float64(0.2774), 0), ('770', np.float64(0.2752), 0), ('1234', np.float64(0.2695), 0), ('44', np.float64(0.2652), 0), ('540', np.float64(0.2614), 0), ('1377', np.float64(0.2589), 0)]",0.0,0.0,0.0,0.0367063492063492
216,Vetorial,0,1,"[('175', np.float64(0.2683), 0), ('764', np.float64(0.1993), 0), ('117', np.float64(0.1902), 0), ('958', np.float64(0.1872), 0), ('974', np.float64(0.1843), 0), ('1156', np.float64(0.1824), 0), ('971', np.float64(0.1809), 0), ('1225', np.float64(0.1804), 0), ('367', np.float64(0.178), 0), ('1319', np.float64(0.1751), 0)]",0.0,0.0,0.0,0.0014367816091954023
217,Vetorial,0,1,"[('323', np.float64(0.3292), 0), ('655', np.float64(0.3133), 0), ('559', np.float64(0.3125), 3), ('1274', np.float64(0.2995), 0), ('1319', np.float64(0.2948), 0), ('44', np.float64(0.2921), 0), ('666', np.float64(0.2865), 1), ('324', np.float64(0.2849), 0), ('1364', np.float64(0.2795), 0), ('1151', np.float64(0.2748), 0)]",0.2,0.13333333333333333,0.16,0.12523429078357345
218,Vetorial,0,1,"[('559', np.float64(0.2974), 3), ('323', np.float64(0.2802), 0), ('44', np.float64(0.2707), 0), ('666', np.float64(0.2706), 3), ('1393', np.float64(0.2627), 1), ('655', np.float64(0.2533), 0), ('629', np.float64(0.2487), 0), ('872', np.float64(0.2456), 0), ('101', np.float64(0.2426), 1), ('283', np.float64(0.2316), 0)]",0.4,0.26666666666666666,0.32,0.26102932245974203
219,Vetorial,0,1,"[('1222', np.float64(0.3173), 0), ('299', np.float64(0.2976), 0), ('61', np.float64(0.2735), 0), ('267', np.float64(0.2711), 0), ('1082', np.float64(0.2559), 0), ('775', np.float64(0.2546), 0), ('139', np.float64(0.2536), 0), ('668', np.float64(0.2526), 0), ('1273', np.float64(0.2499), 0), ('197', np.float64(0.2475), 0)]",0.0,0.0,0.0,0.04971667481380002
220,Vetorial,0,1,"[('738', np.float64(0.2384), 0), ('4', np.float64(0.2371), 0), ('461', np.float64(0.2347), 0), ('382', np.float64(0.2062), 0), ('629', np.float64(0.2053), 0), ('458', np.float64(0.2033), 4), ('336', np.float64(0.2027), 0), ('292', np.float64(0.1983), 3), ('376', np.float64(0.1957), 3), ('899', np.float64(0.1922), 0)]",0.3,0.15789473684210525,0.20689655172413793,0.13893099904896417
221,Vetorial,0,1,"[('3', np.float64(0.2781), 0), ('1366', np.float64(0.2757), 3), ('1386', np.float64(0.2679), 4), ('1225', np.float64(0.2407), 0), ('62', np.float64(0.2383), 3), ('55', np.float64(0.221), 0), ('378', np.float64(0.2102), 0), ('435', np.float64(0.1943), 0), ('4', np.float64(0.1894), 0), ('292', np.float64(0.1868), 3)]",0.4,0.2222222222222222,0.2857142857142857,0.17391296874719012
222,Vetorial,0,1,"[('1400', np.float64(0.5816), 3), ('1398', np.float64(0.5126), 4), ('419', np.float64(0.4924), 3), ('1130', np.float64(0.4859), 0), ('1399', np.float64(0.4739), 4), ('400', np.float64(0.3717), 3), ('1358', np.float64(0.3637), 0), ('1357', np.float64(0.3577), 0), ('1397', np.float64(0.3455), 3), ('888', np.float64(0.3348), 0)]",0.6,0.6666666666666666,0.631578947368421,0.6687487267245242
223,Vetorial,0,1,"[('400', np.float64(0.3903), 3), ('1399', np.float64(0.358), 0), ('1398', np.float64(0.318), 3), ('393', np.float64(0.2934), 0), ('1037', np.float64(0.2677), 0), ('1400', np.float64(0.2542), 0), ('1121', np.float64(0.2518), 0), ('412', np.float64(0.249), 0), ('484', np.float64(0.2466), 0), ('388', np.float64(0.2416), 0)]",0.2,0.5,0.28571428571428575,0.46602564102564104
224,Vetorial,0,1,"[('236', np.float64(0.3153), 0), ('1312', np.float64(0.3084), 0), ('317', np.float64(0.2984), 0), ('110', np.float64(0.2466), 0), ('1286', np.float64(0.2442), -1), ('26', np.float64(0.2411), 0), ('1315', np.float64(0.2328), 0), ('175', np.float64(0.2323), 0), ('1157', np.float64(0.228), 3), ('1314', np.float64(0.2256), 0)]",0.1,0.125,0.11111111111111112,0.13478420074214467
225,Vetorial,0,1,"[('1380', np.float64(0.3561), 4), ('1188', np.float64(0.3244), -1), ('226', np.float64(0.2701), 0), ('1124', np.float64(0.2628), 3), ('638', np.float64(0.2414), 0), ('1291', np.float64(0.2293), 0), ('701', np.float64(0.2244), 0), ('1256', np.float64(0.2201), 0), ('70', np.float64(0.2116), 0), ('279', np.float64(0.2111), 0)]",0.2,0.08333333333333333,0.11764705882352941,0.10784589763248688
1,BM25,0,1,"[('51', np.float64(25.0497), 3), ('486', np.float64(21.7658), -1), ('184', np.float64(20.8224), 2), ('573', np.float64(18.2365), 0), ('12', np.float64(18.0414), 3), ('878', np.float64(16.841), 0), ('665', np.float64(14.4556), 0), ('1361', np.float64(14.2512), 0), ('944', np.float64(13.6492), 0), ('14', np.float64(13.3284), 4)]",0.4,0.14285714285714285,0.21052631578947364,0.21440169650280802
2,BM25,0,1,"[('12', np.float64(28.4523), 1), ('746', np.float64(17.3938), 1), ('51', np.float64(16.7968), 3), ('1089', np.float64(14.8611), 0), ('792', np.float64(14.7991), 0), ('100', np.float64(14.4101), 0), ('141', np.float64(14.0995), 0), ('1169', np.float64(13.8365), 0), ('172', np.float64(13.7159), 0), ('184', np.float64(13.6853), 2)]",0.4,0.16666666666666666,0.23529411764705882,0.2109849297962525
3,BM25,0,1,"[('485', np.float64(22.5836), -1), ('5', np.float64(21.8046), 3), ('144', np.float64(20.8366), 3), ('399', np.float64(18.8521), 3), ('91', np.float64(18.2674), 3), ('90', np.float64(17.6351), 3), ('1072', np.float64(16.6787), 0), ('181', np.float64(15.7969), 3), ('828', np.float64(14.9377), 0), ('579', np.float64(13.2489), 0)]",0.6,0.75,0.6666666666666665,0.6006620762711865
4,BM25,0,1,"[('488', np.float64(33.2), -1), ('166', np.float64(32.9115), 3), ('1061', np.float64(27.7931), 0), ('167', np.float64(26.8535), 0), ('1189', np.float64(26.285), 0), ('1315', np.float64(25.918), 0), ('185', np.float64(25.2414), 0), ('1374', np.float64(24.2999), 0), ('1275', np.float64(23.4511), 0), ('575', np.float64(23.0361), 0)]",0.1,0.5,0.16666666666666669,0.28125
5,BM25,0,1,"[('103', np.float64(16.0236), 0), ('1032', np.float64(14.5102), 0), ('401', np.float64(13.6146), 3), ('943', np.float64(12.7019), 0), ('552', np.float64(12.525), 1), ('1296', np.float64(12.359), 1), ('968', np.float64(12.0865), 0), ('1072', np.float64(11.4523), 0), ('28', np.float64(11.4263), 0), ('828', np.float64(11.1781), 0)]",0.3,0.75,0.4285714285714285,0.3261904761904762
6,BM25,0,1,"[('491', np.float64(17.2953), -1), ('257', np.float64(13.1474), 3), ('315', np.float64(12.3594), 0), ('148', np.float64(11.7412), 0), ('121', np.float64(11.5681), 0), ('798', np.float64(11.3307), 0), ('251', np.float64(11.2776), 0), ('651', np.float64(11.0253), 0), ('1110', np.float64(10.9813), 0), ('296', np.float64(10.5634), 0)]",0.1,0.25,0.14285714285714288,0.16877511874314943
7,BM25,0,1,"[('492', np.float64(71.3147), -1), ('57', np.float64(39.2561), 3), ('56', np.float64(36.6823), 3), ('232', np.float64(34.1318), 0), ('122', np.float64(33.469), 0), ('434', np.float64(33.2521), 0), ('124', np.float64(33.0223), 0), ('1231', np.float64(32.9784), 0), ('1040', np.float64(32.2676), 0), ('373', np.float64(30.3037), 0)]",0.2,0.4,0.26666666666666666,0.2623802863802864
8,BM25,0,1,"[('122', np.float64(25.1542), 1), ('492', np.float64(23.5233), -1), ('907', np.float64(22.3031), 0), ('443', np.float64(22.0759), 0), ('69', np.float64(20.0446), 0), ('248', np.float64(20.0272), 0), ('569', np.float64(19.6002), 0), ('1231', np.float64(19.4864), 0), ('124', np.float64(17.8783), 0), ('711', np.float64(17.8551), 0)]",0.1,0.09090909090909091,0.09523809523809525,0.161077387954297
9,BM25,0,1,"[('45', np.float64(17.2125), 0), ('550', np.float64(16.5678), 2), ('21', np.float64(16.1419), 2), ('22', np.float64(14.9855), 2), ('571', np.float64(14.4359), 0), ('306', np.float64(14.1822), 0), ('102', np.float64(13.2058), 0), ('1215', np.float64(12.3349), 0), ('270', np.float64(12.2843), 0), ('398', np.float64(11.699), 0)]",0.3,1.0,0.4615384615384615,0.6388888888888888
10,BM25,0,1,"[('493', np.float64(27.7012), -1), ('302', np.float64(24.1012), 3), ('1143', np.float64(21.3284), 0), ('949', np.float64(20.146), 0), ('1009', np.float64(19.0642), 0), ('1199', np.float64(18.0348), 0), ('524', np.float64(17.291), 0), ('1286', np.float64(16.4544), 0), ('691', np.float64(16.3739), 0), ('1010', np.float64(16.3475), 0)]",0.1,0.125,0.11111111111111112,0.15025811616267992
11,BM25,0,1,"[('495', np.float64(31.3468), -1), ('472', np.float64(17.5473), 0), ('556', np.float64(17.2603), 0), ('28', np.float64(16.463), 3), ('654', np.float64(15.9254), 4), ('72', np.float64(15.7616), 0), ('1186', np.float64(15.7356), 0), ('1280', np.float64(15.1493), 0), ('1327', np.float64(14.9821), 0), ('110', np.float64(14.9651), 0)]",0.2,0.2857142857142857,0.23529411764705882,0.17870296476788322
12,BM25,0,1,"[('624', np.float64(21.1665), -1), ('650', np.float64(19.5976), 2), ('966', np.float64(16.4029), 0), ('506', np.float64(15.9638), 0), ('543', np.float64(15.6327), 0), ('649', np.float64(14.8818), 4), ('704', np.float64(12.9862), 0), ('1221', np.float64(12.4306), 0), ('1232', np.float64(12.2141), 0), ('941', np.float64(11.8361), 0)]",0.2,0.4,0.26666666666666666,0.21664420485175198
13,BM25,0,1,"[('496', np.float64(25.8842), -1), ('903', np.float64(14.4627), 0), ('520', np.float64(12.8731), 0), ('313', np.float64(10.4634), 0), ('643', np.float64(10.0434), 0), ('38', np.float64(9.9561), 0), ('199', np.float64(9.8169), 0), ('1268', np.float64(9.6362), 0), ('440', np.float64(9.6123), 0), ('880', np.float64(9.3202), 0)]",0.0,0.0,0.0,0.0029876496100116772
14,BM25,0,1,"[('64', np.float64(18.7966), 1), ('132', np.float64(13.7852), 0), ('170', np.float64(13.5228), 0), ('402', np.float64(13.123), 0), ('256', np.float64(12.7683), 0), ('798', np.float64(12.6316), 0), ('439', np.float64(12.4123), 0), ('345', np.float64(12.2962), 0), ('1364', np.float64(12.2461), 0), ('65', np.float64(11.922), 4)]",0.2,1.0,0.33333333333333337,0.6
15,BM25,0,1,"[('462', np.float64(21.4984), 3), ('463', np.float64(14.3729), 1), ('1025', np.float64(14.0326), 0), ('1099', np.float64(13.8789), 0), ('1340', np.float64(12.5881), 0), ('82', np.float64(12.1212), 0), ('1043', np.float64(11.9964), 0), ('542', np.float64(11.9316), 0), ('1065', np.float64(11.8282), 0), ('1097', np.float64(11.6707), 0)]",0.2,1.0,0.33333333333333337,1.0
16,BM25,0,1,"[('498', np.float64(28.3174), -1), ('1255', np.float64(22.0025), 0), ('106', np.float64(20.7193), 3), ('231', np.float64(18.5489), 0), ('1328', np.float64(18.0904), 0), ('266', np.float64(17.0215), 2), ('248', np.float64(16.3298), 0), ('410', np.float64(15.63), 0), ('927', np.float64(15.544), 0), ('1259', np.float64(15.0051), 0)]",0.2,0.6666666666666666,0.30769230769230765,0.2347222222222222
17,BM25,0,1,"[('1108', np.float64(26.6767), 0), ('1301', np.float64(23.1791), 0), ('1281', np.float64(22.8865), 0), ('445', np.float64(22.4787), 0), ('700', np.float64(22.0995), 0), ('336', np.float64(21.7886), 0), ('916', np.float64(20.7431), 0), ('106', np.float64(19.4823), 2), ('577', np.float64(19.4256), 0), ('266', np.float64(18.682), 0)]",0.1,0.5,0.16666666666666669,0.07469512195121951
18,BM25,0,1,"[('197', np.float64(20.8861), 2), ('248', np.float64(20.4603), 0), ('498', np.float64(19.31), -1), ('234', np.float64(18.1501), 0), ('56', np.float64(17.5902), 0), ('492', np.float64(17.5155), 0), ('1231', np.float64(17.1591), 0), ('1352', np.float64(16.5717), 0), ('232', np.float64(16.4736), 0), ('122', np.float64(16.3984), 0)]",0.1,0.3333333333333333,0.15384615384615383,0.36122100122100126
19,BM25,0,1,"[('82', np.float64(19.9294), 0), ('706', np.float64(17.5182), 0), ('1346', np.float64(16.0138), 0), ('554', np.float64(14.5495), 0), ('140', np.float64(14.4035), 0), ('713', np.float64(14.4015), 0), ('274', np.float64(13.9568), 0), ('716', np.float64(13.8246), 3), ('1219', np.float64(13.7377), 0), ('1279', np.float64(13.5721), 0)]",0.1,0.1111111111111111,0.10526315789473685,0.04395865444112197
20,BM25,0,1,"[('500', np.float64(36.8282), -1), ('268', np.float64(26.2164), 3), ('88', np.float64(25.6193), 3), ('270', np.float64(21.8218), 3), ('87', np.float64(19.9839), 3), ('450', np.float64(16.7954), 0), ('44', np.float64(15.6631), 0), ('584', np.float64(15.3625), 0), ('407', np.float64(15.0164), 3), ('112', np.float64(14.1244), 0)]",0.5,0.5555555555555556,0.5263157894736842,0.5324160407493741
21,BM25,0,1,"[('502', np.float64(28.5587), -1), ('68', np.float64(17.8285), 0), ('686', np.float64(15.3029), 0), ('460', np.float64(15.2917), 0), ('421', np.float64(15.1366), 0), ('343', np.float64(14.0036), 0), ('1007', np.float64(13.2179), 0), ('17', np.float64(12.8751), 0), ('628', np.float64(12.7079), 0), ('1051', np.float64(12.6417), 0)]",0.0,0.0,0.0,0.046886973180076626
22,BM25,0,1,"[('125', np.float64(23.6432), 0), ('413', np.float64(19.7548), 0), ('560', np.float64(19.4261), 0), ('307', np.float64(18.2415), 0), ('962', np.float64(16.992), 0), ('120', np.float64(16.6649), 0), ('254', np.float64(16.08), 0), ('16', np.float64(16.0687), 0), ('346', np.float64(16.0537), 0), ('153', np.float64(15.9237), 0)]",0.0,0.0,0.0,0.0015503875968992248
23,BM25,0,1,"[('892', np.float64(16.5982), -1), ('28', np.float64(15.0231), 0), ('902', np.float64(13.9652), 1), ('202', np.float64(12.6656), 0), ('718', np.float64(12.5848), 0), ('251', np.float64(12.4904), 0), ('14', np.float64(12.4114), 0), ('899', np.float64(11.9607), 3), ('1151', np.float64(11.334), 0), ('1287', np.float64(11.1494), 0)]",0.2,0.0625,0.09523809523809523,0.13158911720867214
24,BM25,0,1,"[('756', np.float64(23.5259), -1), ('46', np.float64(16.5101), 2), ('833', np.float64(13.3857), 0), ('837', np.float64(13.0563), 0), ('47', np.float64(12.4902), 2), ('12', np.float64(12.3983), 0), ('1034', np.float64(11.9802), 0), ('883', np.float64(11.2573), 0), ('650', np.float64(11.0145), 0), ('1361', np.float64(10.9432), 0)]",0.2,0.6666666666666666,0.30769230769230765,0.32222222222222224
25,BM25,0,1,"[('277', np.float64(23.4207), 3), ('215', np.float64(21.8502), 3), ('214', np.float64(19.6654), 3), ('213', np.float64(19.5257), 2), ('121', np.float64(18.5128), 0), ('216', np.float64(17.4305), 3), ('511', np.float64(15.5872), -1), ('97', np.float64(14.9834), 0), ('212', np.float64(14.8416), 3), ('987', np.float64(14.5677), 0)]",0.6,0.6666666666666666,0.631578947368421,0.6707663377983217
26,BM25,0,1,"[('307', np.float64(24.2418), 0), ('145', np.float64(23.8484), 1), ('611', np.float64(23.7637), 1), ('382', np.float64(23.6488), 0), ('305', np.float64(22.4801), 0), ('96', np.float64(22.0273), 0), ('568', np.float64(21.4518), 0), ('547', np.float64(20.0328), 0), ('629', np.float64(20.01), 0), ('1278', np.float64(19.9422), 0)]",0.2,0.3333333333333333,0.25,0.23272504468156638
27,BM25,0,1,"[('1031', np.float64(22.1421), 0), ('1035', np.float64(20.9445), 0), ('888', np.float64(20.5999), 0), ('1176', np.float64(20.5746), 0), ('512', np.float64(18.5161), -1), ('1178', np.float64(18.4046), 0), ('1293', np.float64(18.0698), 0), ('1070', np.float64(17.2194), 0), ('680', np.float64(16.7602), 0), ('1129', np.float64(16.469), 0)]",0.0,0.0,0.0,0.09314433610208257
28,BM25,0,1,"[('251', np.float64(14.7794), 0), ('1051', np.float64(12.738), 0), ('36', np.float64(11.2411), 0), ('839', np.float64(11.1776), 0), ('246', np.float64(11.1481), 0), ('762', np.float64(11.0999), 0), ('367', np.float64(11.0587), 0), ('1068', np.float64(10.8558), 0), ('1012', np.float64(10.6749), 0), ('698', np.float64(10.665), 0)]",0.0,0.0,0.0,0.00429000429000429
29,BM25,0,1,"[('465', np.float64(28.8622), 4), ('612', np.float64(27.6475), 2), ('420', np.float64(26.7094), 0), ('513', np.float64(25.7431), -1), ('900', np.float64(24.5214), 0), ('514', np.float64(24.0205), 2), ('250', np.float64(23.5959), 2), ('464', np.float64(23.17), 4), ('222', np.float64(22.5313), 0), ('147', np.float64(22.2056), 0)]",0.5,0.5555555555555556,0.5263157894736842,0.45616358171175453
30,BM25,0,1,"[('683', np.float64(13.309), 0), ('513', np.float64(13.1589), -1), ('1197', np.float64(12.1321), 0), ('633', np.float64(11.4241), 0), ('601', np.float64(11.4), 0), ('420', np.float64(11.1287), 0), ('902', np.float64(10.9538), 0), ('225', np.float64(10.6057), 2), ('545', np.float64(10.5987), 0), ('222', np.float64(10.2941), 0)]",0.1,0.14285714285714285,0.11764705882352941,0.0797875066468636
31,BM25,0,1,"[('751', np.float64(26.7635), -1), ('247', np.float64(19.5494), 0), ('1245', np.float64(19.016), 0), ('916', np.float64(18.8613), 0), ('1153', np.float64(18.5545), 0), ('1209', np.float64(18.4077), 0), ('332', np.float64(16.9231), 0), ('228', np.float64(16.4406), 0), ('749', np.float64(16.233), 0), ('1082', np.float64(16.0446), 0)]",0.0,0.0,0.0,0.0008291873963515755
32,BM25,0,1,"[('752', np.float64(22.9119), -1), ('1259', np.float64(14.6803), 0), ('1112', np.float64(12.7281), 0), ('1135', np.float64(11.908), 0), ('467', np.float64(11.8064), 0), ('468', np.float64(11.7726), 0), ('1186', np.float64(11.4422), 0), ('802', np.float64(11.4337), 0), ('134', np.float64(10.9007), 0), ('250', np.float64(10.5726), 4)]",0.1,0.16666666666666666,0.125,0.03937741500359823
33,BM25,0,1,"[('516', np.float64(46.9302), -1), ('141', np.float64(29.275), 4), ('431', np.float64(28.1396), 3), ('1163', np.float64(26.9524), 0), ('1066', np.float64(26.4218), 0), ('252', np.float64(26.0726), 3), ('808', np.float64(25.4718), 0), ('904', np.float64(24.3682), 0), ('800', np.float64(24.1091), 0), ('78', np.float64(23.6291), 0)]",0.3,1.0,0.4615384615384615,0.5555555555555555
34,BM25,0,1,"[('516', np.float64(19.5453), -1), ('799', np.float64(17.12), 3), ('1153', np.float64(16.2903), 0), ('431', np.float64(16.1933), 3), ('280', np.float64(15.5668), 0), ('1341', np.float64(15.495), 0), ('1062', np.float64(14.9806), 0), ('1074', np.float64(14.9165), 0), ('907', np.float64(14.6531), 0), ('1350', np.float64(14.1355), 0)]",0.2,0.3333333333333333,0.25,0.30007176567897637
35,BM25,0,1,"[('1244', np.float64(14.6635), 0), ('1203', np.float64(14.3808), 0), ('488', np.float64(14.0094), 0), ('1314', np.float64(13.4167), 0), ('1208', np.float64(13.0044), 0), ('1327', np.float64(12.5803), 0), ('296', np.float64(11.5201), 0), ('1389', np.float64(11.2502), 0), ('65', np.float64(11.0901), 0), ('654', np.float64(10.8679), 0)]",0.0,0.0,0.0,0.014781280803733553
36,BM25,0,1,"[('123', np.float64(17.596), 0), ('168', np.float64(17.4043), 3), ('623', np.float64(16.1463), 0), ('550', np.float64(15.6934), 0), ('120', np.float64(15.0484), 0), ('959', np.float64(14.8638), 0), ('666', np.float64(14.6416), 0), ('518', np.float64(14.5532), -1), ('546', np.float64(14.4923), 0), ('74', np.float64(14.4444), 0)]",0.1,0.5,0.16666666666666669,0.2621951219512195
37,BM25,0,1,"[('186', np.float64(13.7263), 0), ('283', np.float64(12.0988), 0), ('1229', np.float64(10.7634), 0), ('979', np.float64(10.2111), 0), ('1311', np.float64(9.9632), 0), ('295', np.float64(9.9317), 0), ('179', np.float64(9.8599), 0), ('234', np.float64(9.6821), 0), ('126', np.float64(9.5402), 0), ('1352', np.float64(9.4675), 0)]",0.0,0.0,0.0,0.057069672300795085
38,BM25,0,1,"[('536', np.float64(17.7061), -1), ('294', np.float64(12.8034), 0), ('976', np.float64(12.7042), 0), ('1264', np.float64(12.5936), 0), ('1238', np.float64(12.2819), 0), ('1391', np.float64(12.27), 0), ('338', np.float64(12.2351), 0), ('1205', np.float64(12.1793), 0), ('979', np.float64(11.9369), 0), ('186', np.float64(11.825), 0)]",0.0,0.0,0.0,0.059737180615516305
39,BM25,0,1,"[('346', np.float64(14.3087), 0), ('315', np.float64(13.9888), 0), ('1205', np.float64(13.9754), 0), ('207', np.float64(13.922), 3), ('9', np.float64(12.6415), 0), ('272', np.float64(12.5791), 1), ('37', np.float64(12.3064), 0), ('1278', np.float64(11.2805), 0), ('610', np.float64(11.2735), 0), ('1257', np.float64(11.0401), 3)]",0.3,0.23076923076923078,0.2608695652173913,0.11930594073556938
40,BM25,0,1,"[('536', np.float64(18.5027), -1), ('37', np.float64(13.5886), 0), ('1205', np.float64(12.754), 0), ('976', np.float64(12.1578), 3), ('1391', np.float64(11.2071), 0), ('346', np.float64(10.8044), 0), ('272', np.float64(10.5872), 3), ('9', np.float64(10.5829), 0), ('281', np.float64(10.534), 0), ('315', np.float64(10.2404), 0)]",0.2,0.16666666666666666,0.1818181818181818,0.08276435367471062
41,BM25,0,1,"[('289', np.float64(33.8299), 1), ('433', np.float64(26.4329), 2), ('229', np.float64(18.9115), 0), ('432', np.float64(18.0521), 0), ('520', np.float64(17.7745), -1), ('927', np.float64(17.26), 0), ('1152', np.float64(17.0465), 0), ('126', np.float64(16.9128), 0), ('288', np.float64(16.7293), 1), ('1277', np.float64(15.5494), 0)]",0.3,1.0,0.4615384615384615,0.7777777777777778
42,BM25,0,1,"[('521', np.float64(42.665), -1), ('526', np.float64(34.1721), 0), ('440', np.float64(29.5733), 0), ('469', np.float64(28.0951), 3), ('496', np.float64(27.8445), 0), ('503', np.float64(26.8131), 0), ('468', np.float64(25.0399), 2), ('467', np.float64(24.7076), 3), ('903', np.float64(22.4435), 0), ('439', np.float64(22.3426), 0)]",0.3,0.6,0.4,0.1947142857142857
43,BM25,0,1,"[('467', np.float64(19.9534), 1), ('469', np.float64(18.6726), 1), ('503', np.float64(18.089), 3), ('496', np.float64(17.536), 0), ('903', np.float64(16.8405), 0), ('404', np.float64(15.8862), 0), ('468', np.float64(14.8227), 1), ('194', np.float64(14.7493), 0), ('521', np.float64(14.6026), -1), ('916', np.float64(13.8368), 0)]",0.4,0.6666666666666666,0.5,0.6415776591010235
44,BM25,0,1,"[('1190', np.float64(16.9739), 0), ('103', np.float64(13.0177), 0), ('108', np.float64(11.4498), 0), ('1199', np.float64(11.438), 0), ('541', np.float64(10.6949), 0), ('1072', np.float64(10.4079), 0), ('1031', np.float64(10.203), 0), ('236', np.float64(10.0421), 0), ('357', np.float64(9.9619), 0), ('367', np.float64(9.9393), 0)]",0.0,0.0,0.0,0.0023845515288665447
45,BM25,0,1,"[('305', np.float64(23.7268), 2), ('525', np.float64(23.6569), -1), ('540', np.float64(19.8817), 0), ('1395', np.float64(17.4751), 0), ('625', np.float64(15.8649), 0), ('123', np.float64(15.0826), 0), ('37', np.float64(14.9261), 0), ('84', np.float64(14.8654), 0), ('573', np.float64(14.5896), 0), ('310', np.float64(14.5643), 0)]",0.1,0.08333333333333333,0.0909090909090909,0.17555855844071422
46,BM25,0,1,"[('305', np.float64(18.2673), 2), ('525', np.float64(17.2096), -1), ('353', np.float64(16.7992), 0), ('123', np.float64(16.7337), 4), ('84', np.float64(15.8418), 4), ('655', np.float64(15.5384), 0), ('481', np.float64(15.4041), 3), ('623', np.float64(14.9396), 3), ('274', np.float64(14.9193), 0), ('1185', np.float64(14.8234), 4)]",0.6,0.4,0.48,0.3530050494224174
47,BM25,0,1,"[('525', np.float64(28.2713), -1), ('568', np.float64(24.3493), 0), ('1200', np.float64(24.0618), 0), ('310', np.float64(22.5969), 2), ('570', np.float64(22.5249), 2), ('305', np.float64(22.4512), 3), ('304', np.float64(21.6909), 2), ('307', np.float64(20.6376), 2), ('25', np.float64(19.0858), 0), ('327', np.float64(18.9021), 0)]",0.5,0.35714285714285715,0.41666666666666663,0.35772062632295304
48,BM25,0,1,"[('526', np.float64(26.6425), -1), ('797', np.float64(19.4563), 3), ('440', np.float64(17.6524), 3), ('1228', np.float64(15.248), 0), ('638', np.float64(15.2204), 0), ('793', np.float64(14.5569), 0), ('334', np.float64(14.0523), 0), ('792', np.float64(13.587), 0), ('902', np.float64(13.5018), 0), ('683', np.float64(13.452), 0)]",0.2,0.18181818181818182,0.1904761904761905,0.17108663032119026
49,BM25,0,1,"[('527', np.float64(33.9286), -1), ('321', np.float64(33.8635), 0), ('349', np.float64(32.6861), 0), ('322', np.float64(27.8583), 0), ('1235', np.float64(26.2205), 0), ('377', np.float64(25.591), 0), ('476', np.float64(25.2383), 0), ('320', np.float64(24.783), 3), ('1370', np.float64(23.7563), 0), ('150', np.float64(23.6561), 0)]",0.1,0.5,0.16666666666666669,0.07862903225806452
50,BM25,0,1,"[('192', np.float64(19.2047), 0), ('326', np.float64(18.6015), 2), ('801', np.float64(17.2186), 0), ('1259', np.float64(16.8062), 0), ('337', np.float64(16.527), 0), ('494', np.float64(16.1102), 0), ('541', np.float64(16.1094), 0), ('435', np.float64(15.6197), 0), ('273', np.float64(15.5084), 0), ('528', np.float64(15.4757), -1)]",0.1,0.16666666666666666,0.125,0.10011948442683294
51,BM25,0,1,"[('494', np.float64(29.4778), 2), ('326', np.float64(28.6311), 4), ('528', np.float64(24.705), -1), ('261', np.float64(18.7116), 4), ('23', np.float64(17.7059), 2), ('192', np.float64(17.4305), 3), ('1391', np.float64(17.4248), 0), ('25', np.float64(17.1117), 0), ('94', np.float64(16.3986), 1), ('1259', np.float64(16.2974), 0)]",0.6,0.6,0.6,0.56940905106042
52,BM25,0,1,"[('550', np.float64(19.9766), 0), ('326', np.float64(18.4045), 4), ('306', np.float64(16.1067), 2), ('21', np.float64(16.0711), 2), ('1215', np.float64(15.9091), 0), ('251', np.float64(15.7562), 0), ('528', np.float64(15.7187), -1), ('629', np.float64(15.2236), 0), ('22', np.float64(14.6953), 2), ('96', np.float64(14.6254), 0)]",0.4,1.0,0.5714285714285715,0.5902777777777777
53,BM25,0,1,"[('208', np.float64(38.1196), 4), ('1221', np.float64(30.2447), 0), ('437', np.float64(27.4554), 0), ('1253', np.float64(26.2745), 0), ('531', np.float64(23.3524), -1), ('407', np.float64(22.3246), 0), ('269', np.float64(22.0349), 0), ('456', np.float64(21.5094), 0), ('270', np.float64(21.3076), 0), ('298', np.float64(21.2286), 4)]",0.2,0.2,0.20000000000000004,0.2403522084364264
54,BM25,0,1,"[('123', np.float64(39.1408), -1), ('84', np.float64(31.2889), 2), ('1307', np.float64(27.5345), 0), ('274', np.float64(27.4371), 0), ('1213', np.float64(26.8529), 0), ('44', np.float64(26.5501), 0), ('623', np.float64(26.4269), 0), ('666', np.float64(25.8506), 0), ('525', np.float64(25.7184), 0), ('1185', np.float64(25.6773), 0)]",0.1,0.1111111111111111,0.10526315789473685,0.13966365912717296
55,BM25,0,1,"[('376', np.float64(24.6591), 4), ('17', np.float64(22.8693), 0), ('1301', np.float64(21.6501), 0), ('1185', np.float64(21.3253), 0), ('798', np.float64(20.162), 0), ('251', np.float64(20.1075), 0), ('460', np.float64(19.7713), 2), ('241', np.float64(18.9457), 0), ('135', np.float64(18.0136), 0), ('562', np.float64(17.9826), 2)]",0.3,0.3,0.3,0.29286747855084483
56,BM25,0,1,"[('753', np.float64(40.9269), -1), ('14', np.float64(26.173), 4), ('783', np.float64(25.9674), 0), ('1331', np.float64(20.5519), 0), ('1339', np.float64(19.2442), 3), ('441', np.float64(18.4064), 0), ('251', np.float64(16.4561), 0), ('1105', np.float64(15.9533), 0), ('638', np.float64(15.59), 0), ('781', np.float64(14.6643), 0)]",0.2,0.2,0.20000000000000004,0.1314998036771654
57,BM25,0,1,"[('753', np.float64(23.3464), -1), ('1181', np.float64(16.4783), 0), ('380', np.float64(15.6788), 2), ('117', np.float64(15.6624), 0), ('916', np.float64(15.6392), 0), ('52', np.float64(15.1818), 0), ('444', np.float64(15.0421), 0), ('899', np.float64(13.992), 0), ('810', np.float64(13.7356), 0), ('1272', np.float64(13.3317), 0)]",0.1,0.07142857142857142,0.08333333333333333,0.08276026002560359
58,BM25,0,1,"[('754', np.float64(29.3495), -1), ('788', np.float64(29.2765), 2), ('269', np.float64(28.4187), 0), ('1159', np.float64(26.8041), 0), ('120', np.float64(25.795), 0), ('270', np.float64(25.695), 0), ('873', np.float64(24.6561), 0), ('88', np.float64(23.5037), 0), ('787', np.float64(22.6349), 3), ('963', np.float64(22.5874), 0)]",0.2,0.2222222222222222,0.2105263157894737,0.22502856415892078
59,BM25,0,1,"[('381', np.float64(15.5419), 0), ('610', np.float64(14.2651), 0), ('912', np.float64(13.9973), 0), ('292', np.float64(13.9827), 0), ('785', np.float64(13.8521), 3), ('646', np.float64(13.7152), 0), ('786', np.float64(13.3856), 3), ('272', np.float64(13.1498), 0), ('789', np.float64(13.0254), 0), ('1154', np.float64(13.0047), 0)]",0.2,0.5,0.28571428571428575,0.14287173003987164
60,BM25,0,1,"[('527', np.float64(35.7832), 3), ('321', np.float64(32.7987), 0), ('322', np.float64(28.7629), -1), ('320', np.float64(27.8055), 4), ('476', np.float64(23.7022), 3), ('107', np.float64(21.417), 0), ('365', np.float64(20.4579), 0), ('641', np.float64(20.4185), 0), ('266', np.float64(19.6903), 0), ('1235', np.float64(19.5822), 0)]",0.3,0.6,0.4,0.45155641190323276
61,BM25,0,1,"[('564', np.float64(22.7193), 3), ('566', np.float64(20.676), 2), ('539', np.float64(20.1721), -1), ('435', np.float64(18.0343), 0), ('1213', np.float64(16.9448), 0), ('333', np.float64(16.1702), 0), ('1258', np.float64(16.0678), 0), ('553', np.float64(15.1214), 0), ('1307', np.float64(14.3022), 0), ('283', np.float64(14.118), 0)]",0.2,0.4,0.26666666666666666,0.5171380471380471
62,BM25,0,1,"[('459', np.float64(26.79), 0), ('1268', np.float64(26.1172), 0), ('148', np.float64(25.4277), 0), ('1258', np.float64(24.6152), 0), ('452', np.float64(24.2022), 0), ('483', np.float64(23.7514), 0), ('381', np.float64(23.6), 0), ('105', np.float64(23.4899), 0), ('785', np.float64(23.4191), 0), ('255', np.float64(22.0565), 0)]",0.0,0.0,0.0,0.021856981355857074
63,BM25,0,1,"[('1135', np.float64(12.9654), 0), ('738', np.float64(12.5512), 0), ('491', np.float64(11.3641), 0), ('843', np.float64(11.0592), 0), ('1051', np.float64(10.9214), 0), ('158', np.float64(10.878), 0), ('1106', np.float64(10.5023), 0), ('1121', np.float64(10.2882), 0), ('1336', np.float64(10.2529), 0), ('1104', np.float64(10.2247), 0)]",0.0,0.0,0.0,0.025685782811313434
64,BM25,0,1,"[('390', np.float64(24.9819), 1), ('914', np.float64(22.6346), 0), ('52', np.float64(21.7443), 0), ('719', np.float64(21.4496), 0), ('730', np.float64(21.1115), 0), ('928', np.float64(20.2393), 0), ('1204', np.float64(19.1337), 0), ('627', np.float64(19.0854), -1), ('1225', np.float64(19.0287), 0), ('37', np.float64(18.6839), 0)]",0.1,0.5,0.16666666666666669,0.5147058823529411
65,BM25,0,1,"[('388', np.float64(28.2921), -1), ('3', np.float64(21.7711), 2), ('569', np.float64(20.5321), 0), ('1355', np.float64(19.0368), 0), ('393', np.float64(18.5845), 3), ('664', np.float64(17.9765), 2), ('1106', np.float64(17.7893), 0), ('180', np.float64(17.6382), 3), ('1237', np.float64(17.1817), 0), ('4', np.float64(16.9825), 3)]",0.5,0.3333333333333333,0.4,0.21833446847921378
66,BM25,0,1,"[('128', np.float64(31.3724), 0), ('191', np.float64(22.3657), 0), ('366', np.float64(20.9205), 0), ('329', np.float64(20.4408), 0), ('1206', np.float64(20.2036), 0), ('131', np.float64(19.8715), 0), ('305', np.float64(19.3812), 0), ('1251', np.float64(18.7971), 0), ('2', np.float64(18.5923), 0), ('629', np.float64(18.4165), 2)]",0.1,0.2,0.13333333333333333,0.08019423443358535
67,BM25,0,1,"[('393', np.float64(19.5232), 3), ('2', np.float64(18.0519), 1), ('180', np.float64(18.0378), 1), ('4', np.float64(17.3709), 3), ('664', np.float64(17.0661), 2), ('135', np.float64(16.8981), 0), ('9', np.float64(16.8474), 0), ('309', np.float64(16.7282), 0), ('388', np.float64(16.531), -1), ('3', np.float64(16.4706), 1)]",0.6,0.42857142857142855,0.5,0.5025302173412783
68,BM25,0,1,"[('628', np.float64(31.8504), -1), ('344', np.float64(18.2694), 0), ('662', np.float64(16.2386), 2), ('364', np.float64(15.6262), 0), ('773', np.float64(15.3393), 0), ('338', np.float64(15.0212), 0), ('1100', np.float64(14.716), 0), ('1205', np.float64(14.4851), 0), ('560', np.float64(14.4363), 0), ('535', np.float64(14.0604), 0)]",0.1,0.2,0.13333333333333333,0.09537426708324906
69,BM25,0,1,"[('128', np.float64(15.4695), 0), ('540', np.float64(13.7736), -1), ('458', np.float64(13.1156), 2), ('117', np.float64(13.0542), 0), ('306', np.float64(13.0135), 0), ('299', np.float64(12.9445), 0), ('292', np.float64(12.6658), 0), ('264', np.float64(12.6415), 0), ('111', np.float64(12.5417), 0), ('1383', np.float64(12.3973), 0)]",0.1,0.2,0.13333333333333333,0.08935397335139054
70,BM25,0,1,"[('540', np.float64(14.2031), -1), ('62', np.float64(13.4261), 2), ('180', np.float64(13.0302), 0), ('300', np.float64(11.423), 0), ('349', np.float64(11.34), 0), ('1149', np.float64(11.334), 0), ('104', np.float64(11.0554), 0), ('305', np.float64(10.7762), 0), ('1185', np.float64(10.5788), 0), ('527', np.float64(10.5237), 0)]",0.1,0.1,0.10000000000000002,0.10012105211553621
71,BM25,0,1,"[('540', np.float64(14.18), -1), ('305', np.float64(13.7213), 0), ('573', np.float64(13.6808), 0), ('63', np.float64(13.079), 0), ('525', np.float64(12.6934), 0), ('572', np.float64(12.0945), 1), ('1299', np.float64(11.9883), 0), ('1395', np.float64(11.7886), 0), ('570', np.float64(11.6272), 0), ('1253', np.float64(11.6066), 0)]",0.1,0.125,0.11111111111111112,0.0553050323505356
72,BM25,0,1,"[('315', np.float64(20.17), 0), ('1395', np.float64(19.7419), 0), ('630', np.float64(19.5679), 2), ('511', np.float64(19.1849), 0), ('1078', np.float64(18.4147), 0), ('63', np.float64(18.4049), 0), ('193', np.float64(18.0739), 0), ('139', np.float64(17.7263), 0), ('134', np.float64(17.6201), 0), ('1157', np.float64(17.3319), 0)]",0.1,0.058823529411764705,0.07407407407407408,0.0558329254281158
73,BM25,0,1,"[('332', np.float64(38.3154), 2), ('541', np.float64(32.2824), -1), ('1296', np.float64(25.6064), 0), ('401', np.float64(25.2928), 2), ('573', np.float64(24.2771), 3), ('625', np.float64(24.0529), 2), ('577', np.float64(21.8483), 4), ('1072', np.float64(20.1057), 0), ('488', np.float64(19.4245), 0), ('572', np.float64(19.3991), 2)]",0.6,0.3,0.4,0.33479583621863396
74,BM25,0,1,"[('625', np.float64(24.6593), 0), ('1153', np.float64(20.5643), 0), ('876', np.float64(19.6757), 0), ('372', np.float64(18.9009), 0), ('1143', np.float64(18.6767), 0), ('68', np.float64(18.4915), 0), ('26', np.float64(18.0607), 0), ('364', np.float64(17.8135), 0), ('431', np.float64(17.6768), 0), ('576', np.float64(17.1405), 2)]",0.1,0.16666666666666666,0.125,0.11703414045010015
75,BM25,0,1,"[('565', np.float64(21.2562), 0), ('645', np.float64(18.5074), 0), ('306', np.float64(18.3034), 0), ('55', np.float64(18.2115), 0), ('630', np.float64(18.1812), -1), ('50', np.float64(18.0332), 0), ('959', np.float64(17.2138), 0), ('82', np.float64(17.1557), 0), ('1097', np.float64(17.0151), 0), ('580', np.float64(16.8602), 0)]",0.0,0.0,0.0,0.018365678822945722
76,BM25,0,1,"[('630', np.float64(26.2992), -1), ('667', np.float64(21.037), 2), ('565', np.float64(20.7477), 0), ('666', np.float64(20.2578), 3), ('315', np.float64(17.7014), 0), ('50', np.float64(17.6413), 0), ('364', np.float64(17.5734), 0), ('62', np.float64(17.427), 0), ('1391', np.float64(17.4158), 3), ('1274', np.float64(17.2008), 0)]",0.3,0.42857142857142855,0.3529411764705882,0.22755194120659014
77,BM25,0,1,"[('1395', np.float64(28.8374), 0), ('667', np.float64(23.5691), 3), ('1264', np.float64(23.5008), 0), ('329', np.float64(22.6691), 4), ('630', np.float64(22.4183), -1), ('1391', np.float64(18.708), 4), ('272', np.float64(18.5577), 0), ('170', np.float64(18.5041), 0), ('347', np.float64(18.4613), 0), ('315', np.float64(18.1541), 0)]",0.3,0.5,0.37499999999999994,0.3316507955641273
78,BM25,0,1,"[('543', np.float64(25.5604), -1), ('589', np.float64(22.0947), 3), ('237', np.float64(21.5565), 0), ('216', np.float64(20.199), 0), ('578', np.float64(15.3734), 0), ('588', np.float64(14.7389), 2), ('591', np.float64(13.7573), 0), ('138', np.float64(12.8173), 0), ('935', np.float64(12.5536), 0), ('590', np.float64(11.6784), 3)]",0.3,1.0,0.4615384615384615,0.37777777777777777
79,BM25,0,1,"[('199', np.float64(23.3726), 0), ('196', np.float64(22.8753), 0), ('544', np.float64(22.1774), -1), ('755', np.float64(21.1639), 0), ('567', np.float64(20.3973), 0), ('597', np.float64(18.9481), 3), ('56', np.float64(17.9356), 0), ('516', np.float64(17.7897), 0), ('52', np.float64(17.7325), 0), ('748', np.float64(17.7003), 0)]",0.1,0.2,0.13333333333333333,0.05449113845677579
80,BM25,0,1,"[('544', np.float64(26.4926), -1), ('546', np.float64(18.4423), 0), ('1335', np.float64(16.7062), 0), ('1019', np.float64(15.5105), 0), ('602', np.float64(15.461), 0), ('622', np.float64(15.3297), 0), ('813', np.float64(15.2565), 0), ('441', np.float64(15.1477), 0), ('606', np.float64(14.8418), 0), ('790', np.float64(14.3597), 0)]",0.0,0.0,0.0,0.012084604978434995
81,BM25,0,1,"[('799', np.float64(22.4416), 4), ('714', np.float64(21.4749), 0), ('672', np.float64(21.0018), 1), ('631', np.float64(20.7332), -1), ('755', np.float64(18.5313), 0), ('203', np.float64(17.9811), 0), ('140', np.float64(17.5922), 0), ('544', np.float64(17.1869), 0), ('1163', np.float64(17.1827), 0), ('1153', np.float64(16.3478), 0)]",0.2,1.0,0.33333333333333337,0.8333333333333333
82,BM25,0,1,"[('1339', np.float64(26.6096), 0), ('677', np.float64(25.2477), 2), ('1334', np.float64(24.7964), 0), ('678', np.float64(24.6051), 3), ('1332', np.float64(22.2087), 0), ('247', np.float64(21.3214), 0), ('1289', np.float64(20.9166), 0), ('676', np.float64(20.1506), 2), ('465', np.float64(19.9259), 0), ('704', np.float64(19.5251), 0)]",0.3,0.6,0.4,0.2939075630252101
83,BM25,0,1,"[('1275', np.float64(15.3915), 0), ('680', np.float64(13.0769), 2), ('236', np.float64(12.0224), 0), ('1196', np.float64(11.9724), 0), ('753', np.float64(11.3442), 0), ('428', np.float64(11.1658), 0), ('224', np.float64(10.3378), 0), ('232', np.float64(9.05), 0), ('593', np.float64(8.6768), 0), ('1141', np.float64(8.5114), 0)]",0.1,0.25,0.14285714285714288,0.13475408291109067
84,BM25,0,1,"[('294', np.float64(26.4773), 3), ('522', np.float64(25.2507), 4), ('873', np.float64(23.5405), 4), ('142', np.float64(20.2606), 3), ('546', np.float64(19.8583), -1), ('378', np.float64(18.7671), 0), ('554', np.float64(18.5633), 0), ('555', np.float64(18.3792), 0), ('1104', np.float64(18.3187), 0), ('872', np.float64(17.9396), 0)]",0.4,0.36363636363636365,0.380952380952381,0.43269194910086883
85,BM25,0,1,"[('315', np.float64(20.135), 0), ('710', np.float64(20.0654), 3), ('314', np.float64(19.708), 0), ('294', np.float64(19.5098), 0), ('184', np.float64(19.0902), 0), ('798', np.float64(18.4754), 0), ('80', np.float64(17.4903), 0), ('272', np.float64(17.2178), 0), ('40', np.float64(17.1399), 0), ('84', np.float64(17.0214), 0)]",0.1,0.25,0.14285714285714288,0.13560011907224878
86,BM25,0,1,"[('755', np.float64(44.5171), -1), ('594', np.float64(29.3119), 3), ('790', np.float64(26.4442), 3), ('431', np.float64(25.9538), 0), ('188', np.float64(24.1853), 0), ('179', np.float64(23.3659), 0), ('1155', np.float64(20.2854), 0), ('1290', np.float64(20.1737), 0), ('280', np.float64(20.1411), 0), ('141', np.float64(18.9134), 0)]",0.2,1.0,0.33333333333333337,0.5833333333333333
87,BM25,0,1,"[('547', np.float64(26.1797), -1), ('439', np.float64(19.6453), 0), ('797', np.float64(19.4435), 0), ('334', np.float64(19.1452), 0), ('1198', np.float64(18.8659), 0), ('2', np.float64(18.8526), 0), ('26', np.float64(18.7593), 0), ('572', np.float64(18.383), 0), ('667', np.float64(18.3462), 0), ('1309', np.float64(18.3094), 0)]",0.0,0.0,0.0,0.01406222735788376
88,BM25,0,1,"[('548', np.float64(51.7199), -1), ('613', np.float64(47.788), 2), ('615', np.float64(42.641), 2), ('614', np.float64(39.68), 2), ('617', np.float64(38.6252), 3), ('622', np.float64(37.5308), 0), ('616', np.float64(33.9862), 3), ('618', np.float64(27.9784), 4), ('621', np.float64(23.5494), 0), ('162', np.float64(21.5659), 0)]",0.6,1.0,0.7499999999999999,0.6968253968253969
89,BM25,0,1,"[('1338', np.float64(25.6233), 0), ('793', np.float64(25.2409), 2), ('1341', np.float64(22.3863), 0), ('52', np.float64(22.1322), 0), ('879', np.float64(21.8867), 0), ('315', np.float64(21.3582), 0), ('205', np.float64(21.2302), 0), ('699', np.float64(20.8775), 0), ('924', np.float64(20.4611), 0), ('1290', np.float64(20.3868), 0)]",0.1,0.16666666666666666,0.125,0.21400361321237768
90,BM25,0,1,"[('265', np.float64(16.1239), 0), ('311', np.float64(14.2472), 3), ('358', np.float64(13.9368), 0), ('304', np.float64(13.671), 0), ('1257', np.float64(13.3494), 0), ('291', np.float64(13.2264), 3), ('1187', np.float64(13.2256), 4), ('134', np.float64(12.7335), 0), ('655', np.float64(12.7009), 0), ('293', np.float64(12.4755), 0)]",0.3,0.23076923076923078,0.2608695652173913,0.16707664461500335
91,BM25,0,1,"[('252', np.float64(16.5312), 2), ('924', np.float64(14.5178), 0), ('431', np.float64(13.6696), 0), ('799', np.float64(12.877), 3), ('795', np.float64(12.3105), 0), ('1079', np.float64(12.054), 0), ('1153', np.float64(11.7241), 0), ('672', np.float64(11.1873), 4), ('1154', np.float64(10.7566), 3), ('925', np.float64(10.6634), 0)]",0.4,0.4444444444444444,0.4210526315789474,0.36376464812224263
92,BM25,0,1,"[('810', np.float64(33.527), 4), ('807', np.float64(30.6787), 4), ('758', np.float64(29.37), -1), ('806', np.float64(29.2636), 4), ('804', np.float64(26.4499), 4), ('683', np.float64(25.6102), 0), ('1247', np.float64(24.9191), 3), ('1252', np.float64(24.0934), 0), ('809', np.float64(22.695), 3), ('36', np.float64(22.4462), 0)]",0.6,0.46153846153846156,0.5217391304347826,0.5223610494398196
93,BM25,0,1,"[('635', np.float64(53.843), -1), ('691', np.float64(32.7715), 3), ('68', np.float64(23.6496), 0), ('1336', np.float64(22.0749), 0), ('1241', np.float64(18.9726), 0), ('1143', np.float64(18.4272), 0), ('1335', np.float64(18.4092), 0), ('421', np.float64(18.4048), 0), ('1157', np.float64(17.9598), 0), ('1315', np.float64(17.4633), 0)]",0.1,1.0,0.18181818181818182,0.5
94,BM25,0,1,"[('1393', np.float64(25.1423), 3), ('283', np.float64(22.7671), 3), ('559', np.float64(22.1075), 3), ('983', np.float64(22.0836), 0), ('1104', np.float64(21.395), 4), ('1161', np.float64(21.0076), 4), ('101', np.float64(20.5099), 4), ('1394', np.float64(19.9781), 0), ('438', np.float64(19.6033), 0), ('84', np.float64(19.0966), 0)]",0.6,0.5,0.5454545454545454,0.5929499551016578
95,BM25,0,1,"[('662', np.float64(16.1377), 4), ('553', np.float64(15.1888), 0), ('1002', np.float64(13.0509), 0), ('36', np.float64(12.8551), 0), ('1258', np.float64(12.4972), 0), ('1104', np.float64(12.452), 0), ('554', np.float64(12.0055), 0), ('101', np.float64(11.6096), 0), ('628', np.float64(11.3285), 0), ('635', np.float64(11.3281), -1)]",0.1,0.5,0.16666666666666669,0.5833333333333334
96,BM25,0,1,"[('637', np.float64(22.4867), -1), ('698', np.float64(20.5806), 4), ('1289', np.float64(16.6227), 3), ('680', np.float64(16.2008), 0), ('705', np.float64(16.1066), 3), ('779', np.float64(15.9724), 3), ('803', np.float64(15.5702), 0), ('699', np.float64(14.8855), 4), ('712', np.float64(14.8323), 0), ('465', np.float64(14.7348), 0)]",0.5,0.38461538461538464,0.4347826086956522,0.372338604626109
97,BM25,0,1,"[('1331', np.float64(28.281), 0), ('1289', np.float64(17.4778), 4), ('779', np.float64(16.9317), 3), ('882', np.float64(15.6241), 0), ('251', np.float64(15.5964), 0), ('1270', np.float64(15.3777), 0), ('783', np.float64(13.8942), 0), ('1214', np.float64(13.5309), 0), ('701', np.float64(13.1493), 3), ('36', np.float64(12.9759), 0)]",0.3,0.3,0.3,0.19313804436702353
98,BM25,0,1,"[('638', np.float64(34.9646), -1), ('673', np.float64(28.6105), 0), ('315', np.float64(23.1599), 0), ('1343', np.float64(22.2517), 0), ('792', np.float64(21.8578), 0), ('1163', np.float64(20.35), 0), ('704', np.float64(19.1061), 0), ('433', np.float64(19.0695), 0), ('685', np.float64(19.0208), 0), ('1091', np.float64(18.1667), 0)]",0.0,0.0,0.0,0.023296939215258564
99,BM25,0,1,"[('639', np.float64(55.7827), -1), ('715', np.float64(36.2831), 0), ('719', np.float64(33.2935), 2), ('716', np.float64(29.6001), 0), ('1348', np.float64(28.3557), 0), ('717', np.float64(27.6509), 2), ('403', np.float64(23.9066), 0), ('1034', np.float64(23.884), 0), ('682', np.float64(22.6896), 0), ('914', np.float64(22.5463), 0)]",0.2,0.5,0.28571428571428575,0.17876451742090507
100,BM25,0,1,"[('1122', np.float64(33.1767), 2), ('760', np.float64(32.3044), -1), ('822', np.float64(31.5333), 2), ('1068', np.float64(29.9176), 0), ('1126', np.float64(28.8608), 0), ('897', np.float64(28.002), 0), ('885', np.float64(27.7828), 0), ('739', np.float64(26.9559), 0), ('1171', np.float64(26.6176), 0), ('1051', np.float64(26.2784), 3)]",0.3,0.3333333333333333,0.3157894736842105,0.2724926573858419
101,BM25,0,1,"[('819', np.float64(34.5635), 2), ('817', np.float64(30.7307), 2), ('760', np.float64(29.6196), -1), ('818', np.float64(28.6251), 2), ('820', np.float64(27.8146), 3), ('1119', np.float64(27.3477), 0), ('823', np.float64(26.01), 0), ('837', np.float64(24.4308), 0), ('825', np.float64(24.3163), 3), ('826', np.float64(22.4872), 0)]",0.5,0.8333333333333334,0.625,0.7259259259259259
102,BM25,0,1,"[('910', np.float64(12.5226), 3), ('729', np.float64(11.1775), -1), ('516', np.float64(10.7949), 0), ('1339', np.float64(10.6716), 0), ('650', np.float64(9.8753), 0), ('446', np.float64(9.7038), 0), ('1290', np.float64(9.5324), 0), ('728', np.float64(9.3541), 1), ('1289', np.float64(9.2661), 0), ('1092', np.float64(9.139), 0)]",0.2,0.5,0.28571428571428575,0.3481497175141243
103,BM25,0,1,"[('761', np.float64(20.0661), -1), ('1214', np.float64(16.3577), 0), ('1127', np.float64(12.6147), 0), ('1048', np.float64(12.4715), 0), ('1050', np.float64(12.2156), 0), ('956', np.float64(11.5663), 0), ('1126', np.float64(11.1718), 0), ('951', np.float64(10.6066), 0), ('251', np.float64(10.1033), 0), ('720', np.float64(9.9218), 0)]",0.0,0.0,0.0,0.027503437929741217
104,BM25,0,1,"[('762', np.float64(25.5043), -1), ('1024', np.float64(20.4623), 0), ('744', np.float64(18.9976), 0), ('462', np.float64(18.2683), 0), ('837', np.float64(17.9396), 3), ('1019', np.float64(17.3097), 0), ('644', np.float64(17.2719), 0), ('1055', np.float64(17.1742), 0), ('824', np.float64(16.7098), 0), ('739', np.float64(16.4723), 0)]",0.1,0.2,0.13333333333333333,0.08395923843598262
105,BM25,0,1,"[('764', np.float64(37.1575), -1), ('848', np.float64(34.9767), 3), ('847', np.float64(21.5645), 4), ('846', np.float64(19.4196), 4), ('953', np.float64(17.3569), 0), ('1126', np.float64(16.169), 0), ('763', np.float64(15.3333), 0), ('1068', np.float64(15.271), 0), ('1067', np.float64(14.9096), 0), ('739', np.float64(14.8121), 0)]",0.3,0.6,0.4,0.42466666666666664
106,BM25,0,1,"[('847', np.float64(11.9601), 2), ('764', np.float64(11.6571), -1), ('1036', np.float64(10.8938), 0), ('953', np.float64(9.7473), 0), ('844', np.float64(9.699), 4), ('848', np.float64(9.6823), 0), ('846', np.float64(9.1613), 3), ('42', np.float64(8.8781), 0), ('1038', np.float64(8.6838), 0), ('1042', np.float64(8.6051), 0)]",0.3,0.6,0.4,0.42421299149513125
107,BM25,0,1,"[('640', np.float64(35.3609), -1), ('725', np.float64(25.9929), 2), ('883', np.float64(24.3677), 0), ('220', np.float64(22.1426), 0), ('909', np.float64(22.02), 4), ('870', np.float64(20.488), 0), ('724', np.float64(20.2018), 0), ('720', np.float64(20.0706), 4), ('12', np.float64(19.6922), 0), ('729', np.float64(19.0578), 3)]",0.4,0.5714285714285714,0.47058823529411764,0.3095098039215686
108,BM25,0,1,"[('724', np.float64(24.6587), 2), ('75', np.float64(24.2763), 3), ('726', np.float64(19.6486), 2), ('884', np.float64(19.4919), 0), ('720', np.float64(18.9257), 4), ('883', np.float64(17.564), 0), ('727', np.float64(16.4341), 2), ('881', np.float64(15.3723), 0), ('640', np.float64(15.3253), -1), ('867', np.float64(13.5375), 0)]",0.5,0.7142857142857143,0.588235294117647,0.7727891156462585
109,BM25,0,1,"[('391', np.float64(13.8715), 0), ('859', np.float64(12.9857), 0), ('627', np.float64(12.1603), 0), ('1008', np.float64(12.149), 0), ('711', np.float64(11.6304), 0), ('51', np.float64(10.9265), 0), ('31', np.float64(10.8762), 0), ('658', np.float64(10.7534), 0), ('5', np.float64(10.3949), 0), ('390', np.float64(9.9458), 0)]",0.0,0.0,0.0,0.03864223801723802
110,BM25,0,1,"[('1387', np.float64(21.5444), 0), ('15', np.float64(21.3062), 0), ('862', np.float64(21.0023), 1), ('744', np.float64(19.5411), 0), ('1035', np.float64(19.5059), 0), ('1117', np.float64(19.4418), 0), ('412', np.float64(19.2181), 0), ('856', np.float64(18.8517), 0), ('1131', np.float64(18.8243), 0), ('1017', np.float64(18.61), 0)]",0.1,0.25,0.14285714285714288,0.11160905803762947
111,BM25,0,1,"[('894', np.float64(27.7812), -1), ('857', np.float64(22.7154), 0), ('627', np.float64(22.5027), 3), ('856', np.float64(20.2368), 0), ('390', np.float64(18.3765), 0), ('1008', np.float64(18.2132), 0), ('1131', np.float64(18.183), 0), ('392', np.float64(18.1682), 3), ('658', np.float64(18.0799), 3), ('859', np.float64(17.2765), 0)]",0.3,0.42857142857142855,0.3529411764705882,0.25774225774225773
112,BM25,0,1,"[('641', np.float64(45.6805), -1), ('730', np.float64(32.2128), 4), ('734', np.float64(25.3269), 0), ('422', np.float64(23.9877), 0), ('733', np.float64(22.042), 0), ('736', np.float64(21.5575), 0), ('735', np.float64(20.891), 0), ('648', np.float64(20.3832), 0), ('15', np.float64(19.8801), 0), ('644', np.float64(19.8529), 0)]",0.1,0.5,0.16666666666666669,0.3055555555555556
113,BM25,0,1,"[('815', np.float64(17.6426), 0), ('704', np.float64(17.221), 0), ('748', np.float64(16.4681), 3), ('708', np.float64(15.9459), 0), ('638', np.float64(15.5448), 0), ('467', np.float64(15.2532), 0), ('52', np.float64(15.2228), 0), ('265', np.float64(14.945), 3), ('360', np.float64(14.8754), 0), ('197', np.float64(14.6366), 0)]",0.2,0.5,0.28571428571428575,0.16578775661251996
114,BM25,0,1,"[('895', np.float64(45.1685), -1), ('704', np.float64(34.5929), 0), ('917', np.float64(33.7559), 0), ('315', np.float64(31.6367), 0), ('712', np.float64(31.1037), 0), ('1333', np.float64(31.0867), 0), ('1266', np.float64(30.069), 0), ('1360', np.float64(28.0782), 0), ('676', np.float64(27.7591), 0), ('919', np.float64(27.6764), 1)]",0.1,0.25,0.14285714285714288,0.06342574634558867
115,BM25,0,1,"[('486', np.float64(18.0563), 0), ('184', np.float64(16.589), -1), ('51', np.float64(14.3559), 2), ('527', np.float64(14.2004), 0), ('746', np.float64(14.1886), 0), ('540', np.float64(14.1869), 0), ('81', np.float64(13.8554), 0), ('782', np.float64(13.3612), 0), ('371', np.float64(13.2633), 0), ('1002', np.float64(13.0497), 0)]",0.1,0.25,0.14285714285714288,0.09320142480960839
116,BM25,0,1,"[('522', np.float64(23.8213), 0), ('1106', np.float64(21.0181), 0), ('1038', np.float64(20.4551), 0), ('759', np.float64(18.5945), 0), ('605', np.float64(18.2721), 3), ('272', np.float64(18.078), 0), ('384', np.float64(16.8837), 0), ('423', np.float64(16.8348), 0), ('801', np.float64(16.6302), 0), ('1351', np.float64(16.5949), 0)]",0.1,0.2,0.13333333333333333,0.05165974945120692
117,BM25,0,1,"[('229', np.float64(21.1426), 0), ('282', np.float64(20.6781), 0), ('196', np.float64(20.1768), 0), ('230', np.float64(19.6415), 0), ('122', np.float64(17.6683), 0), ('907', np.float64(17.5621), 0), ('60', np.float64(17.4665), 0), ('1164', np.float64(17.2299), 0), ('1304', np.float64(16.4874), 0), ('924', np.float64(16.368), 0)]",0.0,0.0,0.0,0.03286637931034483
118,BM25,0,1,"[('520', np.float64(29.7016), 0), ('246', np.float64(28.4429), 0), ('229', np.float64(26.8412), 0), ('923', np.float64(25.8735), 2), ('924', np.float64(23.2284), 3), ('1062', np.float64(23.0542), 0), ('1075', np.float64(22.9359), 0), ('803', np.float64(22.1375), 0), ('1074', np.float64(22.1057), 0), ('1239', np.float64(20.9701), 0)]",0.2,0.6666666666666666,0.30769230769230765,0.22656765676567658
119,BM25,0,1,"[('926', np.float64(32.839), 4), ('928', np.float64(28.9296), 0), ('1055', np.float64(25.8248), 0), ('1024', np.float64(25.5259), 0), ('897', np.float64(25.5236), -1), ('1033', np.float64(25.0797), 0), ('1068', np.float64(24.691), 0), ('1051', np.float64(24.668), 0), ('744', np.float64(24.3912), 0), ('765', np.float64(24.2279), 0)]",0.1,1.0,0.18181818181818182,1.0
120,BM25,0,1,"[('769', np.float64(49.6962), -1), ('887', np.float64(36.8438), 2), ('890', np.float64(31.1644), 2), ('1172', np.float64(27.0153), 0), ('1070', np.float64(26.6102), 0), ('740', np.float64(26.1291), 0), ('1122', np.float64(25.8886), 0), ('886', np.float64(25.4057), 3), ('885', np.float64(24.5962), 3), ('888', np.float64(24.3547), 3)]",0.5,0.5555555555555556,0.5263157894736842,0.4222748021767629
121,BM25,0,1,"[('769', np.float64(27.7305), -1), ('887', np.float64(24.8162), 1), ('888', np.float64(24.3302), 1), ('1146', np.float64(24.3048), 2), ('890', np.float64(24.0731), 1), ('1017', np.float64(23.2466), 0), ('1127', np.float64(18.7011), 0), ('1177', np.float64(18.5423), 0), ('1178', np.float64(18.4812), 0), ('1117', np.float64(17.6), 0)]",0.4,0.5714285714285714,0.47058823529411764,0.5089998161426733
122,BM25,0,1,"[('898', np.float64(21.7887), -1), ('1068', np.float64(17.5747), 0), ('1070', np.float64(17.4869), 0), ('78', np.float64(17.1646), 0), ('251', np.float64(16.8955), 0), ('893', np.float64(16.5289), 0), ('934', np.float64(15.602), 4), ('828', np.float64(15.1448), 0), ('931', np.float64(15.1341), 4), ('1118', np.float64(14.8521), 0)]",0.2,0.2222222222222222,0.2105263157894737,0.12050022969047793
123,BM25,0,1,"[('1360', np.float64(20.904), 0), ('941', np.float64(19.322), -1), ('740', np.float64(16.1292), 0), ('112', np.float64(16.0891), 0), ('270', np.float64(14.8838), 0), ('742', np.float64(14.7131), 0), ('147', np.float64(14.624), 0), ('775', np.float64(14.4474), 0), ('1221', np.float64(14.415), 0), ('131', np.float64(13.7247), 0)]",0.0,0.0,0.0,0.05131578947368421
124,BM25,0,1,"[('941', np.float64(31.3351), -1), ('1068', np.float64(25.2247), 0), ('516', np.float64(24.8091), 0), ('78', np.float64(23.5156), 0), ('315', np.float64(23.4294), 0), ('828', np.float64(23.2117), 0), ('251', np.float64(23.016), 0), ('442', np.float64(22.9217), 0), ('1072', np.float64(22.763), 0), ('514', np.float64(22.1804), 0)]",0.0,0.0,0.0,0.003118107506863322
125,BM25,0,1,"[('997', np.float64(14.5265), 2), ('993', np.float64(13.6336), 0), ('176', np.float64(13.1543), 3), ('1083', np.float64(12.4434), 0), ('970', np.float64(11.898), 2), ('131', np.float64(11.8363), 0), ('696', np.float64(11.5564), 0), ('1074', np.float64(11.437), 0), ('1350', np.float64(11.1201), 0), ('1075', np.float64(10.7563), 0)]",0.3,0.17647058823529413,0.22222222222222224,0.281153683530337
126,BM25,0,1,"[('1326', np.float64(27.9982), 2), ('1288', np.float64(23.2168), 0), ('974', np.float64(20.3795), 2), ('773', np.float64(16.8187), 0), ('1095', np.float64(16.2452), 0), ('1083', np.float64(12.9706), 0), ('1265', np.float64(12.6435), 0), ('1169', np.float64(11.3131), 0), ('397', np.float64(10.9712), 0), ('237', np.float64(9.6953), 0)]",0.2,0.25,0.22222222222222224,0.2225570975810359
127,BM25,0,1,"[('6', np.float64(25.3761), 0), ('869', np.float64(24.3693), 0), ('5', np.float64(23.558), 0), ('981', np.float64(20.8317), 3), ('582', np.float64(20.4113), 0), ('158', np.float64(19.0968), 0), ('944', np.float64(17.5488), -1), ('585', np.float64(16.7), 0), ('587', np.float64(16.3019), 0), ('1375', np.float64(16.0099), 0)]",0.1,0.2,0.13333333333333333,0.10017570130777678
128,BM25,0,1,"[('945', np.float64(29.453), -1), ('92', np.float64(20.3586), 0), ('1063', np.float64(20.0256), 0), ('1087', np.float64(18.1747), 0), ('745', np.float64(17.3707), 0), ('1246', np.float64(14.9424), 0), ('493', np.float64(13.0197), 0), ('266', np.float64(12.8266), 0), ('987', np.float64(12.7755), 0), ('762', np.float64(12.6933), 0)]",0.0,0.0,0.0,0.02297008547008547
129,BM25,0,1,"[('945', np.float64(32.9955), -1), ('988', np.float64(23.622), 3), ('987', np.float64(20.0459), 2), ('989', np.float64(19.9688), 3), ('985', np.float64(18.4851), 2), ('86', np.float64(17.1466), 0), ('527', np.float64(17.0668), 0), ('314', np.float64(16.8227), 0), ('278', np.float64(14.902), 0), ('36', np.float64(13.991), 0)]",0.4,0.5714285714285714,0.47058823529411764,0.4176626149669947
130,BM25,0,1,"[('859', np.float64(33.0765), 3), ('948', np.float64(30.9252), -1), ('766', np.float64(22.7399), 2), ('1008', np.float64(21.6091), 3), ('729', np.float64(21.3049), 0), ('391', np.float64(20.9793), 0), ('858', np.float64(20.7584), 3), ('634', np.float64(20.555), 0), ('251', np.float64(18.8612), 0), ('856', np.float64(18.184), 0)]",0.4,0.8,0.5333333333333333,0.6011278195488722
131,BM25,0,1,"[('950', np.float64(43.3445), -1), ('1021', np.float64(37.2925), 0), ('1025', np.float64(31.3152), 0), ('1023', np.float64(31.1838), 0), ('1022', np.float64(29.2164), 0), ('1012', np.float64(27.8865), 4), ('952', np.float64(26.0004), 0), ('1019', np.float64(25.5907), 3), ('1034', np.float64(25.2285), 0), ('1017', np.float64(24.7682), 3)]",0.3,0.375,0.33333333333333326,0.2979785839160839
132,BM25,0,1,"[('1017', np.float64(14.5166), 3), ('1021', np.float64(14.1189), 0), ('950', np.float64(13.0587), -1), ('1013', np.float64(12.412), 3), ('1025', np.float64(12.077), 3), ('1026', np.float64(12.0648), 3), ('1020', np.float64(11.6248), 4), ('1023', np.float64(11.4898), 3), ('1052', np.float64(11.2387), 0), ('1015', np.float64(11.2265), 3)]",0.7,0.4666666666666667,0.56,0.6909138531719178
133,BM25,0,1,"[('950', np.float64(12.7566), -1), ('951', np.float64(12.5865), 0), ('1013', np.float64(12.412), 0), ('1026', np.float64(12.0648), 0), ('1020', np.float64(11.6248), 1), ('1017', np.float64(11.4958), 0), ('1023', np.float64(11.4898), 0), ('1028', np.float64(11.3259), 0), ('1015', np.float64(11.2265), 0), ('1018', np.float64(10.8871), 2)]",0.2,0.2857142857142857,0.23529411764705882,0.26098579782790304
134,BM25,0,1,"[('951', np.float64(23.6321), -1), ('1028', np.float64(21.6851), 3), ('866', np.float64(21.051), 0), ('1012', np.float64(20.6282), 0), ('1015', np.float64(17.2641), 0), ('1017', np.float64(16.9936), 0), ('1013', np.float64(16.2937), 0), ('1014', np.float64(15.2115), 0), ('1035', np.float64(15.1465), 0), ('640', np.float64(15.0072), 0)]",0.1,0.5,0.16666666666666669,0.28125
135,BM25,0,1,"[('1026', np.float64(20.2486), 4), ('1017', np.float64(20.0351), 4), ('1020', np.float64(19.9432), 0), ('1013', np.float64(19.4496), 0), ('950', np.float64(19.3355), 4), ('951', np.float64(19.2535), -1), ('1023', np.float64(18.5052), 4), ('1018', np.float64(18.2161), 1), ('1015', np.float64(18.149), 0), ('1019', np.float64(18.1394), 0)]",0.5,0.625,0.5555555555555556,0.6614125457875458
136,BM25,0,1,"[('1021', np.float64(19.947), 1), ('951', np.float64(18.9528), -1), ('891', np.float64(16.9331), 0), ('1125', np.float64(16.7107), 0), ('1033', np.float64(16.1323), 0), ('829', np.float64(15.3464), 0), ('140', np.float64(15.2376), 0), ('1031', np.float64(14.998), 0), ('831', np.float64(14.9922), 0), ('1070', np.float64(14.8252), 0)]",0.1,0.3333333333333333,0.15384615384615383,0.4021592442645074
137,BM25,0,1,"[('952', np.float64(66.4839), -1), ('1034', np.float64(43.086), 3), ('1023', np.float64(42.9614), 0), ('1026', np.float64(42.3379), 0), ('1024', np.float64(37.1035), 0), ('837', np.float64(34.8919), 0), ('1025', np.float64(34.4271), 0), ('1021', np.float64(34.4104), 3), ('1052', np.float64(32.9727), 0), ('1017', np.float64(32.6778), 0)]",0.2,0.5,0.28571428571428575,0.23015873015873015
138,BM25,0,1,"[('953', np.float64(27.5859), -1), ('764', np.float64(25.7764), 0), ('847', np.float64(25.4358), 0), ('897', np.float64(24.8998), 0), ('846', np.float64(23.1608), 1), ('740', np.float64(21.6714), 0), ('848', np.float64(20.7747), 0), ('1068', np.float64(20.7683), 0), ('887', np.float64(20.3313), 0), ('841', np.float64(20.3057), 0)]",0.1,0.5,0.16666666666666669,0.14
139,BM25,0,1,"[('897', np.float64(28.0663), 0), ('847', np.float64(26.8207), 0), ('826', np.float64(26.234), 0), ('764', np.float64(25.9116), 0), ('846', np.float64(25.292), 0), ('953', np.float64(23.4055), -1), ('844', np.float64(22.2525), 0), ('848', np.float64(22.2294), 0), ('763', np.float64(22.1891), 0), ('1038', np.float64(21.933), 0)]",0.0,0.0,0.0,0.007967979836989422
140,BM25,0,1,"[('954', np.float64(22.5534), -1), ('1038', np.float64(16.8362), 1), ('890', np.float64(15.445), 0), ('1202', np.float64(12.0642), 0), ('887', np.float64(11.5508), 0), ('1039', np.float64(11.361), 1), ('720', np.float64(10.501), 0), ('729', np.float64(10.2274), 0), ('769', np.float64(9.6925), 0), ('837', np.float64(9.5908), 0)]",0.2,0.3333333333333333,0.25,0.1622705238662908
141,BM25,0,1,"[('1038', np.float64(18.8152), 1), ('1043', np.float64(16.3215), 2), ('732', np.float64(15.9953), 0), ('852', np.float64(15.0577), 0), ('828', np.float64(14.9912), 0), ('889', np.float64(14.066), 0), ('930', np.float64(13.4058), 0), ('1135', np.float64(13.3642), 0), ('851', np.float64(13.0086), 0), ('1059', np.float64(12.9973), 0)]",0.2,0.3333333333333333,0.25,0.4027826478922483
142,BM25,0,1,"[('954', np.float64(27.0735), -1), ('1134', np.float64(19.4203), 0), ('1136', np.float64(16.682), 0), ('887', np.float64(15.7053), 0), ('890', np.float64(15.1861), 0), ('1068', np.float64(15.006), 0), ('1125', np.float64(14.5814), 0), ('827', np.float64(13.7885), 0), ('741', np.float64(13.7197), 0), ('769', np.float64(13.6212), 0)]",0.0,0.0,0.0,0.08333333333333333
143,BM25,0,1,"[('1043', np.float64(17.5665), 1), ('1068', np.float64(16.1971), 0), ('930', np.float64(15.7764), 0), ('1134', np.float64(14.0781), 0), ('828', np.float64(13.8826), 0), ('1171', np.float64(13.0786), 0), ('826', np.float64(12.6948), 0), ('1044', np.float64(12.6756), 1), ('765', np.float64(12.6334), 0), ('1129', np.float64(12.5788), 0)]",0.2,1.0,0.33333333333333337,0.625
144,BM25,0,1,"[('955', np.float64(31.2273), -1), ('1363', np.float64(30.4431), 0), ('839', np.float64(30.2776), 3), ('1126', np.float64(28.3236), 0), ('763', np.float64(27.2706), 3), ('840', np.float64(26.832), 2), ('1340', np.float64(25.6912), 0), ('786', np.float64(24.8563), 0), ('1045', np.float64(24.7722), 2), ('740', np.float64(24.2505), 0)]",0.4,0.6666666666666666,0.5,0.362962962962963
145,BM25,0,1,"[('1051', np.float64(28.4134), 0), ('839', np.float64(21.1239), 2), ('1126', np.float64(20.3504), 0), ('1118', np.float64(19.3652), 0), ('1045', np.float64(18.5461), 3), ('838', np.float64(18.5087), 2), ('827', np.float64(17.8161), 0), ('641', np.float64(17.7428), 0), ('763', np.float64(17.5644), 2), ('928', np.float64(16.5458), 0)]",0.4,0.5714285714285714,0.47058823529411764,0.29686630080330867
146,BM25,0,1,"[('955', np.float64(30.5441), -1), ('1045', np.float64(28.7736), 3), ('840', np.float64(26.4578), 1), ('1175', np.float64(23.9033), 0), ('730', np.float64(23.4063), 0), ('641', np.float64(22.7554), 0), ('854', np.float64(19.9427), 0), ('1134', np.float64(16.3386), 0), ('928', np.float64(15.1198), 0), ('1130', np.float64(15.0118), 0)]",0.2,1.0,0.33333333333333337,0.5833333333333333
147,BM25,0,1,"[('956', np.float64(44.0457), -1), ('1050', np.float64(25.659), 3), ('1049', np.float64(24.2705), 4), ('1069', np.float64(19.7445), 0), ('1171', np.float64(17.4081), 0), ('843', np.float64(17.0776), 3), ('1145', np.float64(17.0683), 0), ('1358', np.float64(16.6338), 0), ('852', np.float64(16.5631), 0), ('1128', np.float64(16.5264), 0)]",0.3,0.3,0.3,0.24506794413316157
148,BM25,0,1,"[('956', np.float64(23.9557), -1), ('1048', np.float64(23.118), 2), ('1126', np.float64(21.6497), 0), ('1050', np.float64(20.4347), 2), ('928', np.float64(16.0008), 0), ('1127', np.float64(15.9066), 0), ('1051', np.float64(15.8646), 0), ('761', np.float64(14.6807), 0), ('763', np.float64(14.5246), 0), ('827', np.float64(14.2568), 0)]",0.2,0.3333333333333333,0.25,0.21191331196559035
149,BM25,0,1,"[('930', np.float64(20.4), 3), ('1070', np.float64(17.7222), 0), ('1053', np.float64(16.2249), 0), ('1058', np.float64(16.1673), 3), ('926', np.float64(15.9649), 0), ('1068', np.float64(15.4514), 0), ('1051', np.float64(15.3355), 0), ('1059', np.float64(14.3032), 3), ('1363', np.float64(13.8055), 0), ('931', np.float64(13.6226), 3)]",0.4,0.36363636363636365,0.380952380952381,0.31909330940048125
150,BM25,0,1,"[('1074', np.float64(30.2266), 3), ('1062', np.float64(29.6898), -1), ('1075', np.float64(27.7508), 3), ('1202', np.float64(20.2148), 0), ('1108', np.float64(18.2753), 0), ('124', np.float64(17.8475), 0), ('923', np.float64(17.374), 0), ('1259', np.float64(16.6879), 0), ('814', np.float64(16.5996), 0), ('232', np.float64(16.5169), 0)]",0.2,1.0,0.33333333333333337,0.8333333333333333
151,BM25,0,1,"[('251', np.float64(17.2863), 0), ('433', np.float64(13.6403), 0), ('1246', np.float64(12.4974), 0), ('678', np.float64(11.738), 0), ('287', np.float64(11.569), 0), ('1062', np.float64(11.4815), -1), ('1333', np.float64(11.4073), 0), ('465', np.float64(11.2387), 0), ('676', np.float64(11.2138), 0), ('101', np.float64(10.9954), 0)]",0.0,0.0,0.0,0.03247022418003645
152,BM25,0,1,"[('671', np.float64(20.8529), 0), ('36', np.float64(18.1781), 0), ('1225', np.float64(17.3144), 0), ('42', np.float64(16.1382), 0), ('94', np.float64(15.9883), 0), ('1362', np.float64(15.8213), 0), ('37', np.float64(14.2545), 0), ('1365', np.float64(14.0543), 0), ('1062', np.float64(14.0462), -1), ('311', np.float64(13.7929), 0)]",0.0,0.0,0.0,0.008643230581773301
153,BM25,0,1,"[('1063', np.float64(28.8616), -1), ('1085', np.float64(16.8064), 3), ('1081', np.float64(16.2543), 4), ('1082', np.float64(15.823), 4), ('393', np.float64(14.9972), 0), ('394', np.float64(13.895), 0), ('329', np.float64(13.3732), 0), ('323', np.float64(12.6888), 0), ('117', np.float64(12.4697), 0), ('1391', np.float64(11.8593), 0)]",0.3,0.42857142857142855,0.3529411764705882,0.3074947878819691
154,BM25,0,1,"[('1088', np.float64(33.512), 3), ('1054', np.float64(21.1153), 0), ('832', np.float64(19.8881), 0), ('1087', np.float64(18.3335), 2), ('1086', np.float64(17.4848), 0), ('111', np.float64(17.1699), 0), ('584', np.float64(17.1636), 0), ('1063', np.float64(16.8681), -1), ('159', np.float64(16.8022), 0), ('1053', np.float64(16.2227), 0)]",0.2,1.0,0.33333333333333337,0.75
155,BM25,0,1,"[('1065', np.float64(14.1097), -1), ('1101', np.float64(13.5832), 3), ('805', np.float64(12.9598), 0), ('804', np.float64(12.1986), 0), ('553', np.float64(11.726), 0), ('806', np.float64(11.5702), 0), ('810', np.float64(11.0794), 0), ('1170', np.float64(10.1261), 0), ('1279', np.float64(10.1145), 0), ('1096', np.float64(9.7669), 0)]",0.1,0.16666666666666666,0.125,0.143501788374332
156,BM25,0,1,"[('1096', np.float64(23.6405), 3), ('1097', np.float64(21.1961), 2), ('553', np.float64(20.6029), 2), ('1099', np.float64(20.1795), 3), ('1065', np.float64(20.0413), -1), ('1100', np.float64(18.6234), 2), ('1098', np.float64(18.0595), 3), ('1279', np.float64(14.9598), 0), ('1117', np.float64(14.6507), 0), ('82', np.float64(13.8869), 3)]",0.7,0.5,0.5833333333333334,0.5312278006146257
157,BM25,0,1,"[('1006', np.float64(29.5521), -1), ('25', np.float64(26.3546), 2), ('1393', np.float64(25.838), 0), ('160', np.float64(25.7179), 3), ('456', np.float64(25.0845), 2), ('626', np.float64(24.3638), 2), ('318', np.float64(24.0364), 3), ('688', np.float64(23.9566), 0), ('1151', np.float64(23.4379), 2), ('370', np.float64(22.9513), 3)]",0.7,0.1794871794871795,0.2857142857142857,0.323212665828843
158,BM25,0,1,"[('302', np.float64(13.533), 1), ('552', np.float64(11.3621), 2), ('691', np.float64(11.2924), 0), ('949', np.float64(11.1233), 0), ('236', np.float64(10.766), 0), ('328', np.float64(10.4734), 0), ('1199', np.float64(9.9802), 0), ('262', np.float64(9.8849), 0), ('1011', np.float64(9.8183), 1), ('1269', np.float64(9.6315), 0)]",0.3,0.375,0.33333333333333326,0.36364894320880237
159,BM25,0,1,"[('1066', np.float64(32.1087), -1), ('42', np.float64(21.9072), 0), ('1197', np.float64(20.124), 0), ('1339', np.float64(17.8541), 0), ('1259', np.float64(17.7957), 0), ('1112', np.float64(16.9027), 3), ('801', np.float64(16.7655), 0), ('846', np.float64(16.7333), 0), ('1115', np.float64(15.6412), 4), ('969', np.float64(13.4648), 0)]",0.2,0.25,0.22222222222222224,0.0794499312699734
160,BM25,0,1,"[('1071', np.float64(58.738), -1), ('1134', np.float64(43.9577), 3), ('885', np.float64(42.638), 0), ('741', np.float64(41.5726), 0), ('769', np.float64(40.051), 0), ('763', np.float64(38.7019), 0), ('887', np.float64(38.6469), 0), ('890', np.float64(36.685), 0), ('740', np.float64(36.6681), 0), ('1172', np.float64(36.3868), 0)]",0.1,0.2,0.13333333333333333,0.11885891884870121
161,BM25,0,1,"[('1386', np.float64(37.2407), 2), ('54', np.float64(31.8793), 2), ('145', np.float64(30.5488), 0), ('55', np.float64(30.0744), 4), ('460', np.float64(28.3925), 0), ('366', np.float64(26.1586), 0), ('1192', np.float64(26.048), 0), ('489', np.float64(25.959), -1), ('1185', np.float64(25.3114), 0), ('1382', np.float64(25.2866), 0)]",0.3,0.5,0.37499999999999994,0.4930594817781538
162,BM25,0,1,"[('55', np.float64(26.7247), 0), ('460', np.float64(25.398), 2), ('366', np.float64(24.2809), 0), ('1386', np.float64(24.0073), 0), ('1182', np.float64(23.6506), 0), ('62', np.float64(23.2592), 0), ('54', np.float64(23.1179), 3), ('489', np.float64(23.0061), -1), ('292', np.float64(22.7048), 0), ('306', np.float64(22.6563), 0)]",0.2,0.25,0.22222222222222224,0.2090386492592375
163,BM25,0,1,"[('492', np.float64(35.8647), -1), ('232', np.float64(28.4227), 0), ('56', np.float64(24.7652), 3), ('57', np.float64(24.4363), 3), ('373', np.float64(24.0572), 0), ('1231', np.float64(23.2444), 0), ('124', np.float64(21.6107), 0), ('37', np.float64(21.5928), 0), ('688', np.float64(21.3707), 0), ('434', np.float64(18.6136), 0)]",0.2,0.6666666666666666,0.30769230769230765,0.2895424836601307
164,BM25,0,1,"[('311', np.float64(17.9108), 2), ('415', np.float64(14.7085), 3), ('316', np.float64(14.5123), 4), ('503', np.float64(14.1013), -1), ('358', np.float64(13.4276), 0), ('439', np.float64(13.406), 0), ('416', np.float64(13.007), 3), ('291', np.float64(12.6651), 0), ('1257', np.float64(12.2417), 0), ('72', np.float64(12.1865), 0)]",0.4,0.5,0.4444444444444445,0.5049184870319738
165,BM25,0,1,"[('504', np.float64(22.1523), -1), ('71', np.float64(19.3254), 1), ('209', np.float64(15.5234), 0), ('72', np.float64(15.0831), 1), ('569', np.float64(15.0407), 0), ('1375', np.float64(12.9375), 0), ('335', np.float64(12.7231), 0), ('1276', np.float64(12.683), 0), ('417', np.float64(12.3949), 0), ('978', np.float64(11.9957), 0)]",0.2,1.0,0.33333333333333337,0.5
166,BM25,0,1,"[('504', np.float64(23.384), -1), ('209', np.float64(16.7654), 0), ('71', np.float64(15.9807), 0), ('569', np.float64(15.215), 0), ('334', np.float64(15.1809), 0), ('1302', np.float64(14.2383), 0), ('1322', np.float64(13.5338), 0), ('1220', np.float64(13.5075), 0), ('1276', np.float64(13.4722), 0), ('207', np.float64(13.4323), 2)]",0.1,0.125,0.11111111111111112,0.04103707335381315
167,BM25,0,1,"[('553', np.float64(33.7209), 0), ('274', np.float64(30.4325), 2), ('1279', np.float64(28.9393), 0), ('82', np.float64(27.5109), 3), ('1100', np.float64(25.9681), 0), ('1098', np.float64(25.2255), 0), ('1096', np.float64(24.8708), 0), ('1097', np.float64(24.8272), 0), ('1099', np.float64(24.5618), 0), ('1101', np.float64(24.0366), 0)]",0.2,1.0,0.33333333333333337,0.5
168,BM25,0,1,"[('750', np.float64(31.9581), -1), ('118', np.float64(26.8634), 0), ('341', np.float64(25.672), 0), ('965', np.float64(23.5598), 0), ('157', np.float64(22.0947), 0), ('217', np.float64(20.0656), 1), ('696', np.float64(19.0126), 0), ('127', np.float64(17.0546), 0), ('136', np.float64(16.7611), 0), ('1072', np.float64(16.5078), 0)]",0.1,0.5,0.16666666666666669,0.11904761904761904
169,BM25,0,1,"[('750', np.float64(35.596), -1), ('118', np.float64(30.3829), 1), ('341', np.float64(28.1371), 0), ('157', np.float64(25.1852), 1), ('965', np.float64(24.197), 0), ('217', np.float64(23.468), 0), ('127', np.float64(22.047), 0), ('472', np.float64(19.3471), 0), ('213', np.float64(18.2835), 0), ('136', np.float64(17.6764), 0)]",0.2,0.5,0.28571428571428575,0.2761999309392265
170,BM25,0,1,"[('238', np.float64(37.0493), 2), ('893', np.float64(33.5855), -1), ('904', np.float64(32.3108), 3), ('239', np.float64(31.2028), 3), ('1082', np.float64(27.5319), 0), ('905', np.float64(24.6613), 0), ('139', np.float64(24.4831), 2), ('165', np.float64(21.9376), 0), ('315', np.float64(21.373), 0), ('140', np.float64(19.4776), 0)]",0.4,0.6666666666666666,0.5,0.5284043977617646
171,BM25,0,1,"[('516', np.float64(41.6024), -1), ('431', np.float64(34.9977), 1), ('800', np.float64(26.739), 0), ('755', np.float64(26.5618), 0), ('1066', np.float64(26.4173), 0), ('904', np.float64(25.7255), 0), ('714', np.float64(25.5474), 0), ('141', np.float64(25.0001), 4), ('252', np.float64(24.7445), 1), ('631', np.float64(24.0377), 0)]",0.3,1.0,0.4615384615384615,0.3611111111111111
172,BM25,0,1,"[('527', np.float64(23.9813), -1), ('320', np.float64(23.8856), 1), ('321', np.float64(20.7764), 1), ('322', np.float64(20.2086), 3), ('476', np.float64(19.6692), 3), ('478', np.float64(16.9932), 0), ('107', np.float64(13.9705), 0), ('1235', np.float64(12.9542), 0), ('1370', np.float64(12.8749), 0), ('422', np.float64(10.9367), 0)]",0.4,1.0,0.5714285714285715,0.6791666666666667
173,BM25,0,1,"[('367', np.float64(25.7239), 1), ('451', np.float64(21.5971), 1), ('532', np.float64(19.9366), -1), ('917', np.float64(14.0271), 0), ('767', np.float64(13.2207), 0), ('1320', np.float64(12.648), 0), ('251', np.float64(12.4595), 0), ('1067', np.float64(12.3639), 0), ('155', np.float64(12.0143), 0), ('548', np.float64(11.9117), 0)]",0.2,1.0,0.33333333333333337,1.0
174,BM25,0,1,"[('35', np.float64(18.3645), 0), ('1319', np.float64(17.0781), 0), ('483', np.float64(16.9071), 0), ('501', np.float64(16.6316), 0), ('523', np.float64(16.5994), 0), ('1157', np.float64(16.4994), 0), ('1274', np.float64(16.3276), 0), ('411', np.float64(16.079), 1), ('1390', np.float64(15.4683), 0), ('1151', np.float64(13.963), 0)]",0.1,0.2,0.13333333333333333,0.060939301370335854
175,BM25,0,1,"[('941', np.float64(16.1021), -1), ('1221', np.float64(14.4738), 0), ('139', np.float64(13.6979), 0), ('1082', np.float64(12.6136), 0), ('491', np.float64(12.2423), 0), ('34', np.float64(11.7774), 0), ('1080', np.float64(11.3117), 0), ('666', np.float64(10.7579), 0), ('710', np.float64(10.6973), 0), ('9', np.float64(10.6638), 0)]",0.0,0.0,0.0,0.043034183508609006
176,BM25,0,1,"[('542', np.float64(20.6378), -1), ('963', np.float64(19.0406), 0), ('6', np.float64(15.1342), 0), ('869', np.float64(13.9788), 0), ('93', np.float64(13.6632), 0), ('497', np.float64(13.6164), 0), ('872', np.float64(13.4885), 0), ('1185', np.float64(13.3987), 0), ('767', np.float64(12.9586), 0), ('1221', np.float64(12.9205), 0)]",0.0,0.0,0.0,0.04939649064057776
177,BM25,0,1,"[('588', np.float64(29.6682), 2), ('589', np.float64(29.6064), 2), ('576', np.float64(24.7076), 0), ('578', np.float64(22.005), 0), ('543', np.float64(21.4966), -1), ('590', np.float64(20.4958), 4), ('138', np.float64(20.1511), 0), ('426', np.float64(18.8079), 0), ('592', np.float64(16.9748), 3), ('216', np.float64(16.7343), 0)]",0.4,0.8,0.5333333333333333,0.6797979797979798
178,BM25,0,1,"[('591', np.float64(22.8453), 1), ('216', np.float64(16.0727), 0), ('138', np.float64(14.7867), 0), ('511', np.float64(14.6384), 0), ('589', np.float64(13.3183), 4), ('1155', np.float64(13.159), 0), ('543', np.float64(12.1199), -1), ('31', np.float64(11.9392), 0), ('237', np.float64(11.8677), 0), ('985', np.float64(11.8293), 0)]",0.2,0.5,0.28571428571428575,0.46805555555555556
179,BM25,0,1,"[('633', np.float64(36.0955), -1), ('680', np.float64(33.3227), 3), ('682', np.float64(31.536), 3), ('428', np.float64(31.2671), 0), ('918', np.float64(28.5322), 0), ('147', np.float64(27.0136), 0), ('224', np.float64(26.6614), 0), ('247', np.float64(26.2812), 0), ('753', np.float64(26.1793), 0), ('1080', np.float64(26.0975), 0)]",0.2,0.5,0.28571428571428575,0.30132517838939854
180,BM25,0,1,"[('548', np.float64(28.3651), -1), ('622', np.float64(19.1522), 2), ('617', np.float64(18.5888), 4), ('616', np.float64(18.3189), 4), ('613', np.float64(16.12), 0), ('1391', np.float64(14.1343), 0), ('218', np.float64(13.688), 0), ('614', np.float64(13.4151), 0), ('882', np.float64(11.9369), 0), ('1103', np.float64(11.6844), 0)]",0.3,0.42857142857142855,0.3529411764705882,0.40979114971050457
181,BM25,0,1,"[('997', np.float64(15.1033), 3), ('993', np.float64(13.6336), 0), ('131', np.float64(12.0697), 0), ('1074', np.float64(11.9542), 0), ('970', np.float64(11.898), 0), ('696', np.float64(11.5564), 0), ('176', np.float64(11.4983), 0), ('1075', np.float64(11.2233), 0), ('409', np.float64(11.2102), 2), ('1350', np.float64(11.1201), 0)]",0.2,0.4,0.26666666666666666,0.2694135495362693
182,BM25,0,1,"[('634', np.float64(67.9861), -1), ('685', np.float64(54.9315), 1), ('686', np.float64(35.1543), 3), ('593', np.float64(27.2051), 0), ('712', np.float64(24.6532), 0), ('597', np.float64(22.7335), 0), ('856', np.float64(22.6585), 0), ('1300', np.float64(20.5991), 0), ('675', np.float64(20.2078), 0), ('857', np.float64(19.9281), 0)]",0.2,1.0,0.33333333333333337,0.5833333333333333
183,BM25,0,1,"[('809', np.float64(17.4593), 1), ('758', np.float64(16.1431), -1), ('893', np.float64(15.7165), 0), ('1226', np.float64(14.56), 0), ('807', np.float64(14.3156), 3), ('811', np.float64(14.2351), 3), ('804', np.float64(14.1878), 4), ('808', np.float64(14.0868), 1), ('806', np.float64(13.36), 4), ('88', np.float64(13.2531), 0)]",0.6,0.46153846153846156,0.5217391304347826,0.4125475959810936
184,BM25,0,1,"[('715', np.float64(14.9056), 3), ('82', np.float64(14.8235), 0), ('207', np.float64(13.8743), 0), ('515', np.float64(13.6842), 0), ('716', np.float64(13.3023), 3), ('554', np.float64(13.1339), 0), ('509', np.float64(12.5925), 0), ('1217', np.float64(11.7341), 0), ('1219', np.float64(10.8017), 0), ('164', np.float64(10.3662), 0)]",0.2,0.2857142857142857,0.23529411764705882,0.31425981560136745
185,BM25,0,1,"[('856', np.float64(19.9174), 3), ('857', np.float64(17.8324), 2), ('766', np.float64(16.5872), 2), ('1008', np.float64(16.433), 3), ('858', np.float64(16.0427), 2), ('948', np.float64(14.4556), -1), ('859', np.float64(14.3989), 2), ('390', np.float64(14.3189), 0), ('391', np.float64(14.1416), 0), ('658', np.float64(13.8688), 0)]",0.6,0.6666666666666666,0.631578947368421,0.836614774114774
186,BM25,0,1,"[('1243', np.float64(18.7622), 0), ('1074', np.float64(17.9897), 3), ('1062', np.float64(17.909), 3), ('229', np.float64(17.2554), 0), ('1239', np.float64(16.33), 0), ('230', np.float64(15.7072), 0), ('557', np.float64(14.749), 0), ('921', np.float64(14.1903), 0), ('1075', np.float64(14.1392), 3), ('923', np.float64(13.8732), 3)]",0.4,0.25,0.3076923076923077,0.1739429008224323
187,BM25,0,1,"[('763', np.float64(34.5985), -1), ('839', np.float64(28.64), 3), ('1126', np.float64(28.4843), 0), ('1068', np.float64(27.0116), 0), ('841', np.float64(26.1425), 0), ('897', np.float64(25.3563), 0), ('1070', np.float64(24.6776), 0), ('955', np.float64(24.6321), 0), ('1171', np.float64(24.4941), 0), ('1051', np.float64(23.1119), 0)]",0.1,0.16666666666666666,0.125,0.14227993081170023
188,BM25,0,1,"[('725', np.float64(32.2531), 2), ('722', np.float64(26.3276), 2), ('640', np.float64(25.3575), -1), ('908', np.float64(23.0201), 0), ('720', np.float64(22.9437), 0), ('911', np.float64(22.8557), 2), ('1360', np.float64(18.4719), 0), ('909', np.float64(18.3628), 3), ('220', np.float64(17.973), 0), ('764', np.float64(17.7479), 0)]",0.4,0.36363636363636365,0.380952380952381,0.4109484005258616
189,BM25,0,1,"[('767', np.float64(28.3902), -1), ('640', np.float64(16.9414), 0), ('883', np.float64(15.2824), 0), ('1360', np.float64(15.1344), 0), ('870', np.float64(14.791), 3), ('865', np.float64(13.8568), 3), ('1334', np.float64(13.818), 0), ('867', np.float64(13.7069), 4), ('907', np.float64(13.6501), 0), ('881', np.float64(13.3949), 0)]",0.3,0.3333333333333333,0.3157894736842105,0.1637697423910243
190,BM25,0,1,"[('390', np.float64(31.4736), 3), ('856', np.float64(25.046), 0), ('42', np.float64(24.0844), 0), ('1339', np.float64(24.0743), 0), ('15', np.float64(23.3863), 1), ('52', np.float64(23.3391), 0), ('627', np.float64(22.4762), 0), ('1322', np.float64(22.4717), 0), ('769', np.float64(21.1141), 0), ('911', np.float64(20.9662), 0)]",0.2,0.4,0.26666666666666666,0.360837789661319
191,BM25,0,1,"[('766', np.float64(22.2866), 0), ('827', np.float64(19.2251), 0), ('627', np.float64(19.109), 0), ('894', np.float64(18.1597), -1), ('541', np.float64(17.0334), 0), ('658', np.float64(16.293), 3), ('948', np.float64(16.125), 3), ('1392', np.float64(16.1219), 0), ('15', np.float64(15.9877), 3), ('899', np.float64(15.7457), 0)]",0.3,0.23076923076923078,0.2608695652173913,0.3615004976046564
192,BM25,0,1,"[('733', np.float64(16.5576), 1), ('641', np.float64(15.9744), -1), ('734', np.float64(14.5018), 1), ('925', np.float64(12.9299), 0), ('735', np.float64(11.8887), 1), ('1173', np.float64(10.1185), 0), ('875', np.float64(9.8097), 0), ('1184', np.float64(9.1848), 0), ('1170', np.float64(8.9717), 0), ('1057', np.float64(8.671), 0)]",0.3,0.75,0.4285714285714285,0.5952380952380952
193,BM25,0,1,"[('730', np.float64(18.1061), 3), ('733', np.float64(17.753), 4), ('422', np.float64(15.1671), 3), ('734', np.float64(14.9873), 4), ('641', np.float64(14.9132), -1), ('736', np.float64(13.9201), 4), ('648', np.float64(13.8857), 3), ('735', np.float64(13.197), 4), ('424', np.float64(11.7666), 0), ('1392', np.float64(11.6478), 3)]",0.8,0.8888888888888888,0.8421052631578948,0.8218827468827468
194,BM25,0,1,"[('642', np.float64(40.7357), -1), ('932', np.float64(35.6584), 0), ('744', np.float64(33.3164), 3), ('1178', np.float64(33.2364), 0), ('1172', np.float64(31.7483), 0), ('888', np.float64(31.7293), 0), ('1173', np.float64(31.1704), 0), ('957', np.float64(30.4027), 0), ('740', np.float64(29.7768), 2), ('1126', np.float64(29.5942), 0)]",0.2,0.3333333333333333,0.25,0.22676247676247674
195,BM25,0,1,"[('642', np.float64(36.7198), -1), ('1173', np.float64(30.4899), 0), ('744', np.float64(30.018), 0), ('1055', np.float64(29.6984), 0), ('932', np.float64(27.9964), 0), ('831', np.float64(26.5486), 0), ('739', np.float64(25.884), 3), ('1145', np.float64(25.3232), 0), ('457', np.float64(24.4564), 0), ('1122', np.float64(24.417), 0)]",0.1,0.3333333333333333,0.15384615384615383,0.08967435771559483
196,BM25,0,1,"[('184', np.float64(15.8132), -1), ('746', np.float64(15.6475), 3), ('486', np.float64(14.5031), 0), ('1237', np.float64(13.7333), 0), ('1361', np.float64(12.429), 0), ('875', np.float64(12.3932), 2), ('51', np.float64(12.1086), 2), ('102', np.float64(12.0127), 0), ('1323', np.float64(11.972), 0), ('44', np.float64(11.3458), 0)]",0.3,0.25,0.2727272727272727,0.14343600326632208
197,BM25,0,1,"[('884', np.float64(25.5954), 3), ('723', np.float64(23.0469), 0), ('881', np.float64(18.4148), 2), ('768', np.float64(15.4826), -1), ('726', np.float64(15.1758), 0), ('865', np.float64(14.7069), 0), ('746', np.float64(13.2524), 0), ('640', np.float64(13.179), 0), ('720', np.float64(12.2001), 0), ('724', np.float64(12.18), 0)]",0.2,0.6666666666666666,0.30769230769230765,0.6222222222222221
198,BM25,0,1,"[('889', np.float64(21.4816), 2), ('890', np.float64(19.7114), 0), ('887', np.float64(19.521), 2), ('743', np.float64(19.3097), 0), ('1068', np.float64(19.2522), 0), ('1126', np.float64(18.5344), 0), ('740', np.float64(18.3288), 0), ('897', np.float64(17.9306), 0), ('1174', np.float64(17.9249), 0), ('843', np.float64(17.6202), 3)]",0.3,0.75,0.4285714285714285,0.49403633491311216
199,BM25,0,1,"[('739', np.float64(18.7402), 0), ('930', np.float64(18.2523), 0), ('1059', np.float64(17.2927), 0), ('1070', np.float64(17.1208), 0), ('931', np.float64(17.0969), 0), ('1294', np.float64(16.2547), 0), ('744', np.float64(15.5072), 2), ('1055', np.float64(15.3087), 2), ('852', np.float64(14.7636), 0), ('1051', np.float64(14.5231), 0)]",0.2,0.25,0.22222222222222224,0.0891830791533407
200,BM25,0,1,"[('1071', np.float64(29.7243), -1), ('1053', np.float64(24.0748), 0), ('1134', np.float64(23.8445), 2), ('889', np.float64(17.9908), 0), ('1362', np.float64(17.5858), 0), ('1137', np.float64(17.3536), 2), ('885', np.float64(17.2114), 0), ('760', np.float64(16.9501), 0), ('1068', np.float64(16.6047), 0), ('833', np.float64(16.4484), 0)]",0.2,0.6666666666666666,0.30769230769230765,0.25555555555555554
201,BM25,0,1,"[('625', np.float64(26.6353), 2), ('1297', np.float64(19.562), 0), ('401', np.float64(18.6546), 3), ('1296', np.float64(18.3248), 2), ('1217', np.float64(16.3387), 0), ('318', np.float64(15.8601), 3), ('1219', np.float64(15.4757), 0), ('541', np.float64(15.4165), 3), ('716', np.float64(15.3579), 0), ('1279', np.float64(15.2115), 0)]",0.5,0.3125,0.38461538461538464,0.3373602904444067
202,BM25,0,1,"[('1285', np.float64(27.7799), -1), ('1310', np.float64(21.4432), 4), ('232', np.float64(19.3237), 4), ('1309', np.float64(18.5718), 2), ('1231', np.float64(18.0514), 0), ('122', np.float64(17.7223), 0), ('186', np.float64(17.4065), 0), ('19', np.float64(16.8252), 0), ('605', np.float64(16.6355), 3), ('1274', np.float64(16.4763), 0)]",0.4,0.2857142857142857,0.3333333333333333,0.22883837727437242
203,BM25,0,1,"[('1285', np.float64(13.8892), -1), ('58', np.float64(13.855), 3), ('122', np.float64(12.879), 3), ('38', np.float64(12.203), 0), ('1231', np.float64(12.1683), 0), ('211', np.float64(11.9805), 0), ('1262', np.float64(11.7856), 0), ('676', np.float64(11.68), 0), ('147', np.float64(11.5149), 0), ('370', np.float64(11.425), 0)]",0.2,0.14285714285714285,0.16666666666666666,0.13130911698015343
204,BM25,0,1,"[('443', np.float64(12.9285), 0), ('147', np.float64(12.3956), 0), ('1080', np.float64(9.9111), 0), ('573', np.float64(9.4128), 0), ('208', np.float64(9.3811), 0), ('1229', np.float64(8.3972), 0), ('371', np.float64(8.2106), 0), ('133', np.float64(8.2077), 0), ('679', np.float64(8.1124), 0), ('496', np.float64(8.0773), 0)]",0.0,0.0,0.0,0.041093289988622
205,BM25,0,1,"[('1321', np.float64(21.0884), 2), ('1287', np.float64(18.1069), -1), ('1323', np.float64(18.0622), 0), ('78', np.float64(16.6246), 0), ('337', np.float64(15.1468), 0), ('1322', np.float64(14.9004), 2), ('135', np.float64(14.4635), 0), ('73', np.float64(13.7951), 0), ('933', np.float64(13.7398), 0), ('131', np.float64(13.4867), 0)]",0.2,1.0,0.33333333333333337,0.6666666666666666
206,BM25,0,1,"[('1290', np.float64(50.087), -1), ('1338', np.float64(26.4345), 2), ('879', np.float64(25.8508), 0), ('1336', np.float64(21.6749), 0), ('252', np.float64(21.6668), 0), ('1341', np.float64(20.4256), 2), ('1269', np.float64(20.1808), 0), ('598', np.float64(19.8831), 0), ('467', np.float64(19.7924), 0), ('312', np.float64(19.6436), 0)]",0.2,0.6666666666666666,0.30769230769230765,0.2796681369460197
207,BM25,0,1,"[('365', np.float64(14.5015), 0), ('315', np.float64(13.5958), 0), ('189', np.float64(13.1467), 0), ('679', np.float64(13.0707), 0), ('1362', np.float64(12.8338), 0), ('441', np.float64(11.8964), 0), ('921', np.float64(11.5173), 0), ('76', np.float64(10.7593), 0), ('39', np.float64(10.5524), 0), ('1188', np.float64(10.4602), 0)]",0.0,0.0,0.0,0.01911932321860827
208,BM25,0,1,"[('1291', np.float64(62.6496), -1), ('1344', np.float64(42.0992), 3), ('163', np.float64(36.572), 3), ('1345', np.float64(29.8027), 3), ('1347', np.float64(24.9986), 4), ('1346', np.float64(22.8604), 3), ('164', np.float64(21.6569), 4), ('1352', np.float64(21.4502), 0), ('1219', np.float64(21.368), 0), ('275', np.float64(21.3061), 0)]",0.6,1.0,0.7499999999999999,0.7345238095238096
209,BM25,0,1,"[('959', np.float64(18.2871), 0), ('798', np.float64(17.7526), 0), ('461', np.float64(15.6983), 0), ('1268', np.float64(15.3008), 0), ('1364', np.float64(15.2895), 0), ('358', np.float64(14.8157), 0), ('996', np.float64(14.8134), 0), ('55', np.float64(14.454), 4), ('526', np.float64(14.4057), 0), ('1383', np.float64(14.3776), 3)]",0.2,0.16666666666666666,0.1818181818181818,0.1241652456537976
210,BM25,0,1,"[('1172', np.float64(46.4841), 3), ('1145', np.float64(44.8975), -1), ('1171', np.float64(36.7273), 2), ('1126', np.float64(28.7765), 0), ('743', np.float64(26.5335), 0), ('1068', np.float64(25.9919), 0), ('956', np.float64(25.1276), 0), ('760', np.float64(25.1257), 0), ('739', np.float64(24.7662), 0), ('1132', np.float64(24.4716), 0)]",0.2,0.3333333333333333,0.25,0.33781676413255357
211,BM25,0,1,"[('739', np.float64(24.7242), 0), ('1117', np.float64(23.6777), 0), ('1068', np.float64(23.2281), 4), ('852', np.float64(21.1889), 0), ('897', np.float64(20.7528), 0), ('885', np.float64(20.5601), 0), ('1145', np.float64(20.3065), -1), ('1051', np.float64(20.0161), 0), ('1171', np.float64(19.0506), 0), ('1070', np.float64(18.8179), 0)]",0.1,0.09090909090909091,0.09523809523809525,0.14207563518271948
212,BM25,0,1,"[('1178', np.float64(35.186), 2), ('1177', np.float64(34.0386), 4), ('888', np.float64(33.2897), 2), ('838', np.float64(25.8363), 0), ('1293', np.float64(24.4779), 0), ('1176', np.float64(23.1566), 4), ('1132', np.float64(21.9356), 0), ('887', np.float64(21.4279), 3), ('886', np.float64(21.0478), 3), ('1070', np.float64(20.8558), 0)]",0.6,0.42857142857142855,0.5,0.5043414086098494
213,BM25,0,1,"[('769', np.float64(26.2853), 3), ('885', np.float64(25.083), 2), ('1173', np.float64(23.2559), 3), ('1146', np.float64(22.5665), -1), ('888', np.float64(22.5473), 1), ('741', np.float64(20.9281), 0), ('1116', np.float64(20.0242), 0), ('887', np.float64(19.4465), 2), ('765', np.float64(18.528), 0), ('1178', np.float64(17.9932), 3)]",0.6,0.5454545454545454,0.5714285714285713,0.5862157924302136
214,BM25,0,1,"[('1294', np.float64(36.598), -1), ('1362', np.float64(22.1963), 3), ('828', np.float64(21.3482), 0), ('739', np.float64(18.5818), 0), ('1154', np.float64(17.4912), 0), ('930', np.float64(17.2356), 0), ('831', np.float64(17.0055), 0), ('916', np.float64(16.8676), 0), ('1043', np.float64(16.8165), 0), ('1036', np.float64(16.6153), 0)]",0.1,0.25,0.14285714285714288,0.15020228586271833
215,BM25,0,1,"[('535', np.float64(33.9196), -1), ('1234', np.float64(22.6155), 0), ('25', np.float64(21.3211), 0), ('574', np.float64(21.2197), 0), ('1205', np.float64(21.1621), 0), ('1253', np.float64(19.1338), 0), ('332', np.float64(19.1135), 0), ('1204', np.float64(18.6123), 0), ('666', np.float64(17.6434), 0), ('456', np.float64(17.1188), 0)]",0.0,0.0,0.0,0.05631868131868132
216,BM25,0,1,"[('175', np.float64(18.1226), 0), ('893', np.float64(16.7866), 0), ('1319', np.float64(16.459), 0), ('612', np.float64(16.2934), 0), ('693', np.float64(16.059), 0), ('692', np.float64(15.6814), 0), ('1225', np.float64(15.2731), 0), ('39', np.float64(15.0297), 0), ('1274', np.float64(15.0126), 0), ('974', np.float64(14.7013), 0)]",0.0,0.0,0.0,0.001584786053882726
217,BM25,0,1,"[('1213', np.float64(17.8793), 3), ('1161', np.float64(16.5654), 0), ('1159', np.float64(16.4668), 0), ('655', np.float64(16.2321), 0), ('1307', np.float64(16.2133), 0), ('323', np.float64(16.1964), 0), ('983', np.float64(16.1357), 0), ('44', np.float64(15.9283), 0), ('666', np.float64(15.808), 1), ('1151', np.float64(15.5113), 0)]",0.2,0.13333333333333333,0.16,0.19594828759019542
218,BM25,0,1,"[('36', np.float64(14.9536), 0), ('559', np.float64(13.3843), 3), ('1393', np.float64(13.0891), 1), ('655', np.float64(12.6765), 0), ('983', np.float64(12.4901), 0), ('154', np.float64(12.4782), 0), ('323', np.float64(12.1271), 0), ('101', np.float64(12.0828), 1), ('670', np.float64(11.8861), 0), ('295', np.float64(11.8207), 0)]",0.3,0.2,0.24,0.26151693769351814
219,BM25,0,1,"[('208', np.float64(14.8047), 0), ('299', np.float64(14.6886), 0), ('1222', np.float64(14.3654), 0), ('1221', np.float64(14.2243), 0), ('117', np.float64(12.5377), 0), ('236', np.float64(12.4277), 0), ('7', np.float64(12.3888), 0), ('992', np.float64(12.3484), 0), ('1082', np.float64(11.9616), 0), ('319', np.float64(11.9152), 0)]",0.0,0.0,0.0,0.03304691239941728
220,BM25,0,1,"[('458', np.float64(21.3826), 4), ('292', np.float64(21.1321), 3), ('461', np.float64(20.4133), 0), ('1375', np.float64(18.63), 0), ('16', np.float64(17.7167), 0), ('325', np.float64(17.6262), 0), ('629', np.float64(17.4819), 0), ('738', np.float64(17.1033), 0), ('1149', np.float64(16.5787), 0), ('321', np.float64(16.5608), 0)]",0.2,0.10526315789473684,0.13793103448275862,0.2094364768066509
221,BM25,0,1,"[('1366', np.float64(17.9998), 3), ('458', np.float64(16.3386), 3), ('292', np.float64(16.146), 3), ('1371', np.float64(15.9989), 0), ('1182', np.float64(15.9685), -1), ('1225', np.float64(15.7413), 0), ('435', np.float64(15.4596), 0), ('1375', np.float64(15.33), 0), ('754', np.float64(15.0229), 0), ('579', np.float64(14.8253), 0)]",0.3,0.16666666666666666,0.21428571428571427,0.2644937670142314
222,BM25,0,1,"[('1400', np.float64(21.9837), 3), ('419', np.float64(19.556), 3), ('1399', np.float64(18.4244), 4), ('1398', np.float64(17.9533), 4), ('1130', np.float64(17.4455), 0), ('1396', np.float64(16.0905), -1), ('1358', np.float64(14.0015), 0), ('1397', np.float64(13.9909), 3), ('1357', np.float64(13.7847), 0), ('1387', np.float64(13.6075), 3)]",0.6,0.6666666666666666,0.631578947368421,0.7385642135642135
223,BM25,0,1,"[('1399', np.float64(25.9278), 0), ('400', np.float64(23.296), 3), ('1398', np.float64(22.8889), 3), ('419', np.float64(19.5484), 0), ('1387', np.float64(19.2748), 3), ('412', np.float64(18.9847), 0), ('1400', np.float64(17.7199), 0), ('388', np.float64(16.8716), 0), ('1037', np.float64(16.697), 0), ('1121', np.float64(16.4749), 0)]",0.3,0.75,0.4285714285714285,0.46089743589743587
224,BM25,0,1,"[('317', np.float64(25.8506), 0), ('1312', np.float64(25.7621), 0), ('236', np.float64(21.1733), 0), ('656', np.float64(19.9506), 3), ('1296', np.float64(19.8445), 0), ('401', np.float64(19.7037), 0), ('259', np.float64(19.5133), 0), ('1286', np.float64(19.2874), -1), ('575', np.float64(18.9075), 0), ('140', np.float64(18.1327), 0)]",0.1,0.125,0.11111111111111112,0.14301341445197827
225,BM25,0,1,"[('1188', np.float64(25.2392), -1), ('1380', np.float64(23.2582), 4), ('638', np.float64(18.7979), 0), ('226', np.float64(18.2758), 0), ('70', np.float64(17.8836), 0), ('1124', np.float64(17.4471), 3), ('1345', np.float64(17.0706), 0), ('674', np.float64(16.7979), 0), ('225', np.float64(16.4881), 3), ('416', np.float64(15.8772), 0)]",0.3,0.125,0.17647058823529413,0.07861804068005561
1,Vetorial,1,1,"[('51', np.float64(0.3137), 3), ('184', np.float64(0.2526), 2), ('12', np.float64(0.2142), 3), ('359', np.float64(0.209), 0), ('746', np.float64(0.1896), 0), ('486', np.float64(0.1859), -1), ('879', np.float64(0.1816), 3), ('878', np.float64(0.1761), 0), ('56', np.float64(0.1728), 3), ('13', np.float64(0.1721), 4)]",0.6,0.21428571428571427,0.3157894736842105,0.28448966201239495
2,Vetorial,1,1,"[('12', np.float64(0.4928), 1), ('51', np.float64(0.3499), 3), ('746', np.float64(0.3203), 1), ('1169', np.float64(0.2501), 0), ('884', np.float64(0.241), 0), ('184', np.float64(0.2368), 2), ('100', np.float64(0.2305), 0), ('253', np.float64(0.2048), 0), ('429', np.float64(0.1832), 0), ('792', np.float64(0.1791), 0)]",0.4,0.16666666666666666,0.23529411764705882,0.2220118200985247
3,Vetorial,1,1,"[('485', np.float64(0.5488), -1), ('5', np.float64(0.463), 3), ('144', np.float64(0.3681), 3), ('90', np.float64(0.368), 3), ('91', np.float64(0.3408), 3), ('399', np.float64(0.2968), 3), ('582', np.float64(0.288), 0), ('181', np.float64(0.2722), 3), ('6', np.float64(0.2172), 3), ('579', np.float64(0.1709), 0)]",0.7,0.875,0.7777777777777777,0.6555555555555557
4,Vetorial,1,1,"[('166', np.float64(0.2778), 3), ('488', np.float64(0.2489), -1), ('410', np.float64(0.2215), 0), ('1061', np.float64(0.2173), 0), ('167', np.float64(0.2117), 0), ('1275', np.float64(0.2008), 0), ('1374', np.float64(0.1943), 0), ('185', np.float64(0.19), 0), ('1189', np.float64(0.1826), 0), ('575', np.float64(0.1813), 0)]",0.1,0.5,0.16666666666666669,0.5714285714285714
5,Vetorial,1,1,"[('103', np.float64(0.265), 0), ('1032', np.float64(0.2138), 0), ('367', np.float64(0.2128), 0), ('410', np.float64(0.1949), 0), ('552', np.float64(0.1633), 1), ('401', np.float64(0.1587), 3), ('368', np.float64(0.1586), 0), ('943', np.float64(0.1586), 0), ('1374', np.float64(0.1516), 0), ('1379', np.float64(0.1478), 0)]",0.2,0.5,0.28571428571428575,0.18189792663476873
6,Vetorial,1,1,"[('491', np.float64(0.3381), -1), ('386', np.float64(0.2175), 0), ('151', np.float64(0.1684), 0), ('99', np.float64(0.1684), 2), ('257', np.float64(0.1654), 3), ('1273', np.float64(0.164), 0), ('385', np.float64(0.1606), 0), ('883', np.float64(0.156), 0), ('1282', np.float64(0.1458), 0), ('558', np.float64(0.1253), 0)]",0.2,0.5,0.28571428571428575,0.2128623188405797
7,Vetorial,1,1,"[('492', np.float64(0.7403), -1), ('434', np.float64(0.3024), 0), ('57', np.float64(0.2824), 3), ('1231', np.float64(0.263), 0), ('1040', np.float64(0.2525), 0), ('233', np.float64(0.2458), 0), ('56', np.float64(0.2406), 3), ('354', np.float64(0.2329), 0), ('1307', np.float64(0.2226), 0), ('124', np.float64(0.2102), 0)]",0.2,0.4,0.26666666666666666,0.15676435228901192
8,Vetorial,1,1,"[('492', np.float64(0.3266), -1), ('122', np.float64(0.254), 1), ('1231', np.float64(0.2212), 0), ('569', np.float64(0.2168), 0), ('1083', np.float64(0.2032), 0), ('907', np.float64(0.2013), 0), ('234', np.float64(0.2011), 0), ('354', np.float64(0.1955), 1), ('1307', np.float64(0.1927), 0), ('443', np.float64(0.1845), 0)]",0.2,0.18181818181818182,0.1904761904761905,0.18869099895682498
9,Vetorial,1,1,"[('21', np.float64(0.4001), 2), ('22', np.float64(0.3907), 2), ('550', np.float64(0.3605), 2), ('306', np.float64(0.3263), 0), ('102', np.float64(0.3094), 0), ('571', np.float64(0.3043), 0), ('326', np.float64(0.2936), 0), ('45', np.float64(0.2931), 0), ('1215', np.float64(0.2909), 0), ('398', np.float64(0.2756), 0)]",0.3,1.0,0.4615384615384615,1.0
10,Vetorial,1,1,"[('493', np.float64(0.3714), -1), ('302', np.float64(0.3066), 3), ('1143', np.float64(0.2672), 0), ('949', np.float64(0.2557), 0), ('1009', np.float64(0.2468), 0), ('1199', np.float64(0.2177), 0), ('1003', np.float64(0.2172), 0), ('524', np.float64(0.1908), 0), ('691', np.float64(0.1883), 0), ('405', np.float64(0.1757), 2)]",0.2,0.25,0.22222222222222224,0.1481933895152689
11,Vetorial,1,1,"[('495', np.float64(0.5192), -1), ('556', np.float64(0.2641), 0), ('654', np.float64(0.2409), 4), ('1327', np.float64(0.2391), 0), ('738', np.float64(0.2384), 0), ('472', np.float64(0.2057), 0), ('1356', np.float64(0.2036), 0), ('1186', np.float64(0.201), 0), ('28', np.float64(0.1936), 3), ('540', np.float64(0.1743), 0)]",0.2,0.2857142857142857,0.23529411764705882,0.19046794296392425
12,Vetorial,1,1,"[('941', np.float64(0.4044), 0), ('650', np.float64(0.2993), 2), ('624', np.float64(0.2761), -1), ('1221', np.float64(0.2556), 0), ('1223', np.float64(0.2415), 0), ('270', np.float64(0.2366), 0), ('966', np.float64(0.2222), 0), ('649', np.float64(0.2007), 4), ('1094', np.float64(0.1981), 0), ('543', np.float64(0.1953), 0)]",0.2,0.4,0.26666666666666666,0.23227513227513227
13,Vetorial,1,1,"[('496', np.float64(0.5367), -1), ('643', np.float64(0.2567), 0), ('903', np.float64(0.2243), 0), ('199', np.float64(0.2179), 0), ('313', np.float64(0.1697), 0), ('660', np.float64(0.1506), 0), ('468', np.float64(0.143), 0), ('38', np.float64(0.1407), 0), ('1268', np.float64(0.1406), 0), ('801', np.float64(0.1349), 0)]",0.0,0.0,0.0,0.007864374933384034
14,Vetorial,1,1,"[('64', np.float64(0.5409), 1), ('170', np.float64(0.4207), 0), ('132', np.float64(0.3975), 0), ('1364', np.float64(0.376), 0), ('256', np.float64(0.3609), 0), ('402', np.float64(0.3502), 0), ('345', np.float64(0.3441), 0), ('335', np.float64(0.3298), 0), ('65', np.float64(0.3147), 4), ('798', np.float64(0.3096), 0)]",0.2,1.0,0.33333333333333337,0.6111111111111112
15,Vetorial,1,1,"[('462', np.float64(0.3312), 3), ('1097', np.float64(0.2368), 0), ('761', np.float64(0.232), 0), ('866', np.float64(0.2009), 0), ('463', np.float64(0.195), 1), ('1025', np.float64(0.1941), 0), ('1117', np.float64(0.1924), 0), ('1096', np.float64(0.1894), 0), ('1099', np.float64(0.1866), 0), ('553', np.float64(0.1827), 0)]",0.2,1.0,0.33333333333333337,0.7
16,Vetorial,1,1,"[('498', np.float64(0.4534), -1), ('106', np.float64(0.3483), 3), ('231', np.float64(0.2738), 0), ('1328', np.float64(0.2583), 0), ('248', np.float64(0.2499), 0), ('1255', np.float64(0.2341), 0), ('1112', np.float64(0.2249), 0), ('1301', np.float64(0.2222), 0), ('494', np.float64(0.2089), 0), ('814', np.float64(0.2069), 0)]",0.1,0.3333333333333333,0.15384615384615383,0.2154530161018986
17,Vetorial,1,1,"[('1281', np.float64(0.3912), 0), ('700', np.float64(0.3618), 0), ('1301', np.float64(0.3394), 0), ('106', np.float64(0.3326), 2), ('445', np.float64(0.3197), 0), ('498', np.float64(0.2937), -1), ('1108', np.float64(0.2754), 0), ('987', np.float64(0.2574), 0), ('527', np.float64(0.252), 0), ('336', np.float64(0.2492), 0)]",0.1,0.5,0.16666666666666669,0.13293650793650794
18,Vetorial,1,1,"[('492', np.float64(0.4576), 0), ('248', np.float64(0.4176), 0), ('197', np.float64(0.3999), 2), ('498', np.float64(0.3939), -1), ('1231', np.float64(0.3341), 0), ('354', np.float64(0.3239), 0), ('122', np.float64(0.2994), 0), ('1307', np.float64(0.2993), 0), ('106', np.float64(0.2888), 0), ('56', np.float64(0.2744), 0)]",0.1,0.3333333333333333,0.15384615384615383,0.13436853002070392
19,Vetorial,1,1,"[('554', np.float64(0.2019), 0), ('82', np.float64(0.1498), 0), ('706', np.float64(0.1443), 0), ('803', np.float64(0.1351), 0), ('1346', np.float64(0.1256), 0), ('660', np.float64(0.1249), 0), ('1348', np.float64(0.1197), 0), ('164', np.float64(0.1195), 2), ('1219', np.float64(0.1184), 0), ('1000', np.float64(0.118), 0)]",0.1,0.1111111111111111,0.10526315789473685,0.0376820056564449
20,Vetorial,1,1,"[('500', np.float64(0.5133), -1), ('268', np.float64(0.2567), 3), ('88', np.float64(0.2536), 3), ('87', np.float64(0.2075), 3), ('407', np.float64(0.193), 3), ('450', np.float64(0.1787), 0), ('270', np.float64(0.1742), 3), ('584', np.float64(0.1533), 0), ('963', np.float64(0.151), 0), ('408', np.float64(0.1502), 3)]",0.6,0.6666666666666666,0.631578947368421,0.604337846249611
21,Vetorial,1,1,"[('502', np.float64(0.4024), -1), ('68', np.float64(0.3412), 0), ('16', np.float64(0.2522), 2), ('17', np.float64(0.2499), 0), ('377', np.float64(0.2487), 0), ('628', np.float64(0.2316), 0), ('421', np.float64(0.213), 0), ('1007', np.float64(0.207), 0), ('302', np.float64(0.1987), 0), ('686', np.float64(0.1959), 0)]",0.1,0.25,0.14285714285714288,0.17027044513457557
22,Vetorial,1,1,"[('125', np.float64(0.2836), 0), ('254', np.float64(0.2641), 0), ('560', np.float64(0.2319), 0), ('413', np.float64(0.2191), 0), ('140', np.float64(0.2104), 0), ('120', np.float64(0.2062), 0), ('346', np.float64(0.203), 0), ('348', np.float64(0.1963), 0), ('207', np.float64(0.1941), 0), ('1147', np.float64(0.1911), 0)]",0.0,0.0,0.0,0.0016666666666666668
23,Vetorial,1,1,"[('892', np.float64(0.3601), -1), ('899', np.float64(0.3058), 3), ('1109', np.float64(0.2386), 2), ('1259', np.float64(0.1988), 2), ('586', np.float64(0.1753), 0), ('903', np.float64(0.1625), 3), ('753', np.float64(0.1512), 0), ('14', np.float64(0.1475), 0), ('902', np.float64(0.1427), 1), ('777', np.float64(0.1407), 0)]",0.5,0.15625,0.23809523809523808,0.22020610028389914
24,Vetorial,1,1,"[('46', np.float64(0.3176), 2), ('756', np.float64(0.272), -1), ('612', np.float64(0.2044), 0), ('12', np.float64(0.1826), 0), ('1034', np.float64(0.1756), 0), ('47', np.float64(0.1626), 2), ('833', np.float64(0.1553), 0), ('834', np.float64(0.1419), 0), ('51', np.float64(0.1369), 0), ('1361', np.float64(0.1286), 0)]",0.2,0.6666666666666666,0.30769230769230765,0.4738562091503267
25,Vetorial,1,1,"[('277', np.float64(0.4132), 3), ('214', np.float64(0.3569), 3), ('990', np.float64(0.2225), 0), ('772', np.float64(0.219), 0), ('215', np.float64(0.2059), 3), ('216', np.float64(0.197), 3), ('987', np.float64(0.1927), 0), ('540', np.float64(0.1638), 0), ('213', np.float64(0.1633), 2), ('170', np.float64(0.1628), 0)]",0.5,0.5555555555555556,0.5263157894736842,0.5196028962856499
26,Vetorial,1,1,"[('382', np.float64(0.4529), 0), ('307', np.float64(0.4182), 0), ('145', np.float64(0.3889), 1), ('4', np.float64(0.3581), 0), ('611', np.float64(0.3392), 1), ('568', np.float64(0.295), 0), ('148', np.float64(0.2918), 0), ('348', np.float64(0.2889), 0), ('629', np.float64(0.2889), 0), ('1355', np.float64(0.2782), 0)]",0.2,0.3333333333333333,0.25,0.22363185425685425
27,Vetorial,1,1,"[('1176', np.float64(0.4638), 0), ('1031', np.float64(0.3856), 0), ('888', np.float64(0.2927), 0), ('1178', np.float64(0.2656), 0), ('1129', np.float64(0.2581), 0), ('838', np.float64(0.2406), 0), ('1133', np.float64(0.2303), 0), ('1293', np.float64(0.2201), 0), ('512', np.float64(0.2165), -1), ('680', np.float64(0.2072), 0)]",0.0,0.0,0.0,0.07247474747474748
28,Vetorial,1,1,"[('1075', np.float64(0.2668), 0), ('1051', np.float64(0.2557), 0), ('680', np.float64(0.2536), 0), ('921', np.float64(0.2422), 0), ('920', np.float64(0.2389), 0), ('247', np.float64(0.2312), 0), ('762', np.float64(0.2299), 0), ('674', np.float64(0.2263), 0), ('924', np.float64(0.216), 0), ('923', np.float64(0.2089), 0)]",0.0,0.0,0.0,0.0066657808486136946
29,Vetorial,1,1,"[('465', np.float64(0.4755), 4), ('420', np.float64(0.4375), 0), ('250', np.float64(0.4089), 2), ('612', np.float64(0.4055), 2), ('900', np.float64(0.3645), 0), ('683', np.float64(0.3368), 0), ('211', np.float64(0.3168), 0), ('222', np.float64(0.3148), 0), ('200', np.float64(0.3034), 0), ('464', np.float64(0.3034), 4)]",0.4,0.4444444444444444,0.4210526315789474,0.40374968990852683
30,Vetorial,1,1,"[('633', np.float64(0.2825), 0), ('683', np.float64(0.2304), 0), ('513', np.float64(0.2229), -1), ('1058', np.float64(0.2185), 0), ('1197', np.float64(0.2185), 0), ('247', np.float64(0.2128), 0), ('602', np.float64(0.2124), 0), ('921', np.float64(0.2114), 0), ('222', np.float64(0.2034), 0), ('420', np.float64(0.2022), 0)]",0.0,0.0,0.0,0.051531153984062765
31,Vetorial,1,1,"[('751', np.float64(0.3934), -1), ('247', np.float64(0.189), 0), ('68', np.float64(0.1814), 0), ('916', np.float64(0.1688), 0), ('918', np.float64(0.1625), 0), ('1341', np.float64(0.1593), 0), ('1153', np.float64(0.1532), 0), ('1245', np.float64(0.1523), 0), ('749', np.float64(0.1488), 0), ('919', np.float64(0.1479), 0)]",0.0,0.0,0.0,0.000945179584120983
32,Vetorial,1,1,"[('752', np.float64(0.5299), -1), ('738', np.float64(0.2881), 0), ('382', np.float64(0.2493), 0), ('1112', np.float64(0.2386), 0), ('801', np.float64(0.2368), 0), ('1259', np.float64(0.2146), 0), ('802', np.float64(0.1893), 0), ('27', np.float64(0.1885), 0), ('242', np.float64(0.1851), 0), ('606', np.float64(0.1791), 0)]",0.0,0.0,0.0,0.04433199380149682
33,Vetorial,1,1,"[('516', np.float64(0.4177), -1), ('714', np.float64(0.3004), 0), ('431', np.float64(0.2918), 3), ('141', np.float64(0.2809), 4), ('594', np.float64(0.2713), 0), ('800', np.float64(0.2607), 0), ('808', np.float64(0.2482), 0), ('252', np.float64(0.232), 3), ('598', np.float64(0.2246), 0), ('672', np.float64(0.2222), 0)]",0.3,1.0,0.4615384615384615,0.40277777777777773
34,Vetorial,1,1,"[('1153', np.float64(0.3534), 0), ('610', np.float64(0.3427), 0), ('516', np.float64(0.3011), -1), ('252', np.float64(0.2993), 1), ('431', np.float64(0.2942), 3), ('799', np.float64(0.273), 3), ('1062', np.float64(0.2647), 0), ('795', np.float64(0.25), 0), ('1074', np.float64(0.2473), 0), ('594', np.float64(0.2421), 0)]",0.3,0.5,0.37499999999999994,0.34874419874419876
35,Vetorial,1,1,"[('1244', np.float64(0.2614), 0), ('724', np.float64(0.2569), 0), ('1208', np.float64(0.2302), 0), ('65', np.float64(0.1805), 0), ('1203', np.float64(0.1783), 0), ('75', np.float64(0.1749), 0), ('1327', np.float64(0.1719), 0), ('654', np.float64(0.1624), 0), ('1389', np.float64(0.162), 0), ('1314', np.float64(0.1584), 0)]",0.0,0.0,0.0,0.028097488647947366
36,Vetorial,1,1,"[('398', np.float64(0.26), 0), ('168', np.float64(0.2342), 3), ('623', np.float64(0.2337), 0), ('554', np.float64(0.2251), 0), ('123', np.float64(0.2245), 0), ('661', np.float64(0.2217), 0), ('872', np.float64(0.2195), 0), ('5', np.float64(0.2171), 0), ('120', np.float64(0.2149), 0), ('666', np.float64(0.2125), 0)]",0.1,0.5,0.16666666666666669,0.2631578947368421
37,Vetorial,1,1,"[('186', np.float64(0.3365), 0), ('176', np.float64(0.3146), 0), ('234', np.float64(0.2925), 0), ('519', np.float64(0.2807), -1), ('979', np.float64(0.271), 0), ('1311', np.float64(0.269), 0), ('173', np.float64(0.2687), 2), ('461', np.float64(0.2596), 0), ('409', np.float64(0.2558), 3), ('189', np.float64(0.2527), 0)]",0.2,0.2222222222222222,0.2105263157894737,0.16400268135494428
38,Vetorial,1,1,"[('536', np.float64(0.299), -1), ('295', np.float64(0.2634), 0), ('976', np.float64(0.2588), 0), ('1141', np.float64(0.2543), 0), ('979', np.float64(0.2512), 0), ('272', np.float64(0.2236), 3), ('294', np.float64(0.2201), 0), ('154', np.float64(0.2125), 0), ('1264', np.float64(0.2106), 0), ('360', np.float64(0.1882), 0)]",0.1,0.1,0.10000000000000002,0.04025874237530589
39,Vetorial,1,1,"[('272', np.float64(0.2788), 1), ('1205', np.float64(0.2655), 0), ('9', np.float64(0.2372), 0), ('1264', np.float64(0.2352), 0), ('37', np.float64(0.2326), 0), ('295', np.float64(0.2316), 0), ('1278', np.float64(0.2199), 0), ('315', np.float64(0.2009), 0), ('337', np.float64(0.1943), 0), ('959', np.float64(0.1911), 0)]",0.1,0.07692307692307693,0.08695652173913043,0.19318080308319438
40,Vetorial,1,1,"[('536', np.float64(0.3083), -1), ('37', np.float64(0.2711), 0), ('1141', np.float64(0.2438), 0), ('295', np.float64(0.2356), 0), ('272', np.float64(0.2263), 3), ('1205', np.float64(0.224), 0), ('979', np.float64(0.2029), 0), ('976', np.float64(0.2007), 3), ('1368', np.float64(0.1802), 0), ('294', np.float64(0.1725), 0)]",0.2,0.16666666666666666,0.1818181818181818,0.0629098674632614
41,Vetorial,1,1,"[('289', np.float64(0.6351), 1), ('433', np.float64(0.4547), 2), ('432', np.float64(0.3431), 0), ('927', np.float64(0.3242), 0), ('1141', np.float64(0.3109), 0), ('549', np.float64(0.2925), 0), ('1152', np.float64(0.2795), 0), ('229', np.float64(0.2679), 0), ('288', np.float64(0.2668), 1), ('126', np.float64(0.254), 0)]",0.3,1.0,0.4615384615384615,0.7777777777777778
42,Vetorial,1,1,"[('521', np.float64(0.5219), -1), ('526', np.float64(0.4347), 0), ('440', np.float64(0.3762), 0), ('503', np.float64(0.3523), 0), ('469', np.float64(0.3476), 3), ('468', np.float64(0.3266), 2), ('467', np.float64(0.3043), 3), ('496', np.float64(0.2775), 0), ('404', np.float64(0.2734), 0), ('801', np.float64(0.2704), 0)]",0.3,0.6,0.4,0.21567567567567564
43,Vetorial,1,1,"[('467', np.float64(0.3126), 1), ('503', np.float64(0.2665), 3), ('469', np.float64(0.2638), 1), ('194', np.float64(0.2576), 0), ('404', np.float64(0.2517), 0), ('440', np.float64(0.2382), 0), ('468', np.float64(0.2187), 1), ('39', np.float64(0.2161), 3), ('526', np.float64(0.2134), 0), ('312', np.float64(0.21), 0)]",0.5,0.8333333333333334,0.625,0.7097140402552773
44,Vetorial,1,1,"[('1190', np.float64(0.1787), 0), ('1148', np.float64(0.119), 0), ('820', np.float64(0.1188), 0), ('583', np.float64(0.1163), 0), ('1031', np.float64(0.1159), 0), ('103', np.float64(0.1141), 0), ('385', np.float64(0.1046), 0), ('593', np.float64(0.1023), 0), ('862', np.float64(0.1022), 0), ('27', np.float64(0.1005), 0)]",0.0,0.0,0.0,0.0024876683294000963
45,Vetorial,1,1,"[('305', np.float64(0.5285), 2), ('525', np.float64(0.5163), -1), ('540', np.float64(0.4312), 0), ('1185', np.float64(0.3174), 3), ('123', np.float64(0.3082), 0), ('84', np.float64(0.2953), 0), ('37', np.float64(0.2911), 0), ('63', np.float64(0.284), 0), ('573', np.float64(0.2735), 0), ('310', np.float64(0.2673), 0)]",0.2,0.16666666666666666,0.1818181818181818,0.20930015985343095
46,Vetorial,1,1,"[('525', np.float64(0.4117), -1), ('1185', np.float64(0.3915), 4), ('123', np.float64(0.3864), 4), ('305', np.float64(0.3813), 2), ('84', np.float64(0.3393), 4), ('37', np.float64(0.3257), 0), ('655', np.float64(0.3137), 0), ('623', np.float64(0.3125), 3), ('353', np.float64(0.3052), 0), ('803', np.float64(0.2853), 0)]",0.5,0.3333333333333333,0.4,0.2932918287435715
47,Vetorial,1,1,"[('568', np.float64(0.4872), 0), ('525', np.float64(0.426), -1), ('305', np.float64(0.4081), 3), ('570', np.float64(0.3398), 2), ('540', np.float64(0.3348), 0), ('310', np.float64(0.3187), 2), ('1200', np.float64(0.3101), 0), ('304', np.float64(0.2887), 2), ('327', np.float64(0.287), 0), ('1370', np.float64(0.2585), 0)]",0.4,0.2857142857142857,0.3333333333333333,0.32779626694143155
48,Vetorial,1,1,"[('526', np.float64(0.5674), -1), ('797', np.float64(0.3862), 3), ('1228', np.float64(0.3547), 0), ('334', np.float64(0.3418), 0), ('440', np.float64(0.2886), 3), ('26', np.float64(0.2695), 0), ('707', np.float64(0.2544), 0), ('683', np.float64(0.2522), 0), ('638', np.float64(0.237), 0), ('902', np.float64(0.2312), 0)]",0.2,0.18181818181818182,0.1904761904761905,0.13246419734735626
49,Vetorial,1,1,"[('527', np.float64(0.521), -1), ('321', np.float64(0.3801), 0), ('320', np.float64(0.3743), 3), ('322', np.float64(0.3361), 0), ('349', np.float64(0.3259), 0), ('377', np.float64(0.3056), 0), ('150', np.float64(0.2616), 0), ('16', np.float64(0.2565), 0), ('1087', np.float64(0.2562), 0), ('1235', np.float64(0.2494), 0)]",0.1,0.5,0.16666666666666669,0.19444444444444442
50,Vetorial,1,1,"[('1112', np.float64(0.2941), 0), ('192', np.float64(0.2927), 0), ('1301', np.float64(0.2794), 0), ('801', np.float64(0.2495), 0), ('326', np.float64(0.2282), 2), ('337', np.float64(0.2158), 0), ('494', np.float64(0.212), 0), ('273', np.float64(0.2032), 0), ('498', np.float64(0.198), 0), ('27', np.float64(0.1939), 0)]",0.1,0.16666666666666666,0.125,0.05174371695083061
51,Vetorial,1,1,"[('494', np.float64(0.3367), 2), ('326', np.float64(0.3242), 4), ('1112', np.float64(0.2616), 0), ('1301', np.float64(0.2584), 0), ('23', np.float64(0.2418), 2), ('192', np.float64(0.2377), 3), ('528', np.float64(0.2191), -1), ('94', np.float64(0.2188), 1), ('105', np.float64(0.2135), 2), ('498', np.float64(0.1965), 0)]",0.6,0.6,0.6,0.5611939974132265
52,Vetorial,1,1,"[('326', np.float64(0.3063), 4), ('550', np.float64(0.2931), 0), ('22', np.float64(0.2583), 2), ('1215', np.float64(0.25), 0), ('21', np.float64(0.2269), 2), ('306', np.float64(0.2241), 2), ('629', np.float64(0.2088), 0), ('528', np.float64(0.1973), -1), ('798', np.float64(0.1561), 0), ('4', np.float64(0.1547), 0)]",0.4,1.0,0.5714285714285715,0.7333333333333333
53,Vetorial,1,1,"[('208', np.float64(0.5336), 4), ('269', np.float64(0.3503), 0), ('267', np.float64(0.347), 0), ('61', np.float64(0.3298), 0), ('298', np.float64(0.3197), 4), ('653', np.float64(0.3084), 0), ('1221', np.float64(0.3048), 0), ('1273', np.float64(0.2996), 0), ('1236', np.float64(0.2939), 0), ('1253', np.float64(0.2886), 0)]",0.2,0.2,0.20000000000000004,0.2302285980328266
54,Vetorial,1,1,"[('123', np.float64(0.5389), -1), ('1185', np.float64(0.4162), 0), ('84', np.float64(0.3802), 2), ('525', np.float64(0.368), 0), ('666', np.float64(0.3341), 0), ('623', np.float64(0.3128), 0), ('305', np.float64(0.293), 0), ('44', np.float64(0.2919), 0), ('784', np.float64(0.2916), 0), ('559', np.float64(0.2884), 0)]",0.1,0.1111111111111111,0.10526315789473685,0.09237338299974589
55,Vetorial,1,1,"[('376', np.float64(0.3799), 4), ('4', np.float64(0.3401), 0), ('460', np.float64(0.32), 2), ('1301', np.float64(0.2763), 0), ('1383', np.float64(0.2686), 0), ('1154', np.float64(0.2659), 0), ('798', np.float64(0.2573), 0), ('458', np.float64(0.2489), 0), ('899', np.float64(0.2476), 0), ('406', np.float64(0.2476), 0)]",0.2,0.2,0.20000000000000004,0.2506124988042048
56,Vetorial,1,1,"[('753', np.float64(0.368), -1), ('783', np.float64(0.2298), 0), ('878', np.float64(0.2092), 0), ('202', np.float64(0.2063), 0), ('14', np.float64(0.1962), 4), ('391', np.float64(0.1941), 0), ('1339', np.float64(0.186), 3), ('1290', np.float64(0.1677), 0), ('1331', np.float64(0.161), 0), ('441', np.float64(0.1601), 0)]",0.2,0.2,0.20000000000000004,0.12406631543219207
57,Vetorial,1,1,"[('753', np.float64(0.3351), -1), ('1275', np.float64(0.239), 0), ('878', np.float64(0.2354), 0), ('202', np.float64(0.2263), 0), ('3', np.float64(0.2212), 0), ('380', np.float64(0.2116), 2), ('916', np.float64(0.2073), 0), ('1111', np.float64(0.2052), 0), ('444', np.float64(0.1947), 0), ('391', np.float64(0.1851), 0)]",0.1,0.07142857142857142,0.08333333333333333,0.0917247532802897
58,Vetorial,1,1,"[('788', np.float64(0.3408), 2), ('120', np.float64(0.3228), 0), ('754', np.float64(0.3213), -1), ('963', np.float64(0.288), 0), ('269', np.float64(0.2831), 0), ('787', np.float64(0.2777), 3), ('398', np.float64(0.263), 0), ('786', np.float64(0.2627), 3), ('873', np.float64(0.2569), 0), ('784', np.float64(0.2496), 4)]",0.4,0.4444444444444444,0.4210526315789474,0.34945047914618416
59,Vetorial,1,1,"[('382', np.float64(0.2952), 0), ('785', np.float64(0.2674), 3), ('1154', np.float64(0.2533), 0), ('105', np.float64(0.2498), 0), ('1055', np.float64(0.2457), 0), ('1084', np.float64(0.2396), 0), ('629', np.float64(0.2388), 0), ('786', np.float64(0.2293), 3), ('789', np.float64(0.2217), 0), ('23', np.float64(0.22), 0)]",0.2,0.5,0.28571428571428575,0.20969607206622304
60,Vetorial,1,1,"[('527', np.float64(0.5769), 3), ('320', np.float64(0.4816), 4), ('321', np.float64(0.4417), 0), ('322', np.float64(0.3805), -1), ('107', np.float64(0.3119), 0), ('350', np.float64(0.2805), 0), ('730', np.float64(0.2544), 0), ('11', np.float64(0.2501), 0), ('476', np.float64(0.2419), 3), ('365', np.float64(0.2368), 0)]",0.3,0.6,0.4,0.5031746031746032
61,Vetorial,1,1,"[('564', np.float64(0.3917), 3), ('566', np.float64(0.3553), 2), ('1213', np.float64(0.3501), 0), ('539', np.float64(0.3207), -1), ('333', np.float64(0.3097), 0), ('435', np.float64(0.2491), 0), ('565', np.float64(0.2216), 2), ('1258', np.float64(0.2108), 0), ('784', np.float64(0.1988), 0), ('907', np.float64(0.1968), 0)]",0.3,0.6,0.4,0.5284815813117699
62,Vetorial,1,1,"[('483', np.float64(0.3048), 0), ('785', np.float64(0.2887), 0), ('381', np.float64(0.2702), 0), ('105', np.float64(0.2662), 0), ('1383', np.float64(0.2584), 0), ('787', np.float64(0.2577), 0), ('459', np.float64(0.2539), 0), ('1046', np.float64(0.2468), 0), ('659', np.float64(0.237), 0), ('533', np.float64(0.2357), 0)]",0.0,0.0,0.0,0.038522974673345464
63,Vetorial,1,1,"[('738', np.float64(0.3068), 0), ('1045', np.float64(0.3027), 0), ('839', np.float64(0.2537), 0), ('843', np.float64(0.2433), 0), ('1046', np.float64(0.2242), 0), ('678', np.float64(0.2206), 0), ('891', np.float64(0.2201), 0), ('1051', np.float64(0.2139), 0), ('491', np.float64(0.2127), 0), ('1121', np.float64(0.1906), 0)]",0.0,0.0,0.0,0.02897828704280317
64,Vetorial,1,1,"[('390', np.float64(0.2337), 1), ('52', np.float64(0.2205), 0), ('878', np.float64(0.2158), 0), ('482', np.float64(0.2041), 0), ('391', np.float64(0.1991), 2), ('202', np.float64(0.1984), 0), ('593', np.float64(0.1886), 0), ('719', np.float64(0.1811), 0), ('1111', np.float64(0.1749), 0), ('914', np.float64(0.1745), 0)]",0.2,1.0,0.33333333333333337,0.7
65,Vetorial,1,1,"[('3', np.float64(0.5997), 2), ('388', np.float64(0.5275), -1), ('393', np.float64(0.4695), 3), ('4', np.float64(0.4512), 3), ('569', np.float64(0.4042), 0), ('664', np.float64(0.3984), 2), ('180', np.float64(0.3783), 3), ('1355', np.float64(0.3456), 0), ('1386', np.float64(0.3164), 0), ('389', np.float64(0.3065), 0)]",0.5,0.3333333333333333,0.4,0.3524947407367323
66,Vetorial,1,1,"[('128', np.float64(0.3557), 0), ('1182', np.float64(0.2898), 0), ('305', np.float64(0.2726), 0), ('191', np.float64(0.2458), 0), ('310', np.float64(0.2359), 0), ('664', np.float64(0.2301), 2), ('97', np.float64(0.2081), 0), ('590', np.float64(0.2014), 0), ('1251', np.float64(0.2001), 0), ('629', np.float64(0.1949), 2)]",0.2,0.4,0.26666666666666666,0.159023569023569
67,Vetorial,1,1,"[('393', np.float64(0.4571), 3), ('4', np.float64(0.4393), 3), ('3', np.float64(0.432), 1), ('664', np.float64(0.3706), 2), ('180', np.float64(0.3683), 1), ('458', np.float64(0.3108), 0), ('389', np.float64(0.2984), 3), ('629', np.float64(0.2831), 2), ('1107', np.float64(0.275), 0), ('1398', np.float64(0.2731), 0)]",0.7,0.5,0.5833333333333334,0.6207178385632115
68,Vetorial,1,1,"[('628', np.float64(0.3978), -1), ('343', np.float64(0.253), 0), ('662', np.float64(0.2242), 2), ('338', np.float64(0.2133), 0), ('337', np.float64(0.2103), 0), ('364', np.float64(0.1978), 0), ('480', np.float64(0.1942), 0), ('344', np.float64(0.1936), 0), ('974', np.float64(0.1934), 0), ('1237', np.float64(0.1931), 0)]",0.1,0.2,0.13333333333333333,0.08537438022174143
69,Vetorial,1,1,"[('1383', np.float64(0.2662), 0), ('264', np.float64(0.2591), 0), ('458', np.float64(0.229), 2), ('4', np.float64(0.2226), 0), ('664', np.float64(0.2185), 0), ('105', np.float64(0.2171), 0), ('1382', np.float64(0.2142), 0), ('540', np.float64(0.2139), -1), ('1182', np.float64(0.2078), 0), ('1154', np.float64(0.2071), 0)]",0.1,0.2,0.13333333333333333,0.09535144412568447
70,Vetorial,1,1,"[('1149', np.float64(0.3957), 0), ('540', np.float64(0.3767), -1), ('300', np.float64(0.3525), 0), ('180', np.float64(0.3513), 0), ('4', np.float64(0.317), 0), ('192', np.float64(0.3158), 0), ('1383', np.float64(0.3123), 0), ('1382', np.float64(0.3051), 0), ('62', np.float64(0.2994), 2), ('349', np.float64(0.2808), 0)]",0.1,0.1,0.10000000000000002,0.052884953455521064
71,Vetorial,1,1,"[('540', np.float64(0.4566), -1), ('305', np.float64(0.4003), 0), ('63', np.float64(0.3826), 0), ('573', np.float64(0.3354), 0), ('1253', np.float64(0.3216), 0), ('170', np.float64(0.3209), 0), ('570', np.float64(0.3128), 0), ('310', np.float64(0.3024), 0), ('525', np.float64(0.2939), 0), ('537', np.float64(0.2848), 0)]",0.0,0.0,0.0,0.045761910293131584
72,Vetorial,1,1,"[('63', np.float64(0.3099), 0), ('540', np.float64(0.2844), 0), ('1078', np.float64(0.2654), 0), ('668', np.float64(0.2399), 0), ('666', np.float64(0.2338), 0), ('139', np.float64(0.2337), 0), ('1381', np.float64(0.2318), 0), ('310', np.float64(0.2313), 0), ('689', np.float64(0.2282), 0), ('1229', np.float64(0.2277), 0)]",0.0,0.0,0.0,0.07425343143533182
73,Vetorial,1,1,"[('332', np.float64(0.4221), 2), ('573', np.float64(0.3507), 3), ('541', np.float64(0.3004), -1), ('517', np.float64(0.2193), 0), ('488', np.float64(0.2127), 0), ('1112', np.float64(0.2123), 0), ('359', np.float64(0.2115), 0), ('410', np.float64(0.2075), 0), ('572', np.float64(0.2048), 2), ('401', np.float64(0.2005), 2)]",0.4,0.2,0.26666666666666666,0.2964272442908568
74,Vetorial,1,1,"[('1153', np.float64(0.2686), 0), ('625', np.float64(0.2627), 0), ('26', np.float64(0.2527), 0), ('876', np.float64(0.2518), 0), ('68', np.float64(0.23), 0), ('656', np.float64(0.2062), 2), ('1143', np.float64(0.2028), 0), ('493', np.float64(0.2016), 0), ('372', np.float64(0.2005), 0), ('431', np.float64(0.1738), 0)]",0.1,0.16666666666666666,0.125,0.11974063947748159
75,Vetorial,1,1,"[('565', np.float64(0.1997), 0), ('584', np.float64(0.1795), 0), ('324', np.float64(0.1673), 3), ('630', np.float64(0.1605), -1), ('55', np.float64(0.1562), 0), ('629', np.float64(0.1556), 0), ('645', np.float64(0.1523), 0), ('50', np.float64(0.1504), 0), ('366', np.float64(0.1501), 0), ('872', np.float64(0.1487), 0)]",0.1,0.2,0.13333333333333333,0.0932788809627045
76,Vetorial,1,1,"[('630', np.float64(0.3149), -1), ('565', np.float64(0.2899), 0), ('666', np.float64(0.222), 3), ('50', np.float64(0.2127), 0), ('667', np.float64(0.2104), 2), ('9', np.float64(0.2007), 0), ('1157', np.float64(0.1996), 0), ('1264', np.float64(0.1951), 0), ('537', np.float64(0.1864), 0), ('1274', np.float64(0.1858), 0)]",0.2,0.2857142857142857,0.23529411764705882,0.15116546120086896
77,Vetorial,1,1,"[('1395', np.float64(0.3207), 0), ('667', np.float64(0.3027), 3), ('1264', np.float64(0.2808), 0), ('329', np.float64(0.2723), 4), ('134', np.float64(0.2436), 0), ('630', np.float64(0.2272), -1), ('668', np.float64(0.2252), 2), ('1391', np.float64(0.221), 4), ('170', np.float64(0.2113), 0), ('504', np.float64(0.2091), 0)]",0.4,0.6666666666666666,0.5,0.4093915343915344
78,Vetorial,1,1,"[('589', np.float64(0.3033), 3), ('543', np.float64(0.2825), -1), ('216', np.float64(0.2769), 0), ('591', np.float64(0.237), 0), ('237', np.float64(0.2214), 0), ('935', np.float64(0.1755), 0), ('138', np.float64(0.1685), 0), ('592', np.float64(0.1643), 0), ('578', np.float64(0.163), 0), ('590', np.float64(0.1537), 3)]",0.2,0.6666666666666666,0.30769230769230765,0.48333333333333334
79,Vetorial,1,1,"[('567', np.float64(0.2973), 0), ('544', np.float64(0.2908), -1), ('199', np.float64(0.2641), 0), ('748', np.float64(0.2503), 0), ('19', np.float64(0.2398), 0), ('1066', np.float64(0.231), 0), ('689', np.float64(0.2296), 0), ('604', np.float64(0.2243), 0), ('1310', np.float64(0.2184), 0), ('597', np.float64(0.2123), 3)]",0.1,0.2,0.13333333333333333,0.05424106406540845
80,Vetorial,1,1,"[('544', np.float64(0.2551), -1), ('604', np.float64(0.2127), 0), ('546', np.float64(0.2064), 0), ('251', np.float64(0.1419), 0), ('602', np.float64(0.1252), 0), ('790', np.float64(0.12), 0), ('875', np.float64(0.1193), 0), ('301', np.float64(0.1185), 0), ('917', np.float64(0.1159), 0), ('1066', np.float64(0.1157), 0)]",0.0,0.0,0.0,0.046126592690389365
81,Vetorial,1,1,"[('714', np.float64(0.3474), 0), ('1153', np.float64(0.2654), 0), ('203', np.float64(0.2532), 0), ('799', np.float64(0.247), 4), ('594', np.float64(0.2372), 0), ('672', np.float64(0.234), 1), ('652', np.float64(0.23), 0), ('631', np.float64(0.23), -1), ('755', np.float64(0.2137), 0), ('876', np.float64(0.2115), 0)]",0.2,1.0,0.33333333333333337,0.29166666666666663
82,Vetorial,1,1,"[('678', np.float64(0.3878), 3), ('1334', np.float64(0.3061), 0), ('1339', np.float64(0.2799), 0), ('676', np.float64(0.2782), 2), ('698', np.float64(0.2667), 0), ('699', np.float64(0.2476), 0), ('247', np.float64(0.2449), 0), ('465', np.float64(0.2367), 0), ('1332', np.float64(0.2288), 0), ('632', np.float64(0.2251), -1)]",0.2,0.4,0.26666666666666666,0.3684763866270716
83,Vetorial,1,1,"[('1275', np.float64(0.3747), 0), ('753', np.float64(0.2816), 0), ('428', np.float64(0.2594), 0), ('680', np.float64(0.2374), 2), ('224', np.float64(0.2236), 0), ('512', np.float64(0.1886), 0), ('232', np.float64(0.1763), 0), ('593', np.float64(0.1509), 0), ('380', np.float64(0.1444), 0), ('1053', np.float64(0.1426), 0)]",0.1,0.25,0.14285714285714288,0.0717758055960532
84,Vetorial,1,1,"[('294', np.float64(0.3153), 3), ('21', np.float64(0.2914), 0), ('522', np.float64(0.2878), 4), ('398', np.float64(0.2793), 0), ('872', np.float64(0.2506), 0), ('554', np.float64(0.2431), 0), ('873', np.float64(0.2359), 4), ('688', np.float64(0.235), 0), ('378', np.float64(0.235), 0), ('142', np.float64(0.2279), 3)]",0.4,0.36363636363636365,0.380952380952381,0.3074410569656188
85,Vetorial,1,1,"[('294', np.float64(0.2878), 0), ('418', np.float64(0.263), 0), ('315', np.float64(0.2393), 0), ('295', np.float64(0.2388), 0), ('1155', np.float64(0.2367), 0), ('272', np.float64(0.2328), 0), ('522', np.float64(0.2279), 0), ('1153', np.float64(0.2265), 0), ('207', np.float64(0.207), 0), ('431', np.float64(0.2056), 0)]",0.0,0.0,0.0,0.016878508770616665
86,Vetorial,1,1,"[('755', np.float64(0.5089), -1), ('594', np.float64(0.4829), 3), ('431', np.float64(0.3683), 0), ('188', np.float64(0.244), 0), ('790', np.float64(0.2366), 3), ('179', np.float64(0.2276), 0), ('1155', np.float64(0.2236), 0), ('516', np.float64(0.2007), 0), ('716', np.float64(0.1954), 0), ('280', np.float64(0.1852), 0)]",0.2,1.0,0.33333333333333337,0.45
87,Vetorial,1,1,"[('439', np.float64(0.2817), 0), ('547', np.float64(0.274), -1), ('334', np.float64(0.2699), 0), ('26', np.float64(0.2504), 0), ('569', np.float64(0.2352), 0), ('667', np.float64(0.2266), 0), ('134', np.float64(0.2245), 0), ('1228', np.float64(0.2191), 0), ('903', np.float64(0.2188), 0), ('655', np.float64(0.2124), 0)]",0.0,0.0,0.0,0.015408091367547791
88,Vetorial,1,1,"[('613', np.float64(0.4746), 2), ('548', np.float64(0.4739), -1), ('622', np.float64(0.4096), 0), ('615', np.float64(0.408), 2), ('617', np.float64(0.3713), 3), ('616', np.float64(0.3707), 3), ('614', np.float64(0.3485), 2), ('618', np.float64(0.3225), 4), ('619', np.float64(0.2846), 0), ('162', np.float64(0.2348), 0)]",0.6,1.0,0.7499999999999999,0.7051587301587302
89,Vetorial,1,1,"[('200', np.float64(0.2785), 0), ('632', np.float64(0.2777), 0), ('924', np.float64(0.2754), 0), ('464', np.float64(0.2705), 0), ('52', np.float64(0.2654), 0), ('250', np.float64(0.2597), 0), ('699', np.float64(0.2563), 0), ('420', np.float64(0.251), 4), ('793', np.float64(0.2443), 2), ('879', np.float64(0.2438), 0)]",0.2,0.3333333333333333,0.25,0.14374286751737733
90,Vetorial,1,1,"[('358', np.float64(0.3718), 0), ('265', np.float64(0.3179), 0), ('311', np.float64(0.286), 3), ('187', np.float64(0.2619), 0), ('457', np.float64(0.2599), 0), ('304', np.float64(0.2518), 0), ('72', np.float64(0.2425), 0), ('1364', np.float64(0.2393), 3), ('291', np.float64(0.2377), 3), ('757', np.float64(0.2376), -1)]",0.3,0.23076923076923078,0.2608695652173913,0.1573647714913255
91,Vetorial,1,1,"[('610', np.float64(0.3704), 0), ('252', np.float64(0.3331), 2), ('799', np.float64(0.2495), 3), ('526', np.float64(0.2404), 0), ('468', np.float64(0.2231), 0), ('672', np.float64(0.2219), 4), ('801', np.float64(0.2174), 2), ('879', np.float64(0.2083), 0), ('1062', np.float64(0.208), 0), ('431', np.float64(0.2055), 0)]",0.4,0.4444444444444444,0.4210526315789474,0.30931842499093604
92,Vetorial,1,1,"[('810', np.float64(0.2608), 4), ('758', np.float64(0.2412), -1), ('809', np.float64(0.2358), 3), ('806', np.float64(0.2317), 4), ('1247', np.float64(0.2283), 3), ('804', np.float64(0.2174), 4), ('1331', np.float64(0.1842), 0), ('807', np.float64(0.1659), 4), ('1252', np.float64(0.1635), 0), ('808', np.float64(0.158), 3)]",0.7,0.5384615384615384,0.608695652173913,0.5676627722511829
93,Vetorial,1,1,"[('635', np.float64(0.636), -1), ('691', np.float64(0.343), 3), ('68', np.float64(0.2411), 0), ('355', np.float64(0.1934), 0), ('302', np.float64(0.1866), 0), ('1336', np.float64(0.1857), 0), ('1072', np.float64(0.1784), 0), ('1314', np.float64(0.1751), 0), ('144', np.float64(0.1738), 0), ('1241', np.float64(0.1626), 0)]",0.1,1.0,0.18181818181818182,0.5
94,Vetorial,1,1,"[('559', np.float64(0.5577), 3), ('1393', np.float64(0.5068), 3), ('283', np.float64(0.429), 3), ('983', np.float64(0.3869), 0), ('1161', np.float64(0.3824), 4), ('101', np.float64(0.3779), 4), ('1104', np.float64(0.3682), 4), ('366', np.float64(0.3538), 0), ('365', np.float64(0.3482), 0), ('438', np.float64(0.3338), 0)]",0.6,0.5,0.5454545454545454,0.5767425283050281
95,Vetorial,1,1,"[('662', np.float64(0.358), 4), ('554', np.float64(0.2591), 0), ('1258', np.float64(0.2458), 0), ('535', np.float64(0.2382), 0), ('123', np.float64(0.2306), 0), ('398', np.float64(0.2255), 0), ('553', np.float64(0.2198), 0), ('872', np.float64(0.2154), 0), ('1104', np.float64(0.2013), 0), ('145', np.float64(0.1978), 0)]",0.1,0.5,0.16666666666666669,0.54
96,Vetorial,1,1,"[('698', np.float64(0.4454), 4), ('637', np.float64(0.406), -1), ('699', np.float64(0.351), 4), ('680', np.float64(0.3099), 0), ('899', np.float64(0.3077), 0), ('779', np.float64(0.2849), 3), ('465', np.float64(0.28), 0), ('892', np.float64(0.2742), 0), ('700', np.float64(0.262), 4), ('803', np.float64(0.2603), 0)]",0.4,0.3076923076923077,0.34782608695652173,0.28591399191774947
97,Vetorial,1,1,"[('1331', np.float64(0.3915), 0), ('882', np.float64(0.3148), 0), ('1289', np.float64(0.2523), 4), ('781', np.float64(0.2127), 0), ('779', np.float64(0.2009), 3), ('495', np.float64(0.1814), 0), ('783', np.float64(0.1793), 0), ('1270', np.float64(0.1682), 0), ('1391', np.float64(0.1641), 0), ('556', np.float64(0.1442), 0)]",0.2,0.2,0.20000000000000004,0.12075895179339421
98,Vetorial,1,1,"[('673', np.float64(0.3692), 0), ('638', np.float64(0.3123), -1), ('1343', np.float64(0.2182), 0), ('792', np.float64(0.2016), 0), ('1163', np.float64(0.2002), 0), ('1091', np.float64(0.1809), 0), ('189', np.float64(0.1785), 0), ('368', np.float64(0.1675), 0), ('1393', np.float64(0.1508), 0), ('1265', np.float64(0.1479), 0)]",0.0,0.0,0.0,0.019013863211575853
99,Vetorial,1,1,"[('639', np.float64(0.5538), -1), ('719', np.float64(0.3619), 2), ('715', np.float64(0.2431), 0), ('716', np.float64(0.2071), 0), ('717', np.float64(0.1558), 2), ('944', np.float64(0.1523), 0), ('164', np.float64(0.1443), 0), ('1348', np.float64(0.1364), 0), ('67', np.float64(0.1289), 0), ('958', np.float64(0.1248), 0)]",0.2,0.5,0.28571428571428575,0.2883347245409015
100,Vetorial,1,1,"[('760', np.float64(0.5416), -1), ('1122', np.float64(0.5011), 2), ('822', np.float64(0.4767), 2), ('1126', np.float64(0.4545), 0), ('739', np.float64(0.4438), 0), ('897', np.float64(0.4383), 0), ('1172', np.float64(0.436), 0), ('1013', np.float64(0.4321), 0), ('740', np.float64(0.412), 0), ('1171', np.float64(0.401), 0)]",0.2,0.2222222222222222,0.2105263157894737,0.214185396903572
101,Vetorial,1,1,"[('820', np.float64(0.4712), 3), ('817', np.float64(0.4681), 2), ('819', np.float64(0.4422), 2), ('1119', np.float64(0.3812), 0), ('818', np.float64(0.3718), 2), ('825', np.float64(0.3215), 3), ('823', np.float64(0.3182), 0), ('837', np.float64(0.2859), 0), ('760', np.float64(0.285), -1), ('826', np.float64(0.236), 0)]",0.5,0.8333333333333334,0.625,0.8198412698412697
102,Vetorial,1,1,"[('910', np.float64(0.2406), 3), ('660', np.float64(0.171), 0), ('1092', np.float64(0.1691), 0), ('728', np.float64(0.1561), 1), ('516', np.float64(0.15), 0), ('1001', np.float64(0.1465), 0), ('729', np.float64(0.1447), -1), ('1339', np.float64(0.1415), 0), ('286', np.float64(0.1371), 0), ('287', np.float64(0.1321), 0)]",0.2,0.5,0.28571428571428575,0.3950778941713672
103,Vetorial,1,1,"[('761', np.float64(0.4832), -1), ('1048', np.float64(0.2994), 0), ('720', np.float64(0.2865), 0), ('1214', np.float64(0.2711), 0), ('1049', np.float64(0.2662), 0), ('770', np.float64(0.2507), 0), ('1050', np.float64(0.2463), 0), ('1127', np.float64(0.2328), 0), ('956', np.float64(0.2263), 0), ('1126', np.float64(0.2001), 0)]",0.0,0.0,0.0,0.015725250344786234
104,Vetorial,1,1,"[('762', np.float64(0.3191), -1), ('1177', np.float64(0.2776), 0), ('462', np.float64(0.2623), 0), ('644', np.float64(0.2423), 0), ('29', np.float64(0.2303), 0), ('910', np.float64(0.2129), 0), ('913', np.float64(0.2031), 0), ('1024', np.float64(0.1956), 0), ('1316', np.float64(0.1944), 0), ('1055', np.float64(0.1888), 0)]",0.0,0.0,0.0,0.06247867804385985
105,Vetorial,1,1,"[('848', np.float64(0.5044), 3), ('764', np.float64(0.5011), -1), ('847', np.float64(0.2975), 4), ('846', np.float64(0.255), 4), ('743', np.float64(0.2249), 0), ('953', np.float64(0.2188), 0), ('763', np.float64(0.2119), 0), ('1071', np.float64(0.211), 0), ('1019', np.float64(0.2056), 0), ('739', np.float64(0.2043), 0)]",0.3,0.6,0.4,0.5233618233618234
106,Vetorial,1,1,"[('847', np.float64(0.3454), 2), ('848', np.float64(0.3351), 0), ('930', np.float64(0.3242), 0), ('908', np.float64(0.3118), 0), ('1036', np.float64(0.3096), 0), ('844', np.float64(0.2869), 4), ('890', np.float64(0.2799), 0), ('764', np.float64(0.2743), -1), ('1044', np.float64(0.2725), 0), ('739', np.float64(0.2703), 0)]",0.2,0.4,0.26666666666666666,0.3211250805931657
107,Vetorial,1,1,"[('640', np.float64(0.3587), -1), ('725', np.float64(0.273), 2), ('909', np.float64(0.2606), 4), ('883', np.float64(0.2445), 0), ('51', np.float64(0.2133), 0), ('12', np.float64(0.2058), 0), ('137', np.float64(0.1719), 0), ('220', np.float64(0.1708), 0), ('811', np.float64(0.1633), 0), ('884', np.float64(0.1626), 0)]",0.2,0.2857142857142857,0.23529411764705882,0.25557325237404205
108,Vetorial,1,1,"[('75', np.float64(0.5548), 3), ('724', np.float64(0.5332), 2), ('726', np.float64(0.459), 2), ('884', np.float64(0.3967), 0), ('768', np.float64(0.3717), 0), ('883', np.float64(0.365), 0), ('720', np.float64(0.3355), 4), ('1244', np.float64(0.3008), 0), ('640', np.float64(0.2936), -1), ('909', np.float64(0.2721), 3)]",0.5,0.7142857142857143,0.588235294117647,0.7428880643166356
109,Vetorial,1,1,"[('658', np.float64(0.4897), 0), ('859', np.float64(0.4864), 0), ('1008', np.float64(0.4737), 0), ('857', np.float64(0.4495), 0), ('856', np.float64(0.4458), 0), ('391', np.float64(0.4236), 0), ('627', np.float64(0.4207), 0), ('766', np.float64(0.3985), -1), ('858', np.float64(0.3826), 0), ('948', np.float64(0.3813), 0)]",0.0,0.0,0.0,0.03432712839384504
110,Vetorial,1,1,"[('862', np.float64(0.3507), 1), ('642', np.float64(0.3315), 0), ('957', np.float64(0.3213), 0), ('1177', np.float64(0.2955), 0), ('1131', np.float64(0.2919), 0), ('1013', np.float64(0.2853), 0), ('400', np.float64(0.2832), 0), ('739', np.float64(0.2831), 0), ('888', np.float64(0.2799), 0), ('915', np.float64(0.2651), 0)]",0.1,0.25,0.14285714285714288,0.2999536178107607
111,Vetorial,1,1,"[('894', np.float64(0.4743), -1), ('856', np.float64(0.4661), 0), ('1008', np.float64(0.4323), 0), ('857', np.float64(0.4226), 0), ('766', np.float64(0.4092), 0), ('859', np.float64(0.3821), 0), ('391', np.float64(0.3781), 2), ('627', np.float64(0.3725), 3), ('858', np.float64(0.3641), 0), ('1131', np.float64(0.3598), 0)]",0.2,0.2857142857142857,0.23529411764705882,0.2408598054606458
112,Vetorial,1,1,"[('641', np.float64(0.6227), -1), ('730', np.float64(0.4545), 4), ('735', np.float64(0.3259), 0), ('733', np.float64(0.3227), 0), ('955', np.float64(0.3047), 0), ('736', np.float64(0.3017), 0), ('1045', np.float64(0.3015), 0), ('840', np.float64(0.2842), 0), ('734', np.float64(0.2817), 0), ('422', np.float64(0.2719), 0)]",0.1,0.5,0.16666666666666669,0.2976190476190476
113,Vetorial,1,1,"[('748', np.float64(0.2639), 3), ('716', np.float64(0.2636), 0), ('638', np.float64(0.2261), 0), ('1272', np.float64(0.2136), 0), ('801', np.float64(0.2107), 0), ('265', np.float64(0.2093), 3), ('467', np.float64(0.209), 0), ('815', np.float64(0.2059), 0), ('368', np.float64(0.1921), 0), ('197', np.float64(0.1903), 0)]",0.2,0.5,0.28571428571428575,0.34864981561872754
114,Vetorial,1,1,"[('895', np.float64(0.4308), -1), ('712', np.float64(0.2293), 0), ('1290', np.float64(0.1532), 0), ('919', np.float64(0.1489), 1), ('676', np.float64(0.1487), 0), ('1289', np.float64(0.1467), 0), ('632', np.float64(0.146), 0), ('1266', np.float64(0.1454), 0), ('917', np.float64(0.1438), 0), ('465', np.float64(0.1358), 0)]",0.1,0.25,0.14285714285714288,0.08943148106797666
115,Vetorial,1,1,"[('746', np.float64(0.2088), 0), ('184', np.float64(0.1998), -1), ('540', np.float64(0.1631), 0), ('422', np.float64(0.148), 0), ('527', np.float64(0.1322), 0), ('435', np.float64(0.1267), 0), ('102', np.float64(0.124), 0), ('875', np.float64(0.1219), 0), ('872', np.float64(0.1169), 0), ('13', np.float64(0.1135), 0)]",0.0,0.0,0.0,0.01439888858296013
116,Vetorial,1,1,"[('225', np.float64(0.3775), 0), ('48', np.float64(0.3709), 0), ('605', np.float64(0.3239), 3), ('1303', np.float64(0.3079), 0), ('1038', np.float64(0.3069), 0), ('384', np.float64(0.2696), 0), ('522', np.float64(0.2527), 0), ('1106', np.float64(0.2501), 0), ('423', np.float64(0.245), 0), ('932', np.float64(0.2287), 0)]",0.1,0.2,0.13333333333333333,0.0769812456511286
117,Vetorial,1,1,"[('229', np.float64(0.3215), 0), ('230', np.float64(0.2754), 0), ('60', np.float64(0.252), 0), ('782', np.float64(0.2519), 0), ('924', np.float64(0.2301), 0), ('282', np.float64(0.2121), 0), ('242', np.float64(0.2109), 0), ('1304', np.float64(0.1903), 0), ('196', np.float64(0.1826), 0), ('1285', np.float64(0.1795), 0)]",0.0,0.0,0.0,0.0375
118,Vetorial,1,1,"[('246', np.float64(0.6178), 0), ('803', np.float64(0.316), 0), ('923', np.float64(0.315), 2), ('545', np.float64(0.3091), 0), ('1239', np.float64(0.2997), 0), ('520', np.float64(0.2841), 0), ('1062', np.float64(0.2756), 0), ('360', np.float64(0.2622), 0), ('1243', np.float64(0.2481), 0), ('1074', np.float64(0.2434), 0)]",0.1,0.3333333333333333,0.15384615384615383,0.1479091183574879
119,Vetorial,1,1,"[('926', np.float64(0.342), 4), ('928', np.float64(0.2785), 0), ('1055', np.float64(0.2382), 0), ('1024', np.float64(0.233), 0), ('533', np.float64(0.2135), 0), ('1116', np.float64(0.2001), 0), ('1361', np.float64(0.1983), 0), ('744', np.float64(0.1974), 0), ('830', np.float64(0.1941), 0), ('897', np.float64(0.191), -1)]",0.1,1.0,0.18181818181818182,1.0
120,Vetorial,1,1,"[('769', np.float64(0.4671), -1), ('887', np.float64(0.4382), 2), ('1146', np.float64(0.3266), 2), ('739', np.float64(0.3147), 0), ('890', np.float64(0.3099), 2), ('897', np.float64(0.3007), 0), ('740', np.float64(0.2954), 0), ('885', np.float64(0.2891), 3), ('741', np.float64(0.2851), 0), ('886', np.float64(0.2778), 3)]",0.5,0.5555555555555556,0.5263157894736842,0.4403071652194459
121,Vetorial,1,1,"[('1146', np.float64(0.4241), 2), ('887', np.float64(0.378), 1), ('769', np.float64(0.3651), -1), ('888', np.float64(0.353), 1), ('1177', np.float64(0.295), 0), ('31', np.float64(0.2917), 0), ('1178', np.float64(0.2882), 0), ('739', np.float64(0.28), 0), ('642', np.float64(0.2766), 0), ('957', np.float64(0.276), 0)]",0.3,0.42857142857142855,0.3529411764705882,0.523078164071953
122,Vetorial,1,1,"[('1070', np.float64(0.4233), 0), ('898', np.float64(0.4184), -1), ('930', np.float64(0.3503), 0), ('1071', np.float64(0.2702), 0), ('938', np.float64(0.2696), 2), ('931', np.float64(0.2678), 4), ('1059', np.float64(0.2545), 0), ('934', np.float64(0.2485), 4), ('935', np.float64(0.2483), 4), ('1171', np.float64(0.2382), 0)]",0.4,0.4444444444444444,0.4210526315789474,0.20089239399843753
123,Vetorial,1,1,"[('941', np.float64(0.4523), -1), ('1221', np.float64(0.2505), 0), ('1360', np.float64(0.2183), 0), ('270', np.float64(0.2091), 0), ('112', np.float64(0.1858), 0), ('775', np.float64(0.176), 0), ('34', np.float64(0.1633), 0), ('227', np.float64(0.1578), 0), ('966', np.float64(0.1574), 2), ('742', np.float64(0.1561), 0)]",0.1,0.5,0.16666666666666669,0.09259259259259259
124,Vetorial,1,1,"[('941', np.float64(0.4735), -1), ('1070', np.float64(0.27), 0), ('898', np.float64(0.2564), 0), ('930', np.float64(0.2236), 0), ('934', np.float64(0.21), 0), ('938', np.float64(0.2005), 0), ('1171', np.float64(0.1991), 0), ('1222', np.float64(0.1979), 0), ('1153', np.float64(0.1967), 0), ('516', np.float64(0.1932), 0)]",0.0,0.0,0.0,0.004227373517382174
125,Vetorial,1,1,"[('997', np.float64(0.3868), 2), ('610', np.float64(0.3395), 0), ('1195', np.float64(0.3208), 0), ('176', np.float64(0.3098), 3), ('993', np.float64(0.3087), 0), ('695', np.float64(0.2924), 0), ('697', np.float64(0.2518), 0), ('177', np.float64(0.2496), 4), ('131', np.float64(0.2495), 0), ('1352', np.float64(0.2495), 0)]",0.3,0.17647058823529413,0.22222222222222224,0.29899096794155383
126,Vetorial,1,1,"[('1326', np.float64(0.3914), 2), ('1288', np.float64(0.3667), 0), ('974', np.float64(0.3288), 2), ('1095', np.float64(0.3201), 0), ('397', np.float64(0.256), 0), ('1265', np.float64(0.2449), 0), ('773', np.float64(0.2341), 0), ('1083', np.float64(0.2264), 0), ('1237', np.float64(0.2241), 0), ('628', np.float64(0.2179), 0)]",0.2,0.25,0.22222222222222224,0.2263215815631266
127,Vetorial,1,1,"[('5', np.float64(0.371), 0), ('6', np.float64(0.3247), 0), ('981', np.float64(0.3021), 3), ('158', np.float64(0.2889), 0), ('869', np.float64(0.2272), 0), ('1073', np.float64(0.2176), 0), ('944', np.float64(0.2078), -1), ('395', np.float64(0.196), 0), ('1207', np.float64(0.1805), 0), ('399', np.float64(0.1727), 0)]",0.1,0.2,0.13333333333333333,0.14029304029304027
128,Vetorial,1,1,"[('945', np.float64(0.4885), -1), ('1063', np.float64(0.3078), 0), ('745', np.float64(0.2365), 0), ('92', np.float64(0.2328), 0), ('1219', np.float64(0.2232), 0), ('988', np.float64(0.2036), 0), ('248', np.float64(0.1917), 0), ('1087', np.float64(0.1913), 0), ('111', np.float64(0.1672), 0), ('12', np.float64(0.1656), 0)]",0.0,0.0,0.0,0.021129032258064517
129,Vetorial,1,1,"[('945', np.float64(0.4083), -1), ('988', np.float64(0.3292), 3), ('987', np.float64(0.2868), 2), ('527', np.float64(0.1993), 0), ('637', np.float64(0.1947), 0), ('1281', np.float64(0.1924), 0), ('507', np.float64(0.1738), 0), ('989', np.float64(0.1658), 3), ('3', np.float64(0.1609), 0), ('376', np.float64(0.151), 0)]",0.3,0.42857142857142855,0.3529411764705882,0.27129680978272463
130,Vetorial,1,1,"[('948', np.float64(0.4632), -1), ('859', np.float64(0.4562), 3), ('766', np.float64(0.4286), 2), ('391', np.float64(0.3949), 0), ('856', np.float64(0.3948), 0), ('1008', np.float64(0.3839), 3), ('858', np.float64(0.3541), 3), ('658', np.float64(0.3321), 0), ('857', np.float64(0.3302), 0), ('627', np.float64(0.3072), 0)]",0.4,0.8,0.5333333333333333,0.45017006802721093
131,Vetorial,1,1,"[('1021', np.float64(0.5012), 0), ('1023', np.float64(0.4688), 0), ('950', np.float64(0.4679), -1), ('1025', np.float64(0.4106), 0), ('1026', np.float64(0.4032), 0), ('952', np.float64(0.3682), 0), ('1012', np.float64(0.368), 4), ('1017', np.float64(0.3431), 3), ('1020', np.float64(0.339), 2), ('1024', np.float64(0.3314), 0)]",0.3,0.375,0.33333333333333326,0.2881445760122231
132,Vetorial,1,1,"[('1026', np.float64(0.5148), 3), ('1013', np.float64(0.4976), 3), ('1021', np.float64(0.4811), 0), ('1015', np.float64(0.4696), 3), ('1023', np.float64(0.4494), 3), ('1020', np.float64(0.4366), 4), ('1028', np.float64(0.4168), 0), ('1014', np.float64(0.4135), 1), ('1017', np.float64(0.3805), 3), ('951', np.float64(0.379), 3)]",0.8,0.5333333333333333,0.64,0.6863387642398135
133,Vetorial,1,1,"[('1026', np.float64(0.525), 0), ('1013', np.float64(0.5075), 0), ('1015', np.float64(0.4789), 0), ('1023', np.float64(0.4583), 0), ('1020', np.float64(0.4452), 1), ('1028', np.float64(0.437), 0), ('1014', np.float64(0.4217), 0), ('951', np.float64(0.4119), 0), ('1021', np.float64(0.3775), 0), ('1012', np.float64(0.3553), 4)]",0.2,0.2857142857142857,0.23529411764705882,0.15427176897824063
134,Vetorial,1,1,"[('951', np.float64(0.3447), -1), ('1015', np.float64(0.306), 0), ('1028', np.float64(0.2896), 3), ('1013', np.float64(0.2835), 0), ('1026', np.float64(0.275), 0), ('1014', np.float64(0.2677), 0), ('1012', np.float64(0.2644), 0), ('1023', np.float64(0.2522), 0), ('1020', np.float64(0.2499), 0), ('1021', np.float64(0.2167), 0)]",0.1,0.5,0.16666666666666669,0.2121212121212121
135,Vetorial,1,1,"[('1026', np.float64(0.7126), 4), ('1017', np.float64(0.5901), 4), ('1023', np.float64(0.5835), 4), ('1020', np.float64(0.5683), 0), ('1015', np.float64(0.5611), 0), ('1013', np.float64(0.5475), 0), ('1012', np.float64(0.5413), 0), ('1029', np.float64(0.5278), 0), ('951', np.float64(0.514), -1), ('1014', np.float64(0.4762), 0)]",0.3,0.375,0.33333333333333326,0.6110620384517444
136,Vetorial,1,1,"[('951', np.float64(0.3597), -1), ('1026', np.float64(0.356), 0), ('1013', np.float64(0.3497), 0), ('1021', np.float64(0.3295), 1), ('1033', np.float64(0.328), 0), ('1015', np.float64(0.3248), 0), ('1020', np.float64(0.3141), 0), ('1023', np.float64(0.3108), 0), ('1014', np.float64(0.2967), 0), ('1028', np.float64(0.2923), 0)]",0.1,0.3333333333333333,0.15384615384615383,0.11600790513833992
137,Vetorial,1,1,"[('952', np.float64(0.5114), -1), ('1023', np.float64(0.4066), 0), ('1026', np.float64(0.3885), 0), ('1021', np.float64(0.3507), 3), ('1015', np.float64(0.2721), 0), ('1024', np.float64(0.2713), 0), ('1028', np.float64(0.2699), 0), ('1013', np.float64(0.2613), 0), ('1034', np.float64(0.2596), 3), ('1020', np.float64(0.2345), 0)]",0.2,0.5,0.28571428571428575,0.23055555555555557
138,Vetorial,1,1,"[('953', np.float64(0.5028), -1), ('847', np.float64(0.4855), 0), ('897', np.float64(0.3951), 0), ('848', np.float64(0.3931), 0), ('844', np.float64(0.3812), 0), ('846', np.float64(0.3541), 1), ('887', np.float64(0.3507), 0), ('841', np.float64(0.33), 0), ('1068', np.float64(0.3235), 0), ('890', np.float64(0.3184), 0)]",0.1,0.5,0.16666666666666669,0.12179487179487179
139,Vetorial,1,1,"[('847', np.float64(0.4302), 0), ('897', np.float64(0.3901), 0), ('953', np.float64(0.352), -1), ('848', np.float64(0.3514), 0), ('844', np.float64(0.3448), 0), ('846', np.float64(0.3383), 0), ('826', np.float64(0.3381), 0), ('887', np.float64(0.3287), 0), ('1068', np.float64(0.2823), 0), ('764', np.float64(0.2734), 0)]",0.0,0.0,0.0,0.007046786490528921
140,Vetorial,1,1,"[('954', np.float64(0.522), -1), ('922', np.float64(0.2609), 0), ('1038', np.float64(0.2282), 1), ('887', np.float64(0.2224), 0), ('870', np.float64(0.2097), 0), ('890', np.float64(0.2085), 0), ('1039', np.float64(0.2068), 1), ('726', np.float64(0.2049), 0), ('837', np.float64(0.1892), 0), ('729', np.float64(0.188), 0)]",0.2,0.3333333333333333,0.25,0.1300129905720855
141,Vetorial,1,1,"[('930', np.float64(0.2664), 0), ('1043', np.float64(0.2596), 2), ('889', np.float64(0.2538), 0), ('890', np.float64(0.2482), 0), ('732', np.float64(0.2391), 0), ('1038', np.float64(0.2345), 1), ('1044', np.float64(0.2212), 2), ('926', np.float64(0.2114), 0), ('826', np.float64(0.2096), 0), ('887', np.float64(0.2088), 0)]",0.3,0.5,0.37499999999999994,0.25661229673842995
142,Vetorial,1,1,"[('954', np.float64(0.289), -1), ('827', np.float64(0.2492), 0), ('887', np.float64(0.1675), 0), ('1136', np.float64(0.1576), 0), ('1134', np.float64(0.1558), 0), ('922', np.float64(0.1495), 0), ('885', np.float64(0.1422), 0), ('1125', np.float64(0.1386), 0), ('1135', np.float64(0.1385), 0), ('741', np.float64(0.1301), 0)]",0.0,0.0,0.0,0.06666666666666667
143,Vetorial,1,1,"[('930', np.float64(0.3934), 0), ('1043', np.float64(0.3697), 1), ('890', np.float64(0.3335), 0), ('1044', np.float64(0.3142), 1), ('889', np.float64(0.3096), 0), ('1071', np.float64(0.3011), 0), ('826', np.float64(0.2975), 0), ('1129', np.float64(0.297), 0), ('953', np.float64(0.2949), 0), ('887', np.float64(0.2805), 0)]",0.2,1.0,0.33333333333333337,0.5
144,Vetorial,1,1,"[('1045', np.float64(0.3731), 2), ('955', np.float64(0.3086), -1), ('763', np.float64(0.3015), 3), ('839', np.float64(0.2722), 3), ('1340', np.float64(0.2322), 0), ('840', np.float64(0.2205), 2), ('838', np.float64(0.2173), 3), ('1046', np.float64(0.2101), 0), ('1126', np.float64(0.1966), 0), ('846', np.float64(0.188), 0)]",0.5,0.8333333333333334,0.625,0.7098595848595849
145,Vetorial,1,1,"[('1045', np.float64(0.3633), 3), ('839', np.float64(0.3244), 2), ('1051', np.float64(0.3071), 0), ('763', np.float64(0.2866), 2), ('838', np.float64(0.2607), 2), ('1046', np.float64(0.2272), 0), ('928', np.float64(0.2119), 0), ('1126', np.float64(0.2059), 0), ('1118', np.float64(0.2025), 0), ('1121', np.float64(0.1922), 0)]",0.4,0.5714285714285714,0.47058823529411764,0.5736305361305362
146,Vetorial,1,1,"[('1045', np.float64(0.5846), 3), ('955', np.float64(0.5647), -1), ('840', np.float64(0.4671), 1), ('641', np.float64(0.3375), 0), ('854', np.float64(0.2928), 0), ('730', np.float64(0.2423), 0), ('839', np.float64(0.2038), 0), ('763', np.float64(0.2009), 0), ('1175', np.float64(0.194), 0), ('1046', np.float64(0.1646), 0)]",0.2,1.0,0.33333333333333337,0.8333333333333333
147,Vetorial,1,1,"[('956', np.float64(0.6189), -1), ('1049', np.float64(0.422), 4), ('1050', np.float64(0.3201), 3), ('1358', np.float64(0.2628), 0), ('1128', np.float64(0.26), 0), ('1171', np.float64(0.249), 0), ('843', np.float64(0.2242), 3), ('1145', np.float64(0.2214), 0), ('1172', np.float64(0.2204), 0), ('1069', np.float64(0.213), 0)]",0.3,0.3,0.3,0.25692915502668534
148,Vetorial,1,1,"[('1048', np.float64(0.5617), 2), ('956', np.float64(0.428), -1), ('1126', np.float64(0.3572), 0), ('1050', np.float64(0.3466), 2), ('761', np.float64(0.3393), 0), ('720', np.float64(0.332), 0), ('888', np.float64(0.3121), 0), ('928', np.float64(0.3032), 0), ('1049', np.float64(0.2956), 3), ('642', np.float64(0.2888), 0)]",0.3,0.5,0.37499999999999994,0.3629565039429052
149,Vetorial,1,1,"[('930', np.float64(0.4189), 3), ('1070', np.float64(0.3445), 0), ('1058', np.float64(0.2807), 3), ('926', np.float64(0.256), 0), ('1068', np.float64(0.2329), 0), ('1059', np.float64(0.229), 3), ('1044', np.float64(0.2269), 0), ('898', np.float64(0.2007), 0), ('1361', np.float64(0.1935), 0), ('931', np.float64(0.1888), 3)]",0.4,0.36363636363636365,0.380952380952381,0.3679883985455405
150,Vetorial,1,1,"[('1074', np.float64(0.6131), 3), ('1062', np.float64(0.6066), -1), ('1075', np.float64(0.499), 3), ('1108', np.float64(0.3951), 0), ('1259', np.float64(0.3798), 0), ('1243', np.float64(0.3315), 0), ('124', np.float64(0.3106), 0), ('1239', np.float64(0.3), 0), ('1202', np.float64(0.2968), 0), ('923', np.float64(0.2967), 0)]",0.2,1.0,0.33333333333333337,0.8333333333333333
151,Vetorial,1,1,"[('1062', np.float64(0.2388), -1), ('678', np.float64(0.2162), 0), ('433', np.float64(0.2137), 0), ('1246', np.float64(0.2079), 0), ('676', np.float64(0.206), 0), ('924', np.float64(0.2027), 0), ('52', np.float64(0.1958), 0), ('247', np.float64(0.1883), 0), ('250', np.float64(0.1828), 0), ('222', np.float64(0.1823), 0)]",0.0,0.0,0.0,0.04283868669753303
152,Vetorial,1,1,"[('671', np.float64(0.4029), 0), ('1225', np.float64(0.3343), 0), ('333', np.float64(0.3073), 0), ('336', np.float64(0.2988), 0), ('794', np.float64(0.2672), 0), ('678', np.float64(0.2618), 0), ('3', np.float64(0.2489), 0), ('924', np.float64(0.2446), 0), ('250', np.float64(0.2381), 0), ('72', np.float64(0.2369), 0)]",0.0,0.0,0.0,0.011696079816947489
153,Vetorial,1,1,"[('1063', np.float64(0.5521), -1), ('1085', np.float64(0.369), 3), ('1081', np.float64(0.3338), 4), ('393', np.float64(0.2597), 0), ('394', np.float64(0.236), 0), ('323', np.float64(0.2256), 0), ('1082', np.float64(0.2128), 4), ('117', np.float64(0.1909), 0), ('666', np.float64(0.1879), 0), ('329', np.float64(0.1868), 0)]",0.3,0.42857142857142855,0.3529411764705882,0.2646759377814718
154,Vetorial,1,1,"[('832', np.float64(0.5335), 0), ('1087', np.float64(0.4133), 2), ('1088', np.float64(0.3963), 3), ('1054', np.float64(0.3286), 0), ('1262', np.float64(0.2862), 0), ('1055', np.float64(0.2461), 0), ('111', np.float64(0.238), 0), ('1063', np.float64(0.2329), -1), ('1086', np.float64(0.2149), 0), ('584', np.float64(0.1848), 0)]",0.2,1.0,0.33333333333333337,0.5833333333333333
155,Vetorial,1,1,"[('553', np.float64(0.3767), 0), ('1099', np.float64(0.3493), 4), ('1100', np.float64(0.2692), 2), ('1097', np.float64(0.265), 0), ('1065', np.float64(0.2331), -1), ('1101', np.float64(0.233), 3), ('1241', np.float64(0.1976), 0), ('806', np.float64(0.1669), 0), ('1096', np.float64(0.1586), 0), ('1098', np.float64(0.1552), 0)]",0.3,0.5,0.37499999999999994,0.2811823076703351
156,Vetorial,1,1,"[('553', np.float64(0.4233), 2), ('1097', np.float64(0.4025), 2), ('1099', np.float64(0.3937), 3), ('1096', np.float64(0.3068), 3), ('1100', np.float64(0.3034), 2), ('1098', np.float64(0.2358), 3), ('1065', np.float64(0.2242), -1), ('761', np.float64(0.2036), 0), ('1117', np.float64(0.1948), 0), ('1279', np.float64(0.1796), 0)]",0.6,0.42857142857142855,0.5,0.5392887519846206
157,Vetorial,1,1,"[('1006', np.float64(0.4128), -1), ('318', np.float64(0.3686), 3), ('160', np.float64(0.3418), 3), ('25', np.float64(0.3388), 2), ('498', np.float64(0.3296), 0), ('1393', np.float64(0.3092), 0), ('626', np.float64(0.303), 2), ('688', np.float64(0.3005), 0), ('372', np.float64(0.2711), 2), ('369', np.float64(0.2653), 3)]",0.6,0.15384615384615385,0.2448979591836735,0.3585808879177262
158,Vetorial,1,1,"[('302', np.float64(0.3497), 1), ('691', np.float64(0.2373), 0), ('949', np.float64(0.2368), 0), ('552', np.float64(0.214), 2), ('1199', np.float64(0.2117), 0), ('328', np.float64(0.2062), 0), ('1157', np.float64(0.1949), 0), ('586', np.float64(0.1923), 0), ('405', np.float64(0.1861), 0), ('59', np.float64(0.1858), 0)]",0.2,0.25,0.22222222222222224,0.2771338402340545
159,Vetorial,1,1,"[('1066', np.float64(0.4503), -1), ('1197', np.float64(0.3238), 0), ('1112', np.float64(0.2722), 3), ('801', np.float64(0.2112), 0), ('958', np.float64(0.1991), 0), ('1287', np.float64(0.1973), 0), ('1115', np.float64(0.189), 4), ('723', np.float64(0.1827), 0), ('1339', np.float64(0.1803), 0), ('844', np.float64(0.1792), 0)]",0.2,0.25,0.22222222222222224,0.11122561364263048
160,Vetorial,1,1,"[('1071', np.float64(0.5723), -1), ('885', np.float64(0.4205), 0), ('887', np.float64(0.4196), 0), ('890', np.float64(0.418), 0), ('739', np.float64(0.3704), 0), ('741', np.float64(0.3622), 0), ('769', np.float64(0.3583), 0), ('1172', np.float64(0.3282), 0), ('1052', np.float64(0.3258), 0), ('897', np.float64(0.3082), 0)]",0.0,0.0,0.0,0.03553219665075507
161,Vetorial,1,1,"[('1386', np.float64(0.3803), 2), ('1192', np.float64(0.3473), 0), ('55', np.float64(0.342), 4), ('460', np.float64(0.3334), 0), ('461', np.float64(0.3267), 0), ('959', np.float64(0.3084), 0), ('145', np.float64(0.3076), 0), ('54', np.float64(0.2965), 2), ('1185', np.float64(0.2935), 0), ('1366', np.float64(0.2925), 0)]",0.3,0.5,0.37499999999999994,0.40781233033955355
162,Vetorial,1,1,"[('55', np.float64(0.3806), 0), ('959', np.float64(0.3615), 0), ('460', np.float64(0.3591), 2), ('559', np.float64(0.3459), 0), ('145', np.float64(0.3193), 0), ('1383', np.float64(0.3157), 0), ('366', np.float64(0.3152), 0), ('376', np.float64(0.2958), 0), ('1182', np.float64(0.2944), 0), ('365', np.float64(0.2857), 0)]",0.1,0.125,0.11111111111111112,0.17743570699453054
163,Vetorial,1,1,"[('492', np.float64(0.6438), -1), ('1231', np.float64(0.307), 0), ('57', np.float64(0.3015), 3), ('56', np.float64(0.295), 3), ('434', np.float64(0.2739), 0), ('373', np.float64(0.2708), 0), ('232', np.float64(0.2648), 0), ('233', np.float64(0.2371), 0), ('1307', np.float64(0.2296), 0), ('354', np.float64(0.2289), 0)]",0.2,0.6666666666666666,0.30769230769230765,0.28444444444444444
164,Vetorial,1,1,"[('358', np.float64(0.3357), 0), ('311', np.float64(0.3281), 2), ('316', np.float64(0.2776), 4), ('503', np.float64(0.2769), -1), ('265', np.float64(0.2424), 0), ('187', np.float64(0.2365), 0), ('72', np.float64(0.235), 0), ('457', np.float64(0.2347), 0), ('415', np.float64(0.2312), 3), ('1225', np.float64(0.2198), 0)]",0.3,0.375,0.33333333333333326,0.3076794526192462
165,Vetorial,1,1,"[('504', np.float64(0.296), -1), ('71', np.float64(0.2435), 1), ('335', np.float64(0.2404), 0), ('569', np.float64(0.2141), 0), ('256', np.float64(0.2114), 0), ('1076', np.float64(0.2027), 0), ('64', np.float64(0.2006), 0), ('978', np.float64(0.1953), 0), ('1154', np.float64(0.1899), 0), ('376', np.float64(0.1887), 0)]",0.1,0.5,0.16666666666666669,0.34090909090909094
166,Vetorial,1,1,"[('504', np.float64(0.3815), -1), ('256', np.float64(0.2857), 0), ('569', np.float64(0.2478), 0), ('71', np.float64(0.2474), 0), ('335', np.float64(0.2441), 0), ('1302', np.float64(0.2397), 0), ('1171', np.float64(0.2291), 0), ('55', np.float64(0.2275), 0), ('376', np.float64(0.2247), 0), ('1276', np.float64(0.2218), 0)]",0.0,0.0,0.0,0.025124122606568964
167,Vetorial,1,1,"[('553', np.float64(0.5321), 0), ('1099', np.float64(0.4617), 0), ('1097', np.float64(0.3914), 0), ('1100', np.float64(0.3837), 0), ('1279', np.float64(0.2985), 0), ('1241', np.float64(0.2911), 0), ('1098', np.float64(0.2512), 0), ('1096', np.float64(0.2501), 0), ('1065', np.float64(0.2331), 0), ('1101', np.float64(0.2225), 0)]",0.0,0.0,0.0,0.12237762237762238
168,Vetorial,1,1,"[('750', np.float64(0.552), -1), ('965', np.float64(0.4346), 0), ('217', np.float64(0.3752), 1), ('136', np.float64(0.354), 0), ('1187', np.float64(0.3511), 0), ('118', np.float64(0.3428), 0), ('341', np.float64(0.3419), 0), ('970', np.float64(0.2943), 0), ('221', np.float64(0.2852), 0), ('213', np.float64(0.2806), 0)]",0.1,0.5,0.16666666666666669,0.25
169,Vetorial,1,1,"[('750', np.float64(0.5155), -1), ('965', np.float64(0.3815), 0), ('217', np.float64(0.3527), 0), ('118', np.float64(0.3171), 1), ('136', np.float64(0.3142), 0), ('341', np.float64(0.3114), 0), ('1187', np.float64(0.2965), 0), ('970', np.float64(0.2777), 0), ('127', np.float64(0.2771), 0), ('213', np.float64(0.2603), 0)]",0.1,0.25,0.14285714285714288,0.18525469628410807
170,Vetorial,1,1,"[('893', np.float64(0.4369), -1), ('238', np.float64(0.3794), 2), ('905', np.float64(0.3206), 0), ('904', np.float64(0.2974), 3), ('239', np.float64(0.2798), 3), ('139', np.float64(0.2503), 2), ('1082', np.float64(0.2394), 0), ('140', np.float64(0.2086), 0), ('223', np.float64(0.1834), 0), ('906', np.float64(0.1736), 3)]",0.5,0.8333333333333334,0.625,0.46423611111111107
171,Vetorial,1,1,"[('516', np.float64(0.3861), -1), ('431', np.float64(0.3585), 1), ('714', np.float64(0.3315), 0), ('594', np.float64(0.2813), 0), ('800', np.float64(0.2703), 0), ('141', np.float64(0.2527), 4), ('1155', np.float64(0.2386), 0), ('252', np.float64(0.2335), 1), ('672', np.float64(0.2303), 0), ('1066', np.float64(0.226), 0)]",0.3,1.0,0.4615384615384615,0.40277777777777773
172,Vetorial,1,1,"[('527', np.float64(0.673), -1), ('320', np.float64(0.6194), 1), ('321', np.float64(0.4134), 1), ('322', np.float64(0.4093), 3), ('476', np.float64(0.3048), 3), ('478', np.float64(0.3048), 0), ('1370', np.float64(0.2835), 0), ('107', np.float64(0.2598), 0), ('1281', np.float64(0.226), 0), ('1235', np.float64(0.2147), 0)]",0.4,1.0,0.5714285714285715,0.6791666666666667
173,Vetorial,1,1,"[('532', np.float64(0.5044), -1), ('367', np.float64(0.3206), 1), ('451', np.float64(0.2581), 1), ('1073', np.float64(0.1818), 0), ('917', np.float64(0.1757), 0), ('470', np.float64(0.1618), 0), ('777', np.float64(0.1608), 0), ('251', np.float64(0.1567), 0), ('1054', np.float64(0.1419), 0), ('155', np.float64(0.1405), 0)]",0.2,1.0,0.33333333333333337,0.5833333333333333
174,Vetorial,1,1,"[('483', np.float64(0.5199), 0), ('411', np.float64(0.3409), 1), ('1274', np.float64(0.3311), 0), ('1319', np.float64(0.3305), 0), ('1157', np.float64(0.3079), 0), ('523', np.float64(0.3026), 0), ('501', np.float64(0.2901), 0), ('1390', np.float64(0.2668), 0), ('1151', np.float64(0.2366), 0), ('35', np.float64(0.2357), 0)]",0.1,0.2,0.13333333333333333,0.1531469882382661
175,Vetorial,1,1,"[('941', np.float64(0.5572), -1), ('1221', np.float64(0.3728), 0), ('270', np.float64(0.3062), 0), ('139', np.float64(0.2696), 0), ('668', np.float64(0.2645), 0), ('1078', np.float64(0.2413), 0), ('666', np.float64(0.2403), 0), ('34', np.float64(0.2391), 0), ('491', np.float64(0.2361), 0), ('238', np.float64(0.2358), 0)]",0.0,0.0,0.0,0.05180014346962948
176,Vetorial,1,1,"[('963', np.float64(0.4159), 0), ('542', np.float64(0.3727), -1), ('5', np.float64(0.2492), 0), ('1073', np.float64(0.2249), 0), ('606', np.float64(0.1946), 0), ('872', np.float64(0.1911), 0), ('869', np.float64(0.1909), 0), ('981', np.float64(0.1858), 0), ('1221', np.float64(0.1694), 0), ('978', np.float64(0.1684), 4)]",0.1,0.14285714285714285,0.11764705882352941,0.06280770358161787
177,Vetorial,1,1,"[('589', np.float64(0.6538), 2), ('588', np.float64(0.5635), 2), ('576', np.float64(0.4422), 0), ('590', np.float64(0.4297), 4), ('543', np.float64(0.3927), -1), ('216', np.float64(0.3284), 0), ('578', np.float64(0.3182), 0), ('592', np.float64(0.3048), 3), ('138', np.float64(0.2919), 0), ('591', np.float64(0.2353), 0)]",0.4,0.8,0.5333333333333333,0.7333333333333333
178,Vetorial,1,1,"[('591', np.float64(0.5095), 1), ('216', np.float64(0.2908), 0), ('589', np.float64(0.2735), 4), ('543', np.float64(0.2488), -1), ('138', np.float64(0.2258), 0), ('592', np.float64(0.2202), 0), ('590', np.float64(0.206), 3), ('214', np.float64(0.1981), 0), ('1153', np.float64(0.1918), 0), ('237', np.float64(0.181), 0)]",0.3,0.75,0.4285714285714285,0.5904761904761904
179,Vetorial,1,1,"[('633', np.float64(0.2705), -1), ('680', np.float64(0.2438), 3), ('224', np.float64(0.2189), 0), ('682', np.float64(0.2051), 3), ('227', np.float64(0.1976), 0), ('428', np.float64(0.1962), 0), ('918', np.float64(0.1892), 0), ('1080', np.float64(0.1718), 0), ('512', np.float64(0.1697), 0), ('706', np.float64(0.1664), 0)]",0.2,0.5,0.28571428571428575,0.2675899131872675
180,Vetorial,1,1,"[('548', np.float64(0.4289), -1), ('622', np.float64(0.3469), 2), ('616', np.float64(0.2869), 4), ('314', np.float64(0.26), 0), ('617', np.float64(0.2485), 4), ('1103', np.float64(0.2306), 0), ('218', np.float64(0.224), 0), ('613', np.float64(0.1765), 0), ('882', np.float64(0.1708), 0), ('806', np.float64(0.16), 0)]",0.3,0.42857142857142855,0.3529411764705882,0.3773809523809524
181,Vetorial,1,1,"[('997', np.float64(0.4834), 3), ('610', np.float64(0.4429), 0), ('1195', np.float64(0.3847), 0), ('993', np.float64(0.3783), 0), ('176', np.float64(0.3637), 0), ('695', np.float64(0.3582), 0), ('1062', np.float64(0.3095), 0), ('131', np.float64(0.3089), 0), ('697', np.float64(0.3086), 0), ('177', np.float64(0.3059), 0)]",0.1,0.2,0.13333333333333333,0.248970160473249
182,Vetorial,1,1,"[('634', np.float64(0.7037), -1), ('685', np.float64(0.4884), 1), ('686', np.float64(0.2876), 3), ('593', np.float64(0.277), 0), ('712', np.float64(0.2517), 0), ('70', np.float64(0.2279), 0), ('1300', np.float64(0.2163), 0), ('39', np.float64(0.2134), 0), ('797', np.float64(0.2134), 0), ('334', np.float64(0.2131), 0)]",0.2,1.0,0.33333333333333337,0.5833333333333333
183,Vetorial,1,1,"[('804', np.float64(0.2799), 4), ('1247', np.float64(0.2774), 4), ('758', np.float64(0.2643), -1), ('808', np.float64(0.238), 1), ('1243', np.float64(0.2316), 4), ('809', np.float64(0.2284), 1), ('810', np.float64(0.1843), 4), ('88', np.float64(0.1664), 0), ('806', np.float64(0.1639), 4), ('268', np.float64(0.1584), 0)]",0.7,0.5384615384615384,0.608695652173913,0.6436540809617733
184,Vetorial,1,1,"[('554', np.float64(0.3145), 0), ('207', np.float64(0.3062), 0), ('82', np.float64(0.208), 0), ('716', np.float64(0.1984), 3), ('509', np.float64(0.1899), 0), ('715', np.float64(0.1898), 3), ('1348', np.float64(0.1843), 0), ('687', np.float64(0.182), 0), ('1217', np.float64(0.1815), 0), ('895', np.float64(0.1761), 0)]",0.2,0.2857142857142857,0.23529411764705882,0.15310703091670128
185,Vetorial,1,1,"[('856', np.float64(0.7687), 3), ('1008', np.float64(0.6742), 3), ('766', np.float64(0.6593), 2), ('857', np.float64(0.6402), 2), ('859', np.float64(0.6069), 2), ('391', np.float64(0.6059), 0), ('858', np.float64(0.5984), 2), ('948', np.float64(0.5742), -1), ('658', np.float64(0.5531), 0), ('864', np.float64(0.5403), 0)]",0.6,0.6666666666666666,0.631578947368421,0.8207282913165266
186,Vetorial,1,1,"[('1062', np.float64(0.3888), 3), ('610', np.float64(0.3508), 0), ('1075', np.float64(0.3506), 3), ('1243', np.float64(0.3466), 0), ('1239', np.float64(0.3368), 0), ('1074', np.float64(0.3307), 3), ('803', np.float64(0.3012), 0), ('923', np.float64(0.2838), 3), ('924', np.float64(0.2645), 3), ('160', np.float64(0.2351), 0)]",0.5,0.3125,0.38461538461538464,0.23700745576828627
187,Vetorial,1,1,"[('763', np.float64(0.5289), -1), ('841', np.float64(0.4473), 0), ('1068', np.float64(0.403), 0), ('897', np.float64(0.3865), 0), ('887', np.float64(0.3819), 0), ('1126', np.float64(0.3634), 0), ('743', np.float64(0.3465), 4), ('739', np.float64(0.3426), 0), ('847', np.float64(0.34), 0), ('839', np.float64(0.3376), 3)]",0.2,0.3333333333333333,0.25,0.12129879333247638
188,Vetorial,1,1,"[('725', np.float64(0.3685), 2), ('909', np.float64(0.2783), 3), ('722', np.float64(0.2619), 2), ('640', np.float64(0.2607), -1), ('720', np.float64(0.1977), 0), ('781', np.float64(0.1966), 0), ('209', np.float64(0.1889), 0), ('1331', np.float64(0.1884), 0), ('137', np.float64(0.1841), 0), ('102', np.float64(0.18), 0)]",0.3,0.2727272727272727,0.28571428571428564,0.4176333088132939
189,Vetorial,1,1,"[('767', np.float64(0.399), -1), ('768', np.float64(0.2022), 0), ('883', np.float64(0.1921), 0), ('726', np.float64(0.183), 0), ('865', np.float64(0.1795), 3), ('640', np.float64(0.159), 0), ('909', np.float64(0.1442), 0), ('75', np.float64(0.1387), 0), ('884', np.float64(0.1341), 0), ('870', np.float64(0.1331), 3)]",0.2,0.2222222222222222,0.2105263157894737,0.12067140763750911
190,Vetorial,1,1,"[('856', np.float64(0.3399), 0), ('1008', np.float64(0.3017), 0), ('391', np.float64(0.2879), 1), ('390', np.float64(0.2801), 3), ('766', np.float64(0.2713), 0), ('627', np.float64(0.271), 0), ('948', np.float64(0.2637), 0), ('857', np.float64(0.2617), 0), ('859', np.float64(0.258), 0), ('858', np.float64(0.2487), 0)]",0.2,0.4,0.26666666666666666,0.3154179154179154
191,Vetorial,1,1,"[('766', np.float64(0.3194), 0), ('856', np.float64(0.3078), 3), ('1008', np.float64(0.2886), 4), ('857', np.float64(0.2689), 2), ('859', np.float64(0.2678), 0), ('391', np.float64(0.2674), 3), ('858', np.float64(0.2543), 2), ('658', np.float64(0.2539), 3), ('627', np.float64(0.2535), 0), ('948', np.float64(0.2534), 3)]",0.7,0.5384615384615384,0.608695652173913,0.5766009559682572
192,Vetorial,1,1,"[('734', np.float64(0.2979), 1), ('641', np.float64(0.2952), -1), ('733', np.float64(0.279), 1), ('925', np.float64(0.2684), 0), ('735', np.float64(0.2163), 1), ('1175', np.float64(0.1685), 0), ('1170', np.float64(0.1634), 0), ('875', np.float64(0.162), 0), ('1173', np.float64(0.1569), 0), ('1084', np.float64(0.1463), 0)]",0.3,0.75,0.4285714285714285,0.5952380952380952
193,Vetorial,1,1,"[('730', np.float64(0.4603), 3), ('733', np.float64(0.404), 4), ('641', np.float64(0.4031), -1), ('735', np.float64(0.4016), 4), ('736', np.float64(0.3244), 4), ('648', np.float64(0.3179), 3), ('422', np.float64(0.2958), 3), ('400', np.float64(0.277), 0), ('734', np.float64(0.2714), 4), ('644', np.float64(0.2422), 0)]",0.7,0.7777777777777778,0.7368421052631577,0.7356471564660721
194,Vetorial,1,1,"[('642', np.float64(0.5938), -1), ('888', np.float64(0.4783), 0), ('932', np.float64(0.473), 0), ('957', np.float64(0.3722), 0), ('1177', np.float64(0.3498), 0), ('1126', np.float64(0.3473), 0), ('1173', np.float64(0.3419), 0), ('1131', np.float64(0.3212), 0), ('744', np.float64(0.3207), 3), ('769', np.float64(0.3195), 0)]",0.1,0.16666666666666666,0.125,0.17397352103234456
195,Vetorial,1,1,"[('642', np.float64(0.4756), -1), ('932', np.float64(0.3515), 0), ('1055', np.float64(0.3442), 0), ('888', np.float64(0.3387), 0), ('1173', np.float64(0.3089), 0), ('831', np.float64(0.3011), 0), ('744', np.float64(0.2855), 0), ('777', np.float64(0.2801), 0), ('739', np.float64(0.2683), 3), ('1126', np.float64(0.2535), 0)]",0.1,0.3333333333333333,0.15384615384615383,0.06258089668615983
196,Vetorial,1,1,"[('746', np.float64(0.2858), 3), ('184', np.float64(0.2542), -1), ('435', np.float64(0.1705), 0), ('540', np.float64(0.1638), 0), ('494', np.float64(0.1617), 0), ('1237', np.float64(0.1576), 0), ('102', np.float64(0.1544), 0), ('875', np.float64(0.1508), 2), ('13', np.float64(0.1463), 3), ('23', np.float64(0.1441), 0)]",0.3,0.25,0.2727272727272727,0.17963833616884772
197,Vetorial,1,1,"[('884', np.float64(0.466), 3), ('881', np.float64(0.3545), 2), ('768', np.float64(0.3077), -1), ('726', np.float64(0.2861), 0), ('1168', np.float64(0.2261), 0), ('723', np.float64(0.2161), 0), ('909', np.float64(0.2141), 0), ('883', np.float64(0.2129), 3), ('865', np.float64(0.2124), 0), ('746', np.float64(0.1963), 0)]",0.3,1.0,0.4615384615384615,0.7916666666666666
198,Vetorial,1,1,"[('889', np.float64(0.3729), 2), ('739', np.float64(0.3605), 0), ('887', np.float64(0.3495), 2), ('740', np.float64(0.3369), 0), ('897', np.float64(0.3334), 0), ('886', np.float64(0.3295), 0), ('1068', np.float64(0.3229), 0), ('743', np.float64(0.3093), 0), ('890', np.float64(0.2959), 0), ('1126', np.float64(0.2885), 0)]",0.2,0.5,0.28571428571428575,0.4822916666666666
199,Vetorial,1,1,"[('930', np.float64(0.3971), 0), ('1070', np.float64(0.3504), 0), ('739', np.float64(0.2805), 0), ('1058', np.float64(0.2683), 0), ('1055', np.float64(0.2312), 2), ('1044', np.float64(0.2307), 0), ('1294', np.float64(0.2289), 0), ('1059', np.float64(0.2232), 0), ('931', np.float64(0.2193), 0), ('898', np.float64(0.2041), 0)]",0.1,0.125,0.11111111111111112,0.11554854106147595
200,Vetorial,1,1,"[('1071', np.float64(0.351), -1), ('885', np.float64(0.2152), 0), ('1134', np.float64(0.2136), 2), ('887', np.float64(0.2022), 0), ('889', np.float64(0.1895), 0), ('890', np.float64(0.1879), 0), ('1053', np.float64(0.1831), 0), ('739', np.float64(0.1791), 0), ('897', np.float64(0.173), 0), ('400', np.float64(0.1641), 0)]",0.1,0.3333333333333333,0.15384615384615383,0.18480955600631055
201,Vetorial,1,1,"[('625', np.float64(0.2312), 2), ('554', np.float64(0.2019), 0), ('541', np.float64(0.1971), 3), ('410', np.float64(0.1855), 0), ('1295', np.float64(0.1841), 3), ('1348', np.float64(0.1815), 0), ('716', np.float64(0.1764), 0), ('24', np.float64(0.1722), 0), ('1297', np.float64(0.1626), 0), ('1217', np.float64(0.1624), 0)]",0.3,0.1875,0.23076923076923075,0.2601538161331669
202,Vetorial,1,1,"[('1285', np.float64(0.4017), -1), ('605', np.float64(0.2907), 3), ('1310', np.float64(0.2679), 4), ('232', np.float64(0.2401), 4), ('1303', np.float64(0.2371), 2), ('19', np.float64(0.2356), 0), ('186', np.float64(0.2282), 0), ('1378', np.float64(0.2173), 0), ('1231', np.float64(0.2172), 0), ('1311', np.float64(0.2164), 0)]",0.4,0.2857142857142857,0.3333333333333333,0.28158161733496156
203,Vetorial,1,1,"[('38', np.float64(0.3408), 0), ('1285', np.float64(0.2803), -1), ('58', np.float64(0.2691), 3), ('48', np.float64(0.2596), 0), ('225', np.float64(0.2462), 0), ('1303', np.float64(0.2361), 0), ('605', np.float64(0.2348), 0), ('122', np.float64(0.2344), 3), ('1308', np.float64(0.2321), 0), ('423', np.float64(0.2267), 0)]",0.2,0.14285714285714285,0.16666666666666666,0.09648210284423916
204,Vetorial,1,1,"[('1311', np.float64(0.2126), 2), ('147', np.float64(0.2062), 0), ('310', np.float64(0.1924), 0), ('971', np.float64(0.1797), 0), ('305', np.float64(0.1733), 0), ('443', np.float64(0.1705), 0), ('63', np.float64(0.1703), 3), ('1080', np.float64(0.163), 0), ('573', np.float64(0.1583), 0), ('1382', np.float64(0.153), 0)]",0.2,0.14285714285714285,0.16666666666666666,0.13058953651895314
205,Vetorial,1,1,"[('1287', np.float64(0.342), -1), ('1321', np.float64(0.3064), 2), ('55', np.float64(0.2448), 0), ('78', np.float64(0.2326), 0), ('337', np.float64(0.2145), 0), ('959', np.float64(0.2143), 0), ('1322', np.float64(0.2061), 2), ('406', np.float64(0.2026), 0), ('133', np.float64(0.2), 0), ('1323', np.float64(0.1968), 0)]",0.2,1.0,0.33333333333333337,0.39285714285714285
206,Vetorial,1,1,"[('1290', np.float64(0.4807), -1), ('879', np.float64(0.3677), 0), ('468', np.float64(0.2431), 0), ('876', np.float64(0.2384), 0), ('878', np.float64(0.2362), 0), ('526', np.float64(0.2333), 0), ('469', np.float64(0.2251), 0), ('1338', np.float64(0.2197), 2), ('801', np.float64(0.2139), 0), ('880', np.float64(0.2114), 0)]",0.1,0.3333333333333333,0.15384615384615383,0.10391476339752202
207,Vetorial,1,1,"[('458', np.float64(0.1768), 0), ('365', np.float64(0.1647), 0), ('678', np.float64(0.1455), 0), ('1341', np.float64(0.1437), 3), ('699', np.float64(0.1387), 0), ('247', np.float64(0.1374), 0), ('1154', np.float64(0.1337), 0), ('441', np.float64(0.1334), 0), ('204', np.float64(0.132), 0), ('1185', np.float64(0.1305), 0)]",0.1,0.2,0.13333333333333333,0.06817678361899915
208,Vetorial,1,1,"[('1291', np.float64(0.5813), -1), ('1344', np.float64(0.4087), 3), ('163', np.float64(0.2344), 3), ('1345', np.float64(0.2291), 3), ('1380', np.float64(0.2018), 0), ('566', np.float64(0.1895), 0), ('164', np.float64(0.1816), 4), ('1347', np.float64(0.1812), 4), ('1219', np.float64(0.1795), 0), ('554', np.float64(0.1785), 0)]",0.5,0.8333333333333334,0.625,0.6021825396825397
209,Vetorial,1,1,"[('959', np.float64(0.4358), 0), ('358', np.float64(0.375), 0), ('798', np.float64(0.3684), 0), ('996', np.float64(0.3181), 0), ('1383', np.float64(0.3044), 3), ('461', np.float64(0.3011), 0), ('187', np.float64(0.2915), 3), ('1364', np.float64(0.2866), 0), ('55', np.float64(0.2801), 4), ('339', np.float64(0.2745), 0)]",0.3,0.25,0.2727272727272727,0.1842069002378288
210,Vetorial,1,1,"[('1172', np.float64(0.572), 3), ('1145', np.float64(0.4846), -1), ('1171', np.float64(0.446), 2), ('1126', np.float64(0.315), 0), ('739', np.float64(0.3074), 0), ('938', np.float64(0.2856), 0), ('1068', np.float64(0.2777), 0), ('1071', np.float64(0.2726), 0), ('887', np.float64(0.2715), 0), ('743', np.float64(0.2613), 0)]",0.2,0.3333333333333333,0.25,0.33360330026996693
211,Vetorial,1,1,"[('739', np.float64(0.4835), 0), ('897', np.float64(0.3773), 0), ('887', np.float64(0.3754), 0), ('740', np.float64(0.3567), 0), ('743', np.float64(0.3408), 0), ('1068', np.float64(0.3345), 4), ('953', np.float64(0.324), 0), ('890', np.float64(0.3222), 0), ('889', np.float64(0.3116), 0), ('769', np.float64(0.3093), 4)]",0.2,0.18181818181818182,0.1904761904761905,0.14292471306848345
212,Vetorial,1,1,"[('1178', np.float64(0.6787), 2), ('888', np.float64(0.6291), 2), ('1176', np.float64(0.5354), 4), ('1177', np.float64(0.4934), 4), ('838', np.float64(0.4511), 0), ('1293', np.float64(0.4373), 0), ('885', np.float64(0.3969), 3), ('642', np.float64(0.3896), 0), ('1359', np.float64(0.3682), 0), ('1146', np.float64(0.3649), -1)]",0.5,0.35714285714285715,0.41666666666666663,0.5009983859224993
213,Vetorial,1,1,"[('888', np.float64(0.4662), 1), ('885', np.float64(0.4605), 2), ('1146', np.float64(0.4296), -1), ('769', np.float64(0.4006), 3), ('1173', np.float64(0.3702), 3), ('741', np.float64(0.3683), 0), ('1116', np.float64(0.344), 0), ('642', np.float64(0.3269), 0), ('1178', np.float64(0.3187), 3), ('887', np.float64(0.3011), 2)]",0.6,0.5454545454545454,0.5714285714285713,0.5729890479890479
214,Vetorial,1,1,"[('1294', np.float64(0.5458), -1), ('828', np.float64(0.3868), 0), ('1362', np.float64(0.3655), 3), ('831', np.float64(0.296), 0), ('930', np.float64(0.2572), 0), ('756', np.float64(0.2249), 0), ('848', np.float64(0.2243), 0), ('739', np.float64(0.2232), 0), ('1044', np.float64(0.2184), 0), ('47', np.float64(0.2141), 0)]",0.1,0.25,0.14285714285714288,0.10752814339931795
215,Vetorial,1,1,"[('535', np.float64(0.444), -1), ('1253', np.float64(0.2695), 0), ('1234', np.float64(0.2628), 0), ('25', np.float64(0.2378), 0), ('666', np.float64(0.2262), 0), ('332', np.float64(0.2236), 0), ('1204', np.float64(0.2206), 0), ('68', np.float64(0.2155), 0), ('984', np.float64(0.2141), 0), ('357', np.float64(0.2066), 0)]",0.0,0.0,0.0,0.04564102564102564
216,Vetorial,1,1,"[('958', np.float64(0.2162), 0), ('175', np.float64(0.2053), 0), ('764', np.float64(0.2018), 0), ('1156', np.float64(0.1851), 0), ('407', np.float64(0.1807), 0), ('971', np.float64(0.1769), 0), ('367', np.float64(0.1749), 0), ('64', np.float64(0.1714), 0), ('1225', np.float64(0.1634), 0), ('1220', np.float64(0.1629), 0)]",0.0,0.0,0.0,0.0021231422505307855
217,Vetorial,1,1,"[('559', np.float64(0.3057), 3), ('323', np.float64(0.2966), 0), ('655', np.float64(0.2883), 0), ('1274', np.float64(0.2824), 0), ('1319', np.float64(0.2757), 0), ('666', np.float64(0.2715), 1), ('629', np.float64(0.2649), 0), ('44', np.float64(0.2572), 0), ('983', np.float64(0.2509), 0), ('324', np.float64(0.2484), 0)]",0.2,0.13333333333333333,0.16,0.18999446515210802
218,Vetorial,1,1,"[('559', np.float64(0.2931), 3), ('323', np.float64(0.2696), 0), ('655', np.float64(0.2438), 0), ('666', np.float64(0.2374), 3), ('1393', np.float64(0.2334), 1), ('629', np.float64(0.2329), 0), ('180', np.float64(0.2254), 0), ('44', np.float64(0.2218), 0), ('670', np.float64(0.2156), 0), ('983', np.float64(0.2137), 0)]",0.3,0.2,0.24,0.2476453989865864
219,Vetorial,1,1,"[('1222', np.float64(0.3323), 0), ('1078', np.float64(0.3003), 3), ('668', np.float64(0.2839), 0), ('1221', np.float64(0.259), 0), ('775', np.float64(0.2569), 0), ('197', np.float64(0.2526), 0), ('579', np.float64(0.2452), 0), ('53', np.float64(0.2452), 0), ('1082', np.float64(0.2401), 0), ('1273', np.float64(0.2396), 0)]",0.1,0.05555555555555555,0.07142857142857142,0.07807175629650026
220,Vetorial,1,1,"[('4', np.float64(0.2668), 0), ('738', np.float64(0.2484), 0), ('382', np.float64(0.2344), 0), ('461', np.float64(0.224), 0), ('376', np.float64(0.2236), 3), ('292', np.float64(0.2218), 3), ('458', np.float64(0.2192), 4), ('629', np.float64(0.216), 0), ('242', np.float64(0.2126), 0), ('1301', np.float64(0.2022), 0)]",0.3,0.15789473684210525,0.20689655172413793,0.16466828962650815
221,Vetorial,1,1,"[('1366', np.float64(0.2949), 3), ('3', np.float64(0.2821), 0), ('1386', np.float64(0.2811), 4), ('1225', np.float64(0.2519), 0), ('62', np.float64(0.2261), 3), ('55', np.float64(0.2255), 0), ('292', np.float64(0.2065), 3), ('435', np.float64(0.1964), 0), ('73', np.float64(0.1889), 0), ('4', np.float64(0.1857), 0)]",0.4,0.2222222222222222,0.2857142857142857,0.21501307435562458
222,Vetorial,1,1,"[('1400', np.float64(0.5976), 3), ('1398', np.float64(0.5349), 4), ('1399', np.float64(0.5095), 4), ('1130', np.float64(0.5075), 0), ('419', np.float64(0.5064), 3), ('1358', np.float64(0.3755), 0), ('400', np.float64(0.374), 3), ('1357', np.float64(0.3638), 0), ('1397', np.float64(0.3501), 3), ('888', np.float64(0.325), 0)]",0.6,0.6666666666666666,0.631578947368421,0.6744745448485605
223,Vetorial,1,1,"[('400', np.float64(0.4146), 3), ('1399', np.float64(0.3609), 0), ('1398', np.float64(0.3382), 3), ('393', np.float64(0.3192), 0), ('1121', np.float64(0.2637), 0), ('412', np.float64(0.2616), 0), ('484', np.float64(0.2615), 0), ('1400', np.float64(0.2602), 0), ('1037', np.float64(0.2572), 0), ('659', np.float64(0.2545), 0)]",0.2,0.5,0.28571428571428575,0.4653263403263403
224,Vetorial,1,1,"[('1312', np.float64(0.2801), 0), ('236', np.float64(0.2622), 0), ('317', np.float64(0.2593), 0), ('1286', np.float64(0.2154), -1), ('175', np.float64(0.2131), 0), ('26', np.float64(0.2089), 0), ('1298', np.float64(0.1995), 0), ('1314', np.float64(0.1965), 0), ('110', np.float64(0.1941), 0), ('1315', np.float64(0.1928), 0)]",0.0,0.0,0.0,0.11305537924370943
225,Vetorial,1,1,"[('1380', np.float64(0.4781), 4), ('1188', np.float64(0.3786), -1), ('1124', np.float64(0.3493), 3), ('638', np.float64(0.3064), 0), ('1291', np.float64(0.2899), 0), ('279', np.float64(0.2825), 0), ('368', np.float64(0.2821), 0), ('1256', np.float64(0.2779), 0), ('226', np.float64(0.2758), 0), ('701', np.float64(0.2738), 0)]",0.2,0.08333333333333333,0.11764705882352941,0.11460119814849855
1,BM25,1,1,"[('51', np.float64(23.0931), 3), ('486', np.float64(20.9633), -1), ('12', np.float64(18.078), 3), ('184', np.float64(17.8784), 2), ('878', np.float64(17.4303), 0), ('573', np.float64(16.5028), 0), ('665', np.float64(14.1888), 0), ('746', np.float64(13.0791), 0), ('944', np.float64(12.8918), 0), ('141', np.float64(12.2377), 0)]",0.3,0.10714285714285714,0.15789473684210525,0.22544862816429148
2,BM25,1,1,"[('12', np.float64(27.2477), 1), ('746', np.float64(16.7471), 1), ('51', np.float64(16.711), 3), ('1089', np.float64(13.8342), 0), ('100', np.float64(13.749), 0), ('1169', np.float64(13.4776), 0), ('184', np.float64(13.2292), 2), ('141', np.float64(12.5534), 0), ('172', np.float64(12.519), 0), ('810', np.float64(12.332), 0)]",0.4,0.16666666666666666,0.23529411764705882,0.2244120491882774
3,BM25,1,1,"[('485', np.float64(22.2793), -1), ('5', np.float64(20.9331), 3), ('144', np.float64(20.2697), 3), ('399', np.float64(18.5452), 3), ('91', np.float64(16.4682), 3), ('90', np.float64(15.8317), 3), ('181', np.float64(15.2556), 3), ('579', np.float64(13.2023), 0), ('542', np.float64(12.2669), 0), ('6', np.float64(12.1973), 3)]",0.7,0.875,0.7777777777777777,0.6576236263736265
4,BM25,1,1,"[('166', np.float64(30.88), 3), ('488', np.float64(30.7729), -1), ('1061', np.float64(26.1987), 0), ('1189', np.float64(24.8978), 0), ('1315', np.float64(23.6063), 0), ('167', np.float64(23.2214), 0), ('1374', np.float64(22.6482), 0), ('575', np.float64(22.1511), 0), ('185', np.float64(20.9948), 0), ('259', np.float64(20.4904), 0)]",0.1,0.5,0.16666666666666669,0.532258064516129
5,BM25,1,1,"[('103', np.float64(15.7106), 0), ('1032', np.float64(14.0971), 0), ('401', np.float64(12.8791), 3), ('943', np.float64(12.059), 0), ('552', np.float64(11.808), 1), ('1296', np.float64(11.2936), 1), ('968', np.float64(11.266), 0), ('625', np.float64(10.2199), 0), ('368', np.float64(9.694), 0), ('1374', np.float64(9.6527), 0)]",0.3,0.75,0.4285714285714285,0.325
6,BM25,1,1,"[('491', np.float64(16.3953), -1), ('257', np.float64(10.9189), 3), ('386', np.float64(9.4796), 0), ('1374', np.float64(8.6603), 0), ('610', np.float64(8.5813), 0), ('406', np.float64(8.5186), 0), ('1273', np.float64(8.4571), 0), ('767', np.float64(8.4247), 0), ('385', np.float64(8.3363), 0), ('798', np.float64(8.2569), 0)]",0.1,0.25,0.14285714285714288,0.18369360902255638
7,BM25,1,1,"[('492', np.float64(66.5174), -1), ('57', np.float64(35.6005), 3), ('56', np.float64(33.4302), 3), ('124', np.float64(30.2812), 0), ('232', np.float64(29.3881), 0), ('434', np.float64(29.3549), 0), ('122', np.float64(28.7742), 0), ('1231', np.float64(27.658), 0), ('1040', np.float64(27.2921), 0), ('373', np.float64(26.2718), 0)]",0.2,0.4,0.26666666666666666,0.2618902625152625
8,BM25,1,1,"[('492', np.float64(21.5134), -1), ('122', np.float64(21.2428), 1), ('907', np.float64(19.3475), 0), ('443', np.float64(18.9644), 0), ('1231', np.float64(17.6954), 0), ('569', np.float64(17.5252), 0), ('69', np.float64(16.8831), 0), ('248', np.float64(16.5707), 0), ('711', np.float64(16.0667), 0), ('234', np.float64(15.9203), 0)]",0.1,0.09090909090909091,0.09523809523809525,0.12109581040050825
9,BM25,1,1,"[('45', np.float64(16.8217), 0), ('550', np.float64(15.9251), 2), ('21', np.float64(15.2435), 2), ('22', np.float64(13.9822), 2), ('306', np.float64(13.7773), 0), ('571', np.float64(13.7628), 0), ('102', np.float64(13.2237), 0), ('1215', np.float64(12.0676), 0), ('549', np.float64(11.5135), 0), ('270', np.float64(11.2908), 0)]",0.3,1.0,0.4615384615384615,0.6388888888888888
10,BM25,1,1,"[('493', np.float64(24.9308), -1), ('302', np.float64(21.6524), 3), ('1143', np.float64(20.4727), 0), ('949', np.float64(18.5711), 0), ('1009', np.float64(18.1259), 0), ('1199', np.float64(17.1362), 0), ('524', np.float64(16.0776), 0), ('1010', np.float64(15.3236), 0), ('691', np.float64(15.1747), 0), ('1286', np.float64(15.0735), 0)]",0.1,0.125,0.11111111111111112,0.15054183601721802
11,BM25,1,1,"[('495', np.float64(28.7627), -1), ('556', np.float64(15.5987), 0), ('472', np.float64(15.5711), 0), ('654', np.float64(15.4078), 4), ('1327', np.float64(14.6208), 0), ('28', np.float64(14.3384), 3), ('1186', np.float64(14.275), 0), ('72', np.float64(14.0173), 0), ('305', np.float64(13.0583), 0), ('1280', np.float64(12.9843), 0)]",0.2,0.2857142857142857,0.23529411764705882,0.17750456280073004
12,BM25,1,1,"[('624', np.float64(19.4711), -1), ('650', np.float64(19.194), 2), ('649', np.float64(14.1395), 4), ('506', np.float64(13.7591), 0), ('966', np.float64(13.6671), 0), ('1221', np.float64(12.3234), 0), ('1232', np.float64(12.0599), 0), ('941', np.float64(11.765), 0), ('1164', np.float64(10.6745), 0), ('270', np.float64(10.4029), 0)]",0.2,0.4,0.26666666666666666,0.3118548118548118
13,BM25,1,1,"[('496', np.float64(25.0828), -1), ('903', np.float64(14.8264), 0), ('520', np.float64(11.934), 0), ('313', np.float64(10.5028), 0), ('643', np.float64(9.8389), 0), ('38', np.float64(9.5623), 0), ('199', np.float64(9.4746), 0), ('440', np.float64(9.3314), 0), ('880', np.float64(9.0294), 0), ('415', np.float64(7.6635), 0)]",0.0,0.0,0.0,0.007864374933384034
14,BM25,1,1,"[('64', np.float64(17.7934), 1), ('132', np.float64(13.3372), 0), ('170', np.float64(13.304), 0), ('402', np.float64(13.2261), 0), ('798', np.float64(12.3485), 0), ('256', np.float64(12.1447), 0), ('439', np.float64(12.0326), 0), ('1303', np.float64(11.8548), 0), ('1364', np.float64(11.8137), 0), ('65', np.float64(11.783), 4)]",0.2,1.0,0.33333333333333337,0.6
15,BM25,1,1,"[('462', np.float64(20.9151), 3), ('463', np.float64(14.2247), 1), ('1025', np.float64(14.1888), 0), ('1099', np.float64(13.7208), 0), ('1340', np.float64(12.4869), 0), ('1043', np.float64(11.796), 0), ('542', np.float64(11.7205), 0), ('82', np.float64(11.6457), 0), ('1097', np.float64(11.5582), 0), ('1065', np.float64(11.5069), 0)]",0.2,1.0,0.33333333333333337,1.0
16,BM25,1,1,"[('498', np.float64(24.5055), -1), ('106', np.float64(19.377), 3), ('1255', np.float64(16.188), 0), ('231', np.float64(15.2466), 0), ('248', np.float64(14.2989), 0), ('1328', np.float64(14.1983), 0), ('494', np.float64(14.0054), 0), ('259', np.float64(13.5878), 0), ('927', np.float64(13.4214), 0), ('1112', np.float64(12.9533), 0)]",0.1,0.3333333333333333,0.15384615384615383,0.20187590187590188
17,BM25,1,1,"[('1108', np.float64(23.2596), 0), ('700', np.float64(21.8285), 0), ('1281', np.float64(21.6658), 0), ('336', np.float64(21.1141), 0), ('1301', np.float64(20.3992), 0), ('445', np.float64(19.5484), 0), ('106', np.float64(19.377), 2), ('916', np.float64(16.6827), 0), ('577', np.float64(16.5271), 0), ('1206', np.float64(16.5029), 0)]",0.1,0.5,0.16666666666666669,0.07883597883597883
18,BM25,1,1,"[('197', np.float64(19.3862), 2), ('248', np.float64(18.3083), 0), ('498', np.float64(18.0347), -1), ('234', np.float64(16.3159), 0), ('56', np.float64(16.1639), 0), ('1352', np.float64(15.6167), 0), ('1231', np.float64(15.2933), 0), ('492', np.float64(15.291), 0), ('927', np.float64(15.0482), 0), ('801', np.float64(14.3205), 0)]",0.1,0.3333333333333333,0.15384615384615383,0.35821237585943466
19,BM25,1,1,"[('82', np.float64(18.599), 0), ('706', np.float64(17.1483), 0), ('140', np.float64(14.4677), 0), ('554', np.float64(13.8084), 0), ('713', np.float64(13.7355), 0), ('1279', np.float64(13.6063), 0), ('353', np.float64(13.2045), 0), ('1219', np.float64(12.9415), 0), ('482', np.float64(12.3596), 0), ('1217', np.float64(12.185), 0)]",0.0,0.0,0.0,0.041996556224744276
20,BM25,1,1,"[('500', np.float64(34.1384), -1), ('268', np.float64(24.8183), 3), ('88', np.float64(23.2344), 3), ('270', np.float64(18.2594), 3), ('87', np.float64(17.4663), 3), ('450', np.float64(16.3168), 0), ('584', np.float64(14.995), 0), ('407', np.float64(14.6705), 3), ('267', np.float64(13.9655), 3), ('408', np.float64(13.6413), 3)]",0.7,0.7777777777777778,0.7368421052631577,0.6216124661246614
21,BM25,1,1,"[('502', np.float64(28.0021), -1), ('68', np.float64(17.3613), 0), ('686', np.float64(14.4449), 0), ('421', np.float64(14.1427), 0), ('343', np.float64(13.1806), 0), ('1007', np.float64(12.495), 0), ('17', np.float64(12.2909), 0), ('628', np.float64(12.1945), 0), ('1051', np.float64(11.9164), 0), ('961', np.float64(11.7446), 0)]",0.0,0.0,0.0,0.05633526655924683
22,BM25,1,1,"[('125', np.float64(19.3988), 0), ('560', np.float64(17.6905), 0), ('413', np.float64(15.319), 0), ('254', np.float64(14.514), 0), ('348', np.float64(14.366), 0), ('307', np.float64(13.7568), 0), ('207', np.float64(13.6674), 0), ('120', np.float64(13.1179), 0), ('140', np.float64(12.9971), 0), ('861', np.float64(12.9717), 0)]",0.0,0.0,0.0,0.0016666666666666668
23,BM25,1,1,"[('892', np.float64(15.6897), -1), ('899', np.float64(11.115), 3), ('902', np.float64(10.0925), 1), ('753', np.float64(9.8383), 0), ('14', np.float64(9.6706), 0), ('1259', np.float64(9.6071), 2), ('718', np.float64(9.5269), 0), ('1109', np.float64(8.2139), 2), ('185', np.float64(8.2068), 0), ('1092', np.float64(7.8699), 0)]",0.4,0.125,0.19047619047619047,0.21469261272440754
24,BM25,1,1,"[('756', np.float64(23.2331), -1), ('46', np.float64(16.8102), 2), ('833', np.float64(12.1466), 0), ('12', np.float64(11.6604), 0), ('47', np.float64(11.4652), 2), ('1034', np.float64(11.1645), 0), ('883', np.float64(10.7667), 0), ('837', np.float64(10.6285), 0), ('51', np.float64(10.4174), 0), ('724', np.float64(10.4062), 0)]",0.2,0.6666666666666666,0.30769230769230765,0.31960784313725493
25,BM25,1,1,"[('277', np.float64(23.2729), 3), ('215', np.float64(20.9986), 3), ('214', np.float64(19.8103), 3), ('213', np.float64(17.6222), 2), ('216', np.float64(17.5878), 3), ('121', np.float64(15.6494), 0), ('987', np.float64(14.3068), 0), ('212', np.float64(14.0947), 3), ('511', np.float64(13.9959), -1), ('772', np.float64(13.6402), 0)]",0.6,0.6666666666666666,0.631578947368421,0.7007937733841348
26,BM25,1,1,"[('307', np.float64(23.8848), 0), ('145', np.float64(22.7729), 1), ('611', np.float64(22.4023), 1), ('382', np.float64(21.9948), 0), ('96', np.float64(21.1857), 0), ('305', np.float64(20.6139), 0), ('568', np.float64(20.2922), 0), ('629', np.float64(19.0421), 0), ('547', np.float64(18.7834), 0), ('4', np.float64(18.6453), 0)]",0.2,0.3333333333333333,0.25,0.2394030414819327
27,BM25,1,1,"[('1031', np.float64(20.7284), 0), ('1176', np.float64(20.4531), 0), ('1035', np.float64(19.8811), 0), ('888', np.float64(18.8178), 0), ('512', np.float64(17.8095), -1), ('1178', np.float64(16.8444), 0), ('1293', np.float64(16.0944), 0), ('224', np.float64(15.4463), 2), ('1129', np.float64(14.877), 0), ('680', np.float64(14.7791), 0)]",0.1,0.3333333333333333,0.15384615384615383,0.10961538461538461
28,BM25,1,1,"[('367', np.float64(10.8184), 0), ('762', np.float64(10.7961), 0), ('674', np.float64(10.6063), 0), ('1051', np.float64(10.5905), 0), ('683', np.float64(10.0091), 0), ('680', np.float64(9.892), 0), ('921', np.float64(9.8723), 0), ('246', np.float64(9.8341), 0), ('227', np.float64(9.6477), 0), ('1176', np.float64(9.6448), 0)]",0.0,0.0,0.0,0.005171331743441697
29,BM25,1,1,"[('465', np.float64(27.7477), 4), ('420', np.float64(25.2099), 0), ('612', np.float64(25.0933), 2), ('513', np.float64(21.8941), -1), ('900', np.float64(21.6678), 0), ('601', np.float64(21.1234), 0), ('146', np.float64(20.889), 0), ('514', np.float64(20.5605), 2), ('250', np.float64(20.203), 2), ('147', np.float64(20.1504), 0)]",0.4,0.4444444444444444,0.4210526315789474,0.36906115790827565
30,BM25,1,1,"[('683', np.float64(12.5558), 0), ('513', np.float64(11.3973), -1), ('601', np.float64(10.8729), 0), ('902', np.float64(10.5761), 0), ('633', np.float64(10.5203), 0), ('1197', np.float64(10.492), 0), ('225', np.float64(10.0512), 2), ('420', np.float64(9.5546), 0), ('222', np.float64(9.4915), 0), ('602', np.float64(9.1962), 0)]",0.1,0.14285714285714285,0.11764705882352941,0.07050307287653304
31,BM25,1,1,"[('751', np.float64(27.3868), -1), ('1209', np.float64(18.5067), 0), ('1153', np.float64(17.8802), 0), ('1245', np.float64(16.5397), 0), ('228', np.float64(15.6837), 0), ('1082', np.float64(15.6742), 0), ('916', np.float64(14.7852), 0), ('247', np.float64(14.5243), 0), ('918', np.float64(14.061), 0), ('749', np.float64(13.8938), 0)]",0.0,0.0,0.0,0.000925925925925926
32,BM25,1,1,"[('752', np.float64(22.2324), -1), ('1259', np.float64(12.9886), 0), ('802', np.float64(11.6145), 0), ('1112', np.float64(11.3813), 0), ('468', np.float64(11.0994), 0), ('1135', np.float64(10.4538), 0), ('1186', np.float64(10.1679), 0), ('467', np.float64(10.132), 0), ('250', np.float64(10.0383), 4), ('134', np.float64(9.9067), 0)]",0.1,0.16666666666666666,0.125,0.0485015168059701
33,BM25,1,1,"[('516', np.float64(44.8352), -1), ('141', np.float64(27.6961), 4), ('431', np.float64(26.9927), 3), ('252', np.float64(25.8654), 3), ('1163', np.float64(25.8376), 0), ('1066', np.float64(25.3995), 0), ('808', np.float64(24.9546), 0), ('904', np.float64(23.6916), 0), ('800', np.float64(23.4431), 0), ('714', np.float64(23.0688), 0)]",0.3,1.0,0.4615384615384615,0.6388888888888888
34,BM25,1,1,"[('1153', np.float64(16.3931), 0), ('516', np.float64(15.4464), -1), ('431', np.float64(15.231), 3), ('1062', np.float64(14.3237), 0), ('1074', np.float64(14.2792), 0), ('799', np.float64(13.8976), 3), ('1341', np.float64(13.589), 0), ('280', np.float64(13.5459), 0), ('1243', np.float64(13.3873), 0), ('1350', np.float64(13.223), 0)]",0.2,0.3333333333333333,0.25,0.27050356506238854
35,BM25,1,1,"[('1244', np.float64(13.8701), 0), ('1314', np.float64(12.0956), 0), ('1208', np.float64(12.0089), 0), ('1327', np.float64(11.9276), 0), ('1203', np.float64(11.1093), 0), ('1389', np.float64(10.5389), 0), ('654', np.float64(10.4679), 0), ('296', np.float64(10.461), 0), ('65', np.float64(9.9369), 0), ('488', np.float64(9.5175), 0)]",0.0,0.0,0.0,0.024057084607543324
36,BM25,1,1,"[('168', np.float64(17.124), 3), ('623', np.float64(15.5728), 0), ('123', np.float64(15.5407), 0), ('353', np.float64(13.9687), 0), ('518', np.float64(13.9339), -1), ('959', np.float64(13.8715), 0), ('661', np.float64(13.5764), 0), ('546', np.float64(13.3755), 0), ('144', np.float64(13.3705), 0), ('550', np.float64(13.3571), 0)]",0.1,0.5,0.16666666666666669,0.5136986301369864
37,BM25,1,1,"[('186', np.float64(10.65), 0), ('1352', np.float64(9.1911), 0), ('1311', np.float64(9.0716), 0), ('283', np.float64(9.0476), 0), ('126', np.float64(8.9522), 0), ('234', np.float64(8.6732), 0), ('1229', np.float64(8.5432), 0), ('522', np.float64(8.2277), 0), ('409', np.float64(8.0814), 3), ('1199', np.float64(7.7592), 0)]",0.1,0.1111111111111111,0.10526315789473685,0.09272249213306794
38,BM25,1,1,"[('536', np.float64(17.1895), -1), ('976', np.float64(11.9233), 0), ('294', np.float64(11.5831), 0), ('1391', np.float64(11.4041), 0), ('979', np.float64(10.7955), 0), ('1211', np.float64(10.4398), 0), ('295', np.float64(10.0967), 0), ('1279', np.float64(9.6217), 0), ('433', np.float64(9.591), 0), ('796', np.float64(9.4302), 0)]",0.0,0.0,0.0,0.04953808453927963
39,BM25,1,1,"[('1205', np.float64(13.7159), 0), ('9', np.float64(12.4185), 0), ('272', np.float64(12.1008), 1), ('346', np.float64(11.9572), 0), ('1257', np.float64(11.0662), 3), ('1278', np.float64(10.8611), 0), ('43', np.float64(10.5675), 0), ('992', np.float64(9.763), 0), ('536', np.float64(9.7568), -1), ('1211', np.float64(9.5015), 0)]",0.2,0.15384615384615385,0.17391304347826086,0.11746526795372642
40,BM25,1,1,"[('536', np.float64(18.66), -1), ('1205', np.float64(12.4953), 0), ('976', np.float64(10.8094), 3), ('37', np.float64(10.5866), 0), ('9', np.float64(10.3599), 0), ('272', np.float64(10.1285), 3), ('186', np.float64(9.8203), 0), ('330', np.float64(9.2026), 0), ('1158', np.float64(8.7296), 0), ('346', np.float64(8.464), 0)]",0.2,0.16666666666666666,0.1818181818181818,0.10164052113852057
41,BM25,1,1,"[('289', np.float64(33.6391), 1), ('433', np.float64(24.6164), 2), ('229', np.float64(18.8304), 0), ('927', np.float64(16.9211), 0), ('1152', np.float64(16.8758), 0), ('520', np.float64(16.7078), -1), ('126', np.float64(16.5792), 0), ('288', np.float64(16.4438), 1), ('432', np.float64(16.1023), 0), ('1277', np.float64(15.4239), 0)]",0.3,1.0,0.4615384615384615,0.7916666666666666
42,BM25,1,1,"[('521', np.float64(39.2098), -1), ('526', np.float64(31.4116), 0), ('440', np.float64(29.4111), 0), ('469', np.float64(25.8981), 3), ('496', np.float64(25.1215), 0), ('503', np.float64(23.903), 0), ('468', np.float64(22.7118), 2), ('467', np.float64(21.4844), 3), ('903', np.float64(19.4732), 0), ('439', np.float64(18.7788), 0)]",0.3,0.6,0.4,0.19565581477346183
43,BM25,1,1,"[('467', np.float64(18.818), 1), ('469', np.float64(17.9211), 1), ('496', np.float64(16.1542), 0), ('404', np.float64(15.483), 0), ('503', np.float64(14.624), 3), ('903', np.float64(14.4556), 0), ('468', np.float64(13.8168), 1), ('194', np.float64(13.3301), 0), ('440', np.float64(12.4306), 0), ('201', np.float64(12.0776), 0)]",0.4,0.6666666666666666,0.5,0.546064864097651
44,BM25,1,1,"[('1190', np.float64(16.0821), 0), ('103', np.float64(12.779), 0), ('108', np.float64(11.5083), 0), ('1199', np.float64(10.9923), 0), ('1031', np.float64(9.8754), 0), ('541', np.float64(9.6603), 0), ('357', np.float64(9.382), 0), ('367', np.float64(9.1134), 0), ('943', np.float64(8.8479), 0), ('760', np.float64(8.7752), 0)]",0.0,0.0,0.0,0.0024876683294000963
45,BM25,1,1,"[('525', np.float64(23.0934), -1), ('305', np.float64(22.656), 2), ('540', np.float64(19.9621), 0), ('1395', np.float64(15.9529), 0), ('625', np.float64(14.8969), 0), ('37', np.float64(14.3772), 0), ('84', np.float64(14.3625), 0), ('353', np.float64(14.0163), 0), ('1200', np.float64(13.9663), 0), ('310', np.float64(13.9383), 0)]",0.1,0.08333333333333333,0.0909090909090909,0.1478614169452906
46,BM25,1,1,"[('305', np.float64(16.8081), 2), ('353', np.float64(16.6206), 0), ('525', np.float64(16.1671), -1), ('123', np.float64(15.5949), 4), ('84', np.float64(14.9558), 4), ('1185', np.float64(14.3288), 4), ('274', np.float64(14.1515), 0), ('481', np.float64(14.1259), 3), ('655', np.float64(14.1226), 0), ('623', np.float64(14.034), 3)]",0.6,0.4,0.48,0.35646452460795264
47,BM25,1,1,"[('525', np.float64(23.8405), -1), ('568', np.float64(21.2749), 0), ('305', np.float64(20.3667), 3), ('1200', np.float64(20.1081), 0), ('570', np.float64(18.5362), 2), ('304', np.float64(18.2815), 2), ('310', np.float64(18.1781), 2), ('327', np.float64(18.1059), 0), ('308', np.float64(16.3896), 4), ('307', np.float64(16.2337), 2)]",0.6,0.42857142857142855,0.5,0.38514886535755544
48,BM25,1,1,"[('526', np.float64(25.0928), -1), ('797', np.float64(18.3811), 3), ('440', np.float64(16.5977), 3), ('1228', np.float64(14.8403), 0), ('638', np.float64(13.7888), 0), ('793', np.float64(13.2406), 0), ('334', np.float64(13.11), 0), ('902', np.float64(13.0568), 0), ('683', np.float64(12.3403), 0), ('685', np.float64(11.7717), 0)]",0.2,0.18181818181818182,0.1904761904761905,0.17094557973407784
49,BM25,1,1,"[('527', np.float64(32.6792), -1), ('321', np.float64(31.1185), 0), ('349', np.float64(28.2773), 0), ('322', np.float64(27.1644), 0), ('476', np.float64(24.2093), 0), ('150', np.float64(24.0159), 0), ('320', np.float64(23.7638), 3), ('1370', np.float64(23.5943), 0), ('1235', np.float64(23.5343), 0), ('377', np.float64(22.2341), 0)]",0.1,0.5,0.16666666666666669,0.09642857142857142
50,BM25,1,1,"[('192', np.float64(18.1841), 0), ('326', np.float64(16.4137), 2), ('801', np.float64(16.0665), 0), ('1259', np.float64(15.3039), 0), ('494', np.float64(15.1908), 0), ('273', np.float64(14.8916), 0), ('337', np.float64(14.7429), 0), ('992', np.float64(14.335), 0), ('541', np.float64(14.1095), 0), ('528', np.float64(13.749), -1)]",0.1,0.16666666666666666,0.125,0.10156073914045365
51,BM25,1,1,"[('326', np.float64(26.751), 4), ('494', np.float64(24.2035), 2), ('528', np.float64(22.9825), -1), ('261', np.float64(17.4185), 4), ('192', np.float64(16.6559), 3), ('23', np.float64(16.53), 2), ('94', np.float64(15.7677), 1), ('1310', np.float64(14.7813), 0), ('105', np.float64(14.6886), 2), ('1259', np.float64(14.655), 0)]",0.7,0.7,0.7,0.6348847575559903
52,BM25,1,1,"[('550', np.float64(18.7238), 0), ('326', np.float64(17.1251), 4), ('1215', np.float64(15.1153), 0), ('21', np.float64(15.1109), 2), ('306', np.float64(15.0744), 2), ('629', np.float64(14.6324), 0), ('528', np.float64(14.3266), -1), ('96', np.float64(13.6576), 0), ('22', np.float64(13.2867), 2), ('798', np.float64(12.78), 0)]",0.4,1.0,0.5714285714285715,0.5111111111111111
53,BM25,1,1,"[('208', np.float64(37.7974), 4), ('1221', np.float64(27.0103), 0), ('437', np.float64(26.5317), 0), ('1253', np.float64(21.9521), 0), ('407', np.float64(21.9326), 0), ('269', np.float64(21.6436), 0), ('531', np.float64(21.1979), -1), ('298', np.float64(20.8814), 4), ('1236', np.float64(20.7233), 0), ('33', np.float64(20.3826), 3)]",0.3,0.3,0.3,0.2638733836819446
54,BM25,1,1,"[('123', np.float64(37.3234), -1), ('84', np.float64(30.7744), 2), ('274', np.float64(25.5177), 0), ('1307', np.float64(25.4777), 0), ('623', np.float64(25.3107), 0), ('525', np.float64(25.2088), 0), ('1185', np.float64(25.1722), 0), ('1213', np.float64(24.8842), 0), ('44', np.float64(24.8759), 0), ('666', np.float64(24.3508), 0)]",0.1,0.1111111111111111,0.10526315789473685,0.1332683895297104
55,BM25,1,1,"[('376', np.float64(20.7882), 4), ('17', np.float64(20.0762), 0), ('460', np.float64(19.2405), 2), ('798', np.float64(18.6885), 0), ('1301', np.float64(18.5548), 0), ('1185', np.float64(18.0941), 0), ('1302', np.float64(16.5665), 0), ('1241', np.float64(16.5137), 0), ('73', np.float64(16.2414), 0), ('4', np.float64(16.0097), 0)]",0.2,0.2,0.20000000000000004,0.3237553150254684
56,BM25,1,1,"[('753', np.float64(37.2697), -1), ('783', np.float64(22.8637), 0), ('14', np.float64(22.0208), 4), ('1331', np.float64(19.3391), 0), ('441', np.float64(17.409), 0), ('1339', np.float64(16.5671), 3), ('781', np.float64(14.1967), 0), ('638', np.float64(14.1203), 0), ('634', np.float64(14.0546), 0), ('1078', np.float64(13.431), 0)]",0.2,0.2,0.20000000000000004,0.11082502974263446
57,BM25,1,1,"[('753', np.float64(20.7157), -1), ('380', np.float64(15.0777), 2), ('1181', np.float64(14.8584), 0), ('916', np.float64(14.2336), 0), ('444', np.float64(13.6662), 0), ('52', np.float64(13.2896), 0), ('810', np.float64(12.2131), 0), ('1275', np.float64(12.0847), 0), ('1338', np.float64(12.0102), 0), ('899', np.float64(11.966), 0)]",0.1,0.07142857142857142,0.08333333333333333,0.09550670776729044
58,BM25,1,1,"[('754', np.float64(27.074), -1), ('269', np.float64(26.6206), 0), ('788', np.float64(25.9043), 2), ('1159', np.float64(24.7025), 0), ('270', np.float64(23.6354), 0), ('120', np.float64(23.2467), 0), ('88', np.float64(21.5522), 0), ('963', np.float64(21.4507), 0), ('873', np.float64(21.2942), 0), ('787', np.float64(21.106), 3)]",0.2,0.2222222222222222,0.2105263157894737,0.22237457916916575
59,BM25,1,1,"[('785', np.float64(14.0562), 3), ('381', np.float64(12.7974), 0), ('105', np.float64(12.7608), 0), ('789', np.float64(12.7379), 0), ('1154', np.float64(12.7047), 0), ('382', np.float64(12.4025), 0), ('1055', np.float64(12.3869), 0), ('149', np.float64(12.1335), 0), ('629', np.float64(12.0989), 0), ('842', np.float64(12.0482), 0)]",0.1,0.25,0.14285714285714288,0.3168939393939394
60,BM25,1,1,"[('527', np.float64(32.1982), 3), ('321', np.float64(30.6638), 0), ('322', np.float64(27.949), -1), ('320', np.float64(26.6168), 4), ('476', np.float64(22.3375), 3), ('107', np.float64(20.5224), 0), ('365', np.float64(19.1864), 0), ('150', np.float64(18.0063), 0), ('366', np.float64(17.7689), 0), ('585', np.float64(17.424), 0)]",0.3,0.6,0.4,0.4797335307179867
61,BM25,1,1,"[('564', np.float64(22.0704), 3), ('566', np.float64(20.1845), 2), ('539', np.float64(19.4459), -1), ('435', np.float64(17.4128), 0), ('1213', np.float64(16.4551), 0), ('333', np.float64(15.475), 0), ('1258', np.float64(15.1437), 0), ('1307', np.float64(14.2076), 0), ('944', np.float64(13.3642), 0), ('565', np.float64(13.2269), 2)]",0.3,0.6,0.4,0.5308842559309849
62,BM25,1,1,"[('452', np.float64(23.5589), 0), ('381', np.float64(23.3705), 0), ('459', np.float64(23.2343), 0), ('483', np.float64(23.0176), 0), ('105', np.float64(21.5509), 0), ('785', np.float64(21.192), 0), ('1383', np.float64(20.7232), 0), ('788', np.float64(20.6683), 0), ('533', np.float64(20.4661), 0), ('1258', np.float64(19.3243), 0)]",0.0,0.0,0.0,0.03154050157691566
63,BM25,1,1,"[('1135', np.float64(10.6698), 0), ('843', np.float64(10.6063), 0), ('1106', np.float64(9.5776), 0), ('839', np.float64(9.555), 0), ('891', np.float64(9.1478), 0), ('629', np.float64(9.1264), 0), ('1045', np.float64(8.8835), 0), ('1051', np.float64(8.8548), 0), ('287', np.float64(8.8357), 0), ('889', np.float64(8.8102), 0)]",0.0,0.0,0.0,0.049342317572190174
64,BM25,1,1,"[('390', np.float64(23.7885), 1), ('52', np.float64(19.5311), 0), ('627', np.float64(17.9061), -1), ('719', np.float64(17.2506), 0), ('441', np.float64(15.8528), 0), ('1107', np.float64(14.804), 0), ('914', np.float64(14.6405), 0), ('277', np.float64(13.7324), 0), ('928', np.float64(13.7184), 0), ('894', np.float64(13.6303), 0)]",0.1,0.5,0.16666666666666669,0.5476190476190477
65,BM25,1,1,"[('388', np.float64(26.9461), -1), ('3', np.float64(21.1394), 2), ('569', np.float64(19.4157), 0), ('1355', np.float64(18.2372), 0), ('393', np.float64(18.0796), 3), ('180', np.float64(17.3147), 3), ('664', np.float64(16.8586), 2), ('1106', np.float64(16.5251), 0), ('4', np.float64(16.5191), 3), ('1237', np.float64(15.9632), 0)]",0.5,0.3333333333333333,0.4,0.242128638255961
66,BM25,1,1,"[('128', np.float64(29.5551), 0), ('191', np.float64(19.571), 0), ('305', np.float64(18.1785), 0), ('1251', np.float64(17.8632), 0), ('629', np.float64(17.4575), 2), ('366', np.float64(17.4058), 0), ('329', np.float64(16.9369), 0), ('1206', np.float64(16.8895), 0), ('1182', np.float64(16.1644), 0), ('458', np.float64(15.5723), 0)]",0.1,0.2,0.13333333333333333,0.0978514659720831
67,BM25,1,1,"[('393', np.float64(18.0796), 3), ('180', np.float64(17.3147), 1), ('4', np.float64(16.5191), 3), ('3', np.float64(15.6257), 1), ('664', np.float64(15.6179), 2), ('388', np.float64(15.3275), -1), ('306', np.float64(14.7151), 0), ('9', np.float64(14.6244), 0), ('155', np.float64(14.5635), 0), ('629', np.float64(14.452), 2)]",0.6,0.42857142857142855,0.5,0.516871392532974
68,BM25,1,1,"[('628', np.float64(30.4643), -1), ('344', np.float64(17.0833), 0), ('662', np.float64(14.9272), 2), ('773', np.float64(14.2844), 0), ('338', np.float64(14.2315), 0), ('364', np.float64(13.9393), 0), ('560', np.float64(13.5208), 0), ('343', np.float64(13.425), 0), ('1205', np.float64(13.3154), 0), ('480', np.float64(12.9247), 0)]",0.1,0.2,0.13333333333333333,0.09266897753335292
69,BM25,1,1,"[('128', np.float64(14.378), 0), ('540', np.float64(13.2394), -1), ('299', np.float64(12.6158), 0), ('458', np.float64(12.5177), 2), ('306', np.float64(12.4557), 0), ('1383', np.float64(12.1426), 0), ('111', np.float64(12.1364), 0), ('292', np.float64(12.1182), 0), ('264', np.float64(11.9963), 0), ('131', np.float64(11.7662), 0)]",0.1,0.2,0.13333333333333333,0.07434200590440246
70,BM25,1,1,"[('540', np.float64(14.0371), -1), ('62', np.float64(13.0403), 2), ('180', np.float64(12.9421), 0), ('1149', np.float64(11.3296), 0), ('300', np.float64(11.1794), 0), ('104', np.float64(10.9488), 0), ('349', np.float64(10.757), 0), ('527', np.float64(10.3593), 0), ('305', np.float64(10.3344), 0), ('1185', np.float64(10.2117), 0)]",0.1,0.1,0.10000000000000002,0.09845909344794611
71,BM25,1,1,"[('540', np.float64(14.2449), -1), ('573', np.float64(12.9014), 0), ('305', np.float64(12.8527), 0), ('63', np.float64(12.2866), 0), ('525', np.float64(12.1734), 0), ('1299', np.float64(11.8289), 0), ('1253', np.float64(11.194), 0), ('572', np.float64(11.0398), 1), ('570', np.float64(10.9806), 0), ('1395', np.float64(10.7394), 0)]",0.1,0.125,0.11111111111111112,0.04815306544641621
72,BM25,1,1,"[('630', np.float64(17.9356), 2), ('63', np.float64(17.5166), 0), ('1395', np.float64(17.1947), 0), ('540', np.float64(15.7798), 0), ('315', np.float64(15.407), 0), ('1313', np.float64(15.0841), 0), ('667', np.float64(14.9763), 0), ('663', np.float64(14.1353), 4), ('1229', np.float64(13.9996), 0), ('187', np.float64(13.958), 0)]",0.2,0.11764705882352941,0.14814814814814817,0.13516635567884097
73,BM25,1,1,"[('332', np.float64(33.101), 2), ('541', np.float64(29.1585), -1), ('573', np.float64(23.425), 3), ('401', np.float64(23.4069), 2), ('1296', np.float64(22.1947), 0), ('625', np.float64(21.7891), 2), ('577', np.float64(18.2795), 4), ('488', np.float64(18.1599), 0), ('574', np.float64(17.9111), 3), ('572', np.float64(17.26), 2)]",0.7,0.35,0.4666666666666667,0.35543202494471016
74,BM25,1,1,"[('625', np.float64(22.628), 0), ('1153', np.float64(19.3103), 0), ('876', np.float64(18.8379), 0), ('68', np.float64(18.1474), 0), ('372', np.float64(17.4931), 0), ('26', np.float64(17.4657), 0), ('1143', np.float64(17.0979), 0), ('431', np.float64(16.0622), 0), ('656', np.float64(15.514), 2), ('576', np.float64(15.4707), 2)]",0.2,0.3333333333333333,0.25,0.12795318521629767
75,BM25,1,1,"[('565', np.float64(18.884), 0), ('306', np.float64(17.6075), 0), ('645', np.float64(17.1586), 0), ('50', np.float64(16.818), 0), ('584', np.float64(16.597), 0), ('396', np.float64(16.4955), 0), ('630', np.float64(16.2949), -1), ('55', np.float64(16.202), 0), ('1097', np.float64(15.9294), 0), ('1099', np.float64(15.8333), 0)]",0.0,0.0,0.0,0.019875751780053078
76,BM25,1,1,"[('630', np.float64(24.4387), -1), ('565', np.float64(19.2263), 0), ('667', np.float64(18.6549), 2), ('666', np.float64(17.4636), 3), ('50', np.float64(16.3308), 0), ('1394', np.float64(15.3224), 0), ('62', np.float64(15.182), 0), ('1198', np.float64(14.9652), 0), ('9', np.float64(14.9127), 0), ('572', np.float64(14.7752), 0)]",0.2,0.2857142857142857,0.23529411764705882,0.16205223306638714
77,BM25,1,1,"[('1395', np.float64(26.002), 0), ('667', np.float64(22.5224), 3), ('1264', np.float64(22.0818), 0), ('329', np.float64(21.4363), 4), ('630', np.float64(20.4434), -1), ('170', np.float64(17.8095), 0), ('272', np.float64(17.0952), 0), ('347', np.float64(17.0298), 0), ('134', np.float64(17.0111), 0), ('572', np.float64(16.2892), 0)]",0.2,0.3333333333333333,0.25,0.29037037037037033
78,BM25,1,1,"[('543', np.float64(25.2617), -1), ('237', np.float64(21.3151), 0), ('589', np.float64(20.4542), 3), ('216', np.float64(17.9866), 0), ('578', np.float64(14.4055), 0), ('588', np.float64(14.1836), 2), ('591', np.float64(13.7554), 0), ('935', np.float64(12.0916), 0), ('590', np.float64(11.275), 3), ('138', np.float64(11.0478), 0)]",0.3,1.0,0.4615384615384615,0.3333333333333333
79,BM25,1,1,"[('199', np.float64(15.8451), 0), ('544', np.float64(14.9878), -1), ('567', np.float64(14.7794), 0), ('1066', np.float64(14.7705), 0), ('755', np.float64(14.2135), 0), ('748', np.float64(13.4202), 0), ('413', np.float64(13.1562), 0), ('56', np.float64(12.8849), 0), ('1310', np.float64(12.3516), 0), ('347', np.float64(12.2307), 0)]",0.0,0.0,0.0,0.058171290057238624
80,BM25,1,1,"[('544', np.float64(23.8839), -1), ('546', np.float64(17.4299), 0), ('602', np.float64(14.1413), 0), ('1335', np.float64(14.0925), 0), ('441', np.float64(13.7181), 0), ('813', np.float64(13.1108), 0), ('878', np.float64(12.686), 0), ('622', np.float64(12.6181), 0), ('1019', np.float64(12.4869), 0), ('790', np.float64(12.2567), 0)]",0.0,0.0,0.0,0.018101372931477823
81,BM25,1,1,"[('799', np.float64(21.3486), 4), ('714', np.float64(20.6317), 0), ('631', np.float64(20.0987), -1), ('672', np.float64(19.3748), 1), ('755', np.float64(17.61), 0), ('140', np.float64(17.3023), 0), ('203', np.float64(16.8133), 0), ('1163', np.float64(16.4002), 0), ('544', np.float64(15.7861), 0), ('1153', np.float64(15.665), 0)]",0.2,1.0,0.33333333333333337,0.75
82,BM25,1,1,"[('678', np.float64(22.6692), 3), ('1334', np.float64(21.955), 0), ('1339', np.float64(21.3128), 0), ('247', np.float64(19.8828), 0), ('676', np.float64(19.3451), 2), ('465', np.float64(17.8319), 0), ('1332', np.float64(17.2029), 0), ('677', np.float64(16.9206), 2), ('1289', np.float64(16.5799), 0), ('1343', np.float64(16.0952), 0)]",0.3,0.6,0.4,0.37116785946649317
83,BM25,1,1,"[('1275', np.float64(14.9603), 0), ('680', np.float64(12.6432), 2), ('1196', np.float64(11.7554), 0), ('428', np.float64(10.694), 0), ('753', np.float64(10.6729), 0), ('224', np.float64(9.8165), 0), ('232', np.float64(8.4244), 0), ('1141', np.float64(8.1687), 0), ('1304', np.float64(8.0448), 0), ('593', np.float64(8.0423), 0)]",0.1,0.25,0.14285714285714288,0.13484661674894197
84,BM25,1,1,"[('522', np.float64(23.7434), 4), ('294', np.float64(23.3593), 3), ('873', np.float64(20.0529), 4), ('378', np.float64(16.9276), 0), ('554', np.float64(16.859), 0), ('17', np.float64(16.6937), 0), ('555', np.float64(16.5698), 0), ('21', np.float64(16.3285), 0), ('546', np.float64(16.2797), -1), ('36', np.float64(16.0774), 0)]",0.3,0.2727272727272727,0.28571428571428564,0.3807007671851105
85,BM25,1,1,"[('710', np.float64(18.7596), 3), ('315', np.float64(17.4874), 0), ('184', np.float64(16.8517), 0), ('798', np.float64(16.6102), 0), ('84', np.float64(16.1395), 0), ('314', np.float64(15.866), 0), ('1287', np.float64(15.8512), 0), ('80', np.float64(15.7706), 0), ('294', np.float64(15.7628), 0), ('9', np.float64(15.1857), 0)]",0.1,0.25,0.14285714285714288,0.2625886607313141
86,BM25,1,1,"[('755', np.float64(43.3731), -1), ('594', np.float64(28.1013), 3), ('790', np.float64(25.2667), 3), ('431', np.float64(24.0277), 0), ('188', np.float64(21.1975), 0), ('179', np.float64(20.5008), 0), ('1290', np.float64(18.7369), 0), ('1155', np.float64(18.7156), 0), ('280', np.float64(17.9315), 0), ('141', np.float64(17.0784), 0)]",0.2,1.0,0.33333333333333337,0.5833333333333333
87,BM25,1,1,"[('547', np.float64(23.92), -1), ('439', np.float64(19.2956), 0), ('797', np.float64(18.0618), 0), ('134', np.float64(18.0355), 0), ('667', np.float64(17.8214), 0), ('334', np.float64(17.7782), 0), ('1309', np.float64(17.5962), 0), ('572', np.float64(17.1419), 0), ('1267', np.float64(17.1384), 0), ('310', np.float64(17.0665), 0)]",0.0,0.0,0.0,0.013368244572002827
88,BM25,1,1,"[('548', np.float64(45.2416), -1), ('617', np.float64(37.8703), 3), ('613', np.float64(37.6851), 2), ('622', np.float64(35.0972), 0), ('616', np.float64(33.3701), 3), ('615', np.float64(32.7576), 2), ('614', np.float64(30.8462), 2), ('618', np.float64(26.1099), 4), ('621', np.float64(21.2888), 0), ('162', np.float64(19.833), 0)]",0.6,1.0,0.7499999999999999,0.6496031746031746
89,BM25,1,1,"[('1338', np.float64(21.2623), 0), ('879', np.float64(19.6137), 0), ('793', np.float64(19.1696), 2), ('1290', np.float64(18.7566), 0), ('699', np.float64(18.7393), 0), ('52', np.float64(18.6596), 0), ('200', np.float64(18.5178), 0), ('924', np.float64(18.4376), 0), ('916', np.float64(17.488), 0), ('464', np.float64(17.043), 0)]",0.1,0.16666666666666666,0.125,0.17358787358787361
90,BM25,1,1,"[('265', np.float64(15.7075), 0), ('311', np.float64(13.7856), 3), ('1257', np.float64(13.5966), 0), ('304', np.float64(13.4692), 0), ('358', np.float64(13.4084), 0), ('291', np.float64(12.4918), 3), ('1187', np.float64(12.481), 4), ('134', np.float64(12.3728), 0), ('439', np.float64(11.9564), 0), ('124', np.float64(11.82), 0)]",0.3,0.23076923076923078,0.2608695652173913,0.16790182252433913
91,BM25,1,1,"[('252', np.float64(14.9812), 2), ('924', np.float64(13.0337), 0), ('431', np.float64(12.1434), 0), ('795', np.float64(11.7801), 0), ('799', np.float64(11.4143), 3), ('1153', np.float64(10.8889), 0), ('316', np.float64(9.6663), 0), ('672', np.float64(9.585), 4), ('800', np.float64(9.47), 3), ('1154', np.float64(9.4006), 3)]",0.5,0.5555555555555556,0.5263157894736842,0.3546895702847732
92,BM25,1,1,"[('810', np.float64(28.1899), 4), ('806', np.float64(25.6609), 4), ('758', np.float64(25.3543), -1), ('807', np.float64(23.8214), 4), ('804', np.float64(22.5045), 4), ('683', np.float64(20.5079), 0), ('1247', np.float64(19.9784), 3), ('809', np.float64(19.44), 3), ('1331', np.float64(18.3936), 0), ('1093', np.float64(17.2038), 0)]",0.6,0.46153846153846156,0.5217391304347826,0.5300501472961152
93,BM25,1,1,"[('635', np.float64(51.2627), -1), ('691', np.float64(31.2992), 3), ('68', np.float64(21.7294), 0), ('1336', np.float64(20.3736), 0), ('1241', np.float64(17.1868), 0), ('421', np.float64(16.959), 0), ('1335', np.float64(16.4942), 0), ('628', np.float64(15.8351), 0), ('1157', np.float64(15.7001), 0), ('1315', np.float64(15.1297), 0)]",0.1,1.0,0.18181818181818182,0.5
94,BM25,1,1,"[('1393', np.float64(23.6438), 3), ('283', np.float64(21.132), 3), ('559', np.float64(20.8375), 3), ('983', np.float64(20.5518), 0), ('1104', np.float64(19.897), 4), ('1161', np.float64(19.7449), 4), ('101', np.float64(19.1081), 4), ('1394', np.float64(19.0374), 0), ('84', np.float64(18.6376), 0), ('438', np.float64(17.9628), 0)]",0.6,0.5,0.5454545454545454,0.6065508612625048
95,BM25,1,1,"[('662', np.float64(15.7201), 4), ('553', np.float64(15.152), 0), ('1002', np.float64(13.0501), 0), ('1104', np.float64(12.1859), 0), ('1258', np.float64(12.0881), 0), ('554', np.float64(11.5771), 0), ('635', np.float64(11.1491), -1), ('101', np.float64(11.0673), 0), ('628', np.float64(10.967), 0), ('690', np.float64(10.6992), 0)]",0.1,0.5,0.16666666666666669,0.5769230769230769
96,BM25,1,1,"[('637', np.float64(21.6259), -1), ('698', np.float64(18.9096), 4), ('680', np.float64(15.9142), 0), ('779', np.float64(15.7105), 3), ('705', np.float64(15.2012), 3), ('699', np.float64(14.7788), 4), ('465', np.float64(14.3991), 0), ('803', np.float64(14.3936), 0), ('700', np.float64(13.7781), 4), ('288', np.float64(13.6134), 0)]",0.5,0.38461538461538464,0.4347826086956522,0.3487161161580868
97,BM25,1,1,"[('1331', np.float64(26.8522), 0), ('1289', np.float64(16.2012), 4), ('779', np.float64(15.875), 3), ('882', np.float64(14.801), 0), ('1270', np.float64(14.058), 0), ('783', np.float64(12.7473), 0), ('781', np.float64(11.5631), 0), ('790', np.float64(10.7796), 0), ('701', np.float64(10.5294), 3), ('1214', np.float64(10.4541), 0)]",0.3,0.3,0.3,0.20924053768498582
98,BM25,1,1,"[('638', np.float64(31.52), -1), ('673', np.float64(24.7596), 0), ('1343', np.float64(19.3078), 0), ('792', np.float64(17.7776), 0), ('685', np.float64(16.5642), 0), ('1091', np.float64(16.3875), 0), ('1163', np.float64(16.3266), 0), ('433', np.float64(15.98), 0), ('222', np.float64(15.2593), 0), ('1356', np.float64(14.2943), 0)]",0.0,0.0,0.0,0.03077734093780376
99,BM25,1,1,"[('639', np.float64(47.4997), -1), ('715', np.float64(30.808), 0), ('719', np.float64(30.1743), 2), ('716', np.float64(20.67), 0), ('717', np.float64(19.1412), 2), ('164', np.float64(16.5547), 0), ('1000', np.float64(16.4871), 0), ('67', np.float64(16.1594), 0), ('682', np.float64(15.2211), 0), ('1348', np.float64(15.1002), 0)]",0.2,0.5,0.28571428571428575,0.23773948644566342
100,BM25,1,1,"[('760', np.float64(30.7762), -1), ('1122', np.float64(30.2429), 2), ('822', np.float64(28.636), 2), ('1172', np.float64(25.9314), 0), ('1126', np.float64(25.77), 0), ('897', np.float64(24.9772), 0), ('739', np.float64(24.892), 0), ('740', np.float64(24.4004), 0), ('885', np.float64(23.6176), 0), ('1051', np.float64(23.1592), 3)]",0.3,0.3333333333333333,0.3157894736842105,0.22675518925518923
101,BM25,1,1,"[('819', np.float64(34.4682), 2), ('817', np.float64(30.9633), 2), ('760', np.float64(28.9708), -1), ('818', np.float64(28.9354), 2), ('820', np.float64(27.8182), 3), ('1119', np.float64(26.6414), 0), ('823', np.float64(25.7359), 0), ('825', np.float64(24.3844), 3), ('837', np.float64(22.9245), 0), ('826', np.float64(20.6091), 0)]",0.5,0.8333333333333334,0.625,0.7434523809523809
102,BM25,1,1,"[('910', np.float64(12.3536), 3), ('729', np.float64(10.8139), -1), ('1339', np.float64(10.347), 0), ('1290', np.float64(9.3193), 0), ('728', np.float64(9.1119), 1), ('1007', np.float64(9.05), 0), ('1092', np.float64(9.0136), 0), ('1289', np.float64(8.9246), 0), ('1389', np.float64(8.7032), 0), ('720', np.float64(8.6968), 0)]",0.2,0.5,0.28571428571428575,0.3965658827920866
103,BM25,1,1,"[('761', np.float64(19.3867), -1), ('1214', np.float64(15.2508), 0), ('1050', np.float64(12.0524), 0), ('1127', np.float64(11.9557), 0), ('1048', np.float64(11.801), 0), ('956', np.float64(11.2651), 0), ('1126', np.float64(10.2284), 0), ('951', np.float64(9.7763), 0), ('251', np.float64(9.5146), 0), ('720', np.float64(9.0628), 0)]",0.0,0.0,0.0,0.028797145769622834
104,BM25,1,1,"[('762', np.float64(22.1742), -1), ('462', np.float64(17.3677), 0), ('644', np.float64(16.422), 0), ('837', np.float64(16.162), 3), ('1024', np.float64(16.1548), 0), ('840', np.float64(14.7731), 0), ('824', np.float64(14.5565), 0), ('744', np.float64(13.7193), 0), ('1177', np.float64(13.5747), 0), ('1055', np.float64(13.4416), 0)]",0.1,0.2,0.13333333333333333,0.10475438200556683
105,BM25,1,1,"[('764', np.float64(34.8566), -1), ('848', np.float64(32.7935), 3), ('847', np.float64(20.0046), 4), ('846', np.float64(18.3591), 4), ('953', np.float64(15.4096), 0), ('763', np.float64(14.3228), 0), ('1126', np.float64(14.1412), 0), ('739', np.float64(14.0118), 0), ('743', np.float64(13.9456), 0), ('1067', np.float64(13.9276), 0)]",0.3,0.6,0.4,0.4447311827956989
106,BM25,1,1,"[('847', np.float64(11.9097), 2), ('764', np.float64(11.2076), -1), ('1036', np.float64(10.4449), 0), ('844', np.float64(9.7173), 4), ('848', np.float64(9.5563), 0), ('953', np.float64(9.4306), 0), ('846', np.float64(9.0226), 3), ('739', np.float64(8.6565), 0), ('42', np.float64(8.6369), 0), ('1042', np.float64(8.4762), 0)]",0.3,0.6,0.4,0.4565476190476191
107,BM25,1,1,"[('640', np.float64(34.228), -1), ('725', np.float64(24.1447), 2), ('883', np.float64(23.2925), 0), ('909', np.float64(19.3138), 4), ('220', np.float64(19.234), 0), ('724', np.float64(18.9706), 0), ('12', np.float64(18.6908), 0), ('720', np.float64(18.2697), 4), ('870', np.float64(18.1726), 0), ('29', np.float64(17.0458), 0)]",0.3,0.42857142857142855,0.3529411764705882,0.3177402391143003
108,BM25,1,1,"[('75', np.float64(24.3669), 3), ('724', np.float64(22.2165), 2), ('884', np.float64(18.3578), 0), ('720', np.float64(17.9401), 4), ('883', np.float64(16.8881), 0), ('726', np.float64(16.5606), 2), ('727', np.float64(15.9026), 2), ('640', np.float64(15.4824), -1), ('881', np.float64(12.2431), 0), ('768', np.float64(12.1156), 0)]",0.5,0.7142857142857143,0.588235294117647,0.75139146567718
109,BM25,1,1,"[('391', np.float64(13.27), 0), ('859', np.float64(12.6483), 0), ('1008', np.float64(11.9096), 0), ('627', np.float64(11.8952), 0), ('711', np.float64(11.2624), 0), ('51', np.float64(11.0386), 0), ('658', np.float64(10.7008), 0), ('31', np.float64(10.5131), 0), ('5', np.float64(9.8355), 0), ('390', np.float64(9.6743), 0)]",0.0,0.0,0.0,0.037888656071952916
110,BM25,1,1,"[('15', np.float64(21.4928), 0), ('862', np.float64(20.9859), 1), ('1387', np.float64(20.0811), 0), ('1117', np.float64(18.9124), 0), ('856', np.float64(18.8628), 0), ('412', np.float64(18.8101), 0), ('1035', np.float64(18.6371), 0), ('1398', np.float64(18.4461), 0), ('1131', np.float64(18.4357), 0), ('1177', np.float64(18.302), 0)]",0.1,0.25,0.14285714285714288,0.1546996482784154
111,BM25,1,1,"[('894', np.float64(25.4708), -1), ('857', np.float64(18.5183), 0), ('627', np.float64(18.3853), 3), ('856', np.float64(18.3402), 0), ('390', np.float64(18.0275), 0), ('1131', np.float64(17.5414), 0), ('1008', np.float64(17.1891), 0), ('392', np.float64(16.1231), 3), ('766', np.float64(15.3559), 0), ('1392', np.float64(14.8227), 0)]",0.2,0.2857142857142857,0.23529411764705882,0.2762004801920768
112,BM25,1,1,"[('641', np.float64(45.2871), -1), ('730', np.float64(30.6227), 4), ('734', np.float64(26.3622), 0), ('422', np.float64(23.7403), 0), ('736', np.float64(21.5336), 0), ('733', np.float64(20.6327), 0), ('735', np.float64(20.427), 0), ('648', np.float64(20.2068), 0), ('831', np.float64(19.3893), 0), ('936', np.float64(18.7978), 0)]",0.1,0.5,0.16666666666666669,0.3333333333333333
113,BM25,1,1,"[('704', np.float64(15.5376), 0), ('815', np.float64(15.5141), 0), ('748', np.float64(15.4674), 3), ('638', np.float64(14.1297), 0), ('708', np.float64(13.466), 0), ('467', np.float64(13.381), 0), ('265', np.float64(13.2124), 3), ('360', np.float64(13.1711), 0), ('52', np.float64(13.1247), 0), ('812', np.float64(13.0706), 0)]",0.2,0.5,0.28571428571428575,0.18067465228665724
114,BM25,1,1,"[('895', np.float64(40.4963), -1), ('712', np.float64(28.8723), 0), ('1266', np.float64(25.705), 0), ('1290', np.float64(22.9009), 0), ('919', np.float64(22.8362), 1), ('917', np.float64(22.2405), 0), ('704', np.float64(21.4384), 0), ('465', np.float64(20.9767), 0), ('757', np.float64(20.8711), 0), ('1289', np.float64(20.5808), 0)]",0.1,0.25,0.14285714285714288,0.07091476668891775
115,BM25,1,1,"[('184', np.float64(15.7462), -1), ('486', np.float64(14.5242), 0), ('746', np.float64(13.5171), 0), ('540', np.float64(13.3034), 0), ('51', np.float64(12.1429), 2), ('102', np.float64(12.0782), 0), ('875', np.float64(11.818), 0), ('549', np.float64(11.3931), 0), ('527', np.float64(11.2791), 0), ('44', np.float64(10.853), 0)]",0.1,0.25,0.14285714285714288,0.05546960189204528
116,BM25,1,1,"[('1106', np.float64(20.4049), 0), ('522', np.float64(20.0073), 0), ('1038', np.float64(19.8468), 0), ('605', np.float64(16.4007), 3), ('759', np.float64(16.2237), 0), ('272', np.float64(16.0955), 0), ('384', np.float64(15.6631), 0), ('225', np.float64(15.6394), 0), ('48', np.float64(15.3907), 0), ('1218', np.float64(14.7407), 0)]",0.1,0.2,0.13333333333333333,0.061070746917008756
117,BM25,1,1,"[('229', np.float64(19.7052), 0), ('282', np.float64(18.7799), 0), ('230', np.float64(18.1489), 0), ('1304', np.float64(16.2751), 0), ('907', np.float64(16.1233), 0), ('60', np.float64(15.974), 0), ('924', np.float64(14.7711), 0), ('440', np.float64(14.6928), 0), ('782', np.float64(14.6152), 0), ('1164', np.float64(14.3958), 0)]",0.0,0.0,0.0,0.03807471264367816
118,BM25,1,1,"[('520', np.float64(27.7219), 0), ('246', np.float64(27.5435), 0), ('229', np.float64(26.0693), 0), ('923', np.float64(25.155), 2), ('1075', np.float64(22.0943), 0), ('803', np.float64(21.9704), 0), ('1062', np.float64(21.8251), 0), ('924', np.float64(21.7614), 3), ('1074', np.float64(20.8647), 0), ('1239', np.float64(20.344), 0)]",0.2,0.6666666666666666,0.30769230769230765,0.1758409785932722
119,BM25,1,1,"[('926', np.float64(28.1099), 4), ('928', np.float64(26.3184), 0), ('744', np.float64(23.6219), 0), ('1055', np.float64(22.2203), 0), ('897', np.float64(22.206), -1), ('1024', np.float64(22.1855), 0), ('533', np.float64(21.5085), 0), ('1051', np.float64(21.1504), 0), ('765', np.float64(20.8607), 0), ('1033', np.float64(20.1443), 0)]",0.1,1.0,0.18181818181818182,1.0
120,BM25,1,1,"[('769', np.float64(45.9397), -1), ('887', np.float64(35.5615), 2), ('890', np.float64(29.5404), 2), ('740', np.float64(26.8032), 0), ('1172', np.float64(26.7555), 0), ('1122', np.float64(25.3117), 0), ('886', np.float64(25.0785), 3), ('885', np.float64(23.6524), 3), ('1146', np.float64(23.3725), 2), ('888', np.float64(23.3702), 3)]",0.6,0.6666666666666666,0.631578947368421,0.44260955094288423
121,BM25,1,1,"[('769', np.float64(24.6582), -1), ('888', np.float64(23.4145), 1), ('1146', np.float64(23.3725), 2), ('887', np.float64(23.3679), 1), ('1017', np.float64(20.9103), 0), ('890', np.float64(19.5976), 1), ('1177', np.float64(18.1693), 0), ('1178', np.float64(17.7837), 0), ('1127', np.float64(16.8217), 0), ('1117', np.float64(16.6934), 0)]",0.4,0.5714285714285714,0.47058823529411764,0.5048894557823129
122,BM25,1,1,"[('898', np.float64(21.0676), -1), ('1070', np.float64(16.5775), 0), ('931', np.float64(14.5859), 4), ('935', np.float64(13.3191), 4), ('938', np.float64(13.2501), 2), ('934', np.float64(13.0176), 4), ('930', np.float64(12.984), 0), ('78', np.float64(12.9418), 0), ('1171', np.float64(12.6857), 0), ('1172', np.float64(12.0755), 0)]",0.4,0.4444444444444444,0.4210526315789474,0.3178360306131139
123,BM25,1,1,"[('941', np.float64(18.1875), -1), ('742', np.float64(14.2895), 0), ('1360', np.float64(13.9289), 0), ('1221', np.float64(13.5767), 0), ('112', np.float64(12.618), 0), ('387', np.float64(12.5612), 0), ('740', np.float64(11.3242), 0), ('1270', np.float64(11.2218), 0), ('775', np.float64(10.935), 0), ('34', np.float64(10.5397), 0)]",0.0,0.0,0.0,0.08888888888888888
124,BM25,1,1,"[('941', np.float64(30.0038), -1), ('898', np.float64(21.0676), 0), ('516', np.float64(20.007), 0), ('442', np.float64(18.8619), 0), ('1070', np.float64(18.829), 0), ('934', np.float64(18.7242), 0), ('938', np.float64(17.9291), 0), ('535', np.float64(17.7583), 0), ('514', np.float64(17.6874), 0), ('1288', np.float64(17.1849), 0)]",0.0,0.0,0.0,0.00450547776392851
125,BM25,1,1,"[('997', np.float64(13.8435), 2), ('993', np.float64(13.5024), 0), ('176', np.float64(13.0449), 3), ('131', np.float64(12.0085), 0), ('1083', np.float64(11.748), 0), ('696', np.float64(11.3075), 0), ('970', np.float64(11.1324), 2), ('1074', np.float64(10.9517), 0), ('1350', np.float64(10.6266), 0), ('1093', np.float64(10.2671), 0)]",0.3,0.17647058823529413,0.22222222222222224,0.2685807666256982
126,BM25,1,1,"[('1326', np.float64(26.7455), 2), ('1288', np.float64(23.3105), 0), ('974', np.float64(19.7166), 2), ('1095', np.float64(15.879), 0), ('773', np.float64(15.2847), 0), ('1083', np.float64(12.7203), 0), ('1265', np.float64(11.9068), 0), ('1169', np.float64(11.4358), 0), ('397', np.float64(10.994), 0), ('1237', np.float64(9.4576), 0)]",0.2,0.25,0.22222222222222224,0.22252825500827134
127,BM25,1,1,"[('6', np.float64(23.5349), 0), ('5', np.float64(21.7479), 0), ('869', np.float64(21.5082), 0), ('981', np.float64(20.0008), 3), ('582', np.float64(17.1955), 0), ('158', np.float64(16.5221), 0), ('944', np.float64(15.827), -1), ('587', np.float64(15.5237), 0), ('585', np.float64(14.2375), 0), ('91', np.float64(13.72), 0)]",0.1,0.2,0.13333333333333333,0.10465379665379666
128,BM25,1,1,"[('945', np.float64(28.3219), -1), ('1063', np.float64(20.0011), 0), ('92', np.float64(19.3804), 0), ('745', np.float64(17.5329), 0), ('1087', np.float64(16.6185), 0), ('1246', np.float64(13.3658), 0), ('493', np.float64(12.6427), 0), ('987', np.float64(12.5416), 0), ('12', np.float64(12.2366), 0), ('762', np.float64(11.8025), 0)]",0.0,0.0,0.0,0.017804035045414356
129,BM25,1,1,"[('945', np.float64(30.346), -1), ('988', np.float64(21.7706), 3), ('987', np.float64(19.7914), 2), ('989', np.float64(17.8318), 3), ('86', np.float64(15.1747), 0), ('527', np.float64(14.8731), 0), ('985', np.float64(14.6576), 2), ('278', np.float64(14.0289), 0), ('637', np.float64(13.3466), 0), ('314', np.float64(13.2173), 0)]",0.4,0.5714285714285714,0.47058823529411764,0.3846088435374149
130,BM25,1,1,"[('859', np.float64(32.2797), 3), ('948', np.float64(30.2525), -1), ('766', np.float64(20.5088), 2), ('729', np.float64(20.0801), 0), ('391', np.float64(19.8493), 0), ('634', np.float64(19.3895), 0), ('1008', np.float64(18.3402), 3), ('856', np.float64(17.9541), 0), ('858', np.float64(17.9501), 3), ('627', np.float64(17.362), 0)]",0.4,0.8,0.5333333333333333,0.5117533018296376
131,BM25,1,1,"[('950', np.float64(42.1986), -1), ('1021', np.float64(33.2442), 0), ('1025', np.float64(30.7079), 0), ('1023', np.float64(28.9377), 0), ('1012', np.float64(27.3768), 4), ('1022', np.float64(26.4828), 0), ('952', np.float64(24.7539), 0), ('1019', np.float64(24.7256), 3), ('1017', np.float64(24.5109), 3), ('1034', np.float64(23.8632), 0)]",0.3,0.375,0.33333333333333326,0.3032988705917939
132,BM25,1,1,"[('1017', np.float64(14.7988), 3), ('1021', np.float64(13.9948), 0), ('950', np.float64(12.8083), -1), ('1013', np.float64(12.3043), 3), ('1025', np.float64(12.2591), 3), ('1026', np.float64(12.1538), 3), ('1023', np.float64(11.6782), 3), ('1020', np.float64(11.5128), 4), ('1015', np.float64(11.2319), 3), ('1052', np.float64(11.1757), 0)]",0.7,0.4666666666666667,0.56,0.6994525370463548
133,BM25,1,1,"[('951', np.float64(12.6954), 0), ('950', np.float64(12.5238), -1), ('1013', np.float64(12.3043), 0), ('1026', np.float64(12.1538), 0), ('1017', np.float64(11.7029), 0), ('1023', np.float64(11.6782), 0), ('1020', np.float64(11.5128), 1), ('1028', np.float64(11.4071), 0), ('1015', np.float64(11.2319), 0), ('1012', np.float64(10.7193), 4)]",0.2,0.2857142857142857,0.23529411764705882,0.25065803035727846
134,BM25,1,1,"[('951', np.float64(22.6606), -1), ('1028', np.float64(19.8847), 3), ('866', np.float64(19.6638), 0), ('1012', np.float64(18.9166), 0), ('1015', np.float64(16.9115), 0), ('1017', np.float64(14.8395), 0), ('1013', np.float64(14.7847), 0), ('883', np.float64(14.0391), 0), ('1014', np.float64(13.8977), 0), ('1020', np.float64(13.7947), 0)]",0.1,0.5,0.16666666666666669,0.2717391304347826
135,BM25,1,1,"[('1017', np.float64(20.136), 4), ('1026', np.float64(19.448), 4), ('1020', np.float64(18.9305), 0), ('951', np.float64(18.7646), -1), ('1013', np.float64(18.6314), 0), ('950', np.float64(18.4497), 4), ('1023', np.float64(18.2509), 4), ('1029', np.float64(17.7757), 0), ('1012', np.float64(17.6547), 0), ('1015', np.float64(17.4427), 0)]",0.4,0.5,0.4444444444444445,0.6108610751993104
136,BM25,1,1,"[('1021', np.float64(16.7743), 1), ('951', np.float64(16.0462), -1), ('1031', np.float64(14.4889), 0), ('891', np.float64(14.145), 0), ('140', np.float64(13.7023), 0), ('1125', np.float64(13.137), 0), ('1013', np.float64(13.0772), 0), ('239', np.float64(13.0426), 0), ('1033', np.float64(12.9236), 0), ('829', np.float64(12.8839), 0)]",0.1,0.3333333333333333,0.15384615384615383,0.3969392635102822
137,BM25,1,1,"[('952', np.float64(61.9321), -1), ('1023', np.float64(38.7817), 0), ('1026', np.float64(37.1867), 0), ('1034', np.float64(37.1191), 3), ('1024', np.float64(31.522), 0), ('1021', np.float64(30.4619), 3), ('1052', np.float64(29.2626), 0), ('837', np.float64(28.6035), 0), ('1013', np.float64(28.3543), 0), ('1025', np.float64(26.4534), 0)]",0.2,0.5,0.28571428571428575,0.1901143790849673
138,BM25,1,1,"[('953', np.float64(26.5507), -1), ('847', np.float64(25.0592), 0), ('897', np.float64(22.4991), 0), ('764', np.float64(22.0775), 0), ('846', np.float64(21.2484), 1), ('844', np.float64(20.1561), 0), ('848', np.float64(19.833), 0), ('841', np.float64(19.6711), 0), ('887', np.float64(19.4612), 0), ('1068', np.float64(18.5168), 0)]",0.1,0.5,0.16666666666666669,0.12941176470588237
139,BM25,1,1,"[('847', np.float64(26.2328), 0), ('897', np.float64(25.5265), 0), ('846', np.float64(23.1728), 0), ('826', np.float64(22.5728), 0), ('953', np.float64(22.2394), -1), ('844', np.float64(22.1784), 0), ('764', np.float64(22.0775), 0), ('763', np.float64(21.1661), 0), ('848', np.float64(21.0896), 0), ('1038', np.float64(20.9008), 0)]",0.0,0.0,0.0,0.009077241305873066
140,BM25,1,1,"[('954', np.float64(20.5512), -1), ('1038', np.float64(14.9241), 1), ('890', np.float64(14.2437), 0), ('887', np.float64(10.7264), 0), ('1202', np.float64(10.7069), 0), ('1039', np.float64(10.4008), 1), ('720', np.float64(9.901), 0), ('729', np.float64(9.4147), 0), ('922', np.float64(9.1088), 0), ('726', np.float64(8.9925), 0)]",0.2,0.3333333333333333,0.25,0.1721627209005999
141,BM25,1,1,"[('1038', np.float64(17.5539), 1), ('732', np.float64(15.4798), 0), ('1043', np.float64(15.1793), 2), ('852', np.float64(13.8834), 0), ('889', np.float64(13.2212), 0), ('930', np.float64(12.6092), 0), ('843', np.float64(12.2413), 0), ('1135', np.float64(12.2031), 0), ('1059', np.float64(12.0105), 0), ('851', np.float64(11.7846), 0)]",0.2,0.3333333333333333,0.25,0.36853914688531925
142,BM25,1,1,"[('954', np.float64(26.7094), -1), ('1136', np.float64(15.7788), 0), ('1134', np.float64(14.9711), 0), ('887', np.float64(14.9562), 0), ('827', np.float64(13.3011), 0), ('741', np.float64(13.2892), 0), ('769', np.float64(13.2257), 0), ('1125', np.float64(13.0147), 0), ('890', np.float64(12.9889), 0), ('1135', np.float64(12.4777), 0)]",0.0,0.0,0.0,0.09090909090909091
143,BM25,1,1,"[('1043', np.float64(16.3954), 1), ('930', np.float64(15.0175), 0), ('826', np.float64(12.1771), 0), ('1171', np.float64(11.9869), 0), ('1044', np.float64(11.7221), 1), ('765', np.float64(11.5333), 0), ('953', np.float64(11.507), 0), ('1129', np.float64(11.455), 0), ('889', np.float64(10.9356), 0), ('1137', np.float64(10.7706), 0)]",0.2,1.0,0.33333333333333337,0.7
144,BM25,1,1,"[('955', np.float64(30.4601), -1), ('839', np.float64(27.3016), 3), ('1126', np.float64(27.1237), 0), ('1045', np.float64(24.5372), 2), ('1340', np.float64(24.2206), 0), ('763', np.float64(23.9455), 3), ('840', np.float64(23.4212), 2), ('1363', np.float64(23.0254), 0), ('838', np.float64(22.1885), 3), ('740', np.float64(20.4795), 0)]",0.5,0.8333333333333334,0.625,0.4563492063492063
145,BM25,1,1,"[('1051', np.float64(26.4595), 0), ('1126', np.float64(19.7919), 0), ('839', np.float64(19.7885), 2), ('1118', np.float64(18.2818), 0), ('1045', np.float64(17.8598), 3), ('838', np.float64(17.6046), 2), ('827', np.float64(17.4386), 0), ('763', np.float64(17.1369), 2), ('641', np.float64(16.8167), 0), ('928', np.float64(16.2562), 0)]",0.4,0.5714285714285714,0.47058823529411764,0.28344587835134055
146,BM25,1,1,"[('955', np.float64(30.1287), -1), ('1045', np.float64(28.3047), 3), ('840', np.float64(24.7708), 1), ('641', np.float64(21.8461), 0), ('1175', np.float64(20.1588), 0), ('854', np.float64(19.1929), 0), ('730', np.float64(18.591), 0), ('1130', np.float64(14.4658), 0), ('1134', np.float64(12.9661), 0), ('1178', np.float64(12.7412), 0)]",0.2,1.0,0.33333333333333337,0.5833333333333333
147,BM25,1,1,"[('956', np.float64(41.4477), -1), ('1049', np.float64(23.7359), 4), ('1050', np.float64(23.5862), 3), ('1069', np.float64(19.0539), 0), ('843', np.float64(17.0146), 3), ('1171', np.float64(16.7893), 0), ('1358', np.float64(15.997), 0), ('1128', np.float64(15.2863), 0), ('1145', np.float64(15.1721), 0), ('889', np.float64(14.9631), 3)]",0.4,0.4,0.4000000000000001,0.26230060218463647
148,BM25,1,1,"[('956', np.float64(23.0335), -1), ('1048', np.float64(22.2655), 2), ('1126', np.float64(20.6774), 0), ('1050', np.float64(19.8277), 2), ('928', np.float64(15.6206), 0), ('1127', np.float64(15.4987), 0), ('1051', np.float64(15.1884), 0), ('827', np.float64(14.3357), 0), ('761', np.float64(14.0666), 0), ('826', np.float64(13.8618), 0)]",0.2,0.3333333333333333,0.25,0.211903302193741
149,BM25,1,1,"[('930', np.float64(20.7277), 3), ('1070', np.float64(17.1073), 0), ('1058', np.float64(16.0577), 3), ('926', np.float64(15.6168), 0), ('1068', np.float64(15.1316), 0), ('1053', np.float64(14.7381), 0), ('1059', np.float64(13.5151), 3), ('931', np.float64(13.0914), 3), ('1363', np.float64(11.9026), 0), ('1051', np.float64(11.847), 0)]",0.4,0.36363636363636365,0.380952380952381,0.4035931278206189
150,BM25,1,1,"[('1074', np.float64(29.2862), 3), ('1062', np.float64(28.0441), -1), ('1075', np.float64(26.4177), 3), ('1202', np.float64(18.957), 0), ('1108', np.float64(17.3393), 0), ('124', np.float64(16.9947), 0), ('923', np.float64(16.7722), 0), ('1259', np.float64(16.1363), 0), ('970', np.float64(15.3174), 0), ('1243', np.float64(15.2702), 0)]",0.2,1.0,0.33333333333333337,0.8333333333333333
151,BM25,1,1,"[('433', np.float64(12.2359), 0), ('251', np.float64(11.1356), 0), ('1246', np.float64(11.1195), 0), ('287', np.float64(10.8586), 0), ('465', np.float64(10.6586), 0), ('678', np.float64(10.5391), 0), ('1062', np.float64(10.536), -1), ('1333', np.float64(10.3282), 0), ('101', np.float64(10.2178), 0), ('676', np.float64(10.1594), 0)]",0.0,0.0,0.0,0.03157781708526204
152,BM25,1,1,"[('671', np.float64(15.8447), 0), ('1225', np.float64(13.7601), 0), ('336', np.float64(11.9862), 0), ('189', np.float64(11.8363), 0), ('333', np.float64(11.1507), 0), ('205', np.float64(10.6985), 0), ('696', np.float64(10.693), 0), ('794', np.float64(10.5692), 0), ('1355', np.float64(10.1566), 0), ('304', np.float64(10.0948), 0)]",0.0,0.0,0.0,0.011684838370057021
153,BM25,1,1,"[('1063', np.float64(23.9258), -1), ('1085', np.float64(16.8518), 3), ('1082', np.float64(15.6911), 4), ('1081', np.float64(15.3782), 4), ('394', np.float64(13.9398), 0), ('393', np.float64(13.7124), 0), ('323', np.float64(12.9238), 0), ('117', np.float64(11.5513), 0), ('329', np.float64(11.2616), 0), ('1235', np.float64(10.9112), 0)]",0.3,0.42857142857142855,0.3529411764705882,0.31976344057096767
154,BM25,1,1,"[('1088', np.float64(31.9042), 3), ('1054', np.float64(20.1259), 0), ('832', np.float64(18.0643), 0), ('1087', np.float64(18.0227), 2), ('1086', np.float64(16.8875), 0), ('111', np.float64(16.6328), 0), ('1063', np.float64(16.4674), -1), ('584', np.float64(16.2932), 0), ('1055', np.float64(15.2927), 0), ('1053', np.float64(14.8262), 0)]",0.2,1.0,0.33333333333333337,0.75
155,BM25,1,1,"[('1101', np.float64(13.4455), 3), ('1065', np.float64(13.1516), -1), ('553', np.float64(11.461), 0), ('806', np.float64(10.9981), 0), ('805', np.float64(10.1419), 0), ('1096', np.float64(9.5033), 0), ('1099', np.float64(9.1996), 4), ('804', np.float64(8.8363), 0), ('1097', np.float64(8.6661), 0), ('1100', np.float64(8.4856), 2)]",0.3,0.5,0.37499999999999994,0.2676181461249191
156,BM25,1,1,"[('1096', np.float64(22.9871), 3), ('1097', np.float64(20.2243), 2), ('553', np.float64(19.969), 2), ('1099', np.float64(19.5713), 3), ('1065', np.float64(18.8093), -1), ('1100', np.float64(17.5658), 2), ('1098', np.float64(17.5593), 3), ('1279', np.float64(14.5091), 0), ('1117', np.float64(13.3157), 0), ('82', np.float64(12.6349), 3)]",0.7,0.5,0.5833333333333334,0.5359050247623051
157,BM25,1,1,"[('1006', np.float64(26.2059), -1), ('25', np.float64(23.9839), 2), ('160', np.float64(23.6654), 3), ('1393', np.float64(22.8612), 0), ('318', np.float64(22.1996), 3), ('626', np.float64(20.6835), 2), ('456', np.float64(20.4403), 2), ('1179', np.float64(20.2324), 0), ('688', np.float64(20.0874), 0), ('370', np.float64(19.7623), 3)]",0.6,0.15384615384615385,0.2448979591836735,0.32188774220935934
158,BM25,1,1,"[('302', np.float64(13.2197), 1), ('691', np.float64(10.6761), 0), ('552', np.float64(10.6336), 2), ('949', np.float64(10.3013), 0), ('1199', np.float64(9.5656), 0), ('328', np.float64(9.5108), 0), ('1011', np.float64(9.3002), 1), ('1230', np.float64(8.9761), 0), ('982', np.float64(8.9075), 0), ('1010', np.float64(8.818), 3)]",0.4,0.5,0.4444444444444445,0.3553898007618515
159,BM25,1,1,"[('1066', np.float64(31.5327), -1), ('1197', np.float64(19.4066), 0), ('1259', np.float64(16.921), 0), ('1339', np.float64(16.889), 0), ('801', np.float64(16.4631), 0), ('846', np.float64(16.2122), 0), ('1112', np.float64(16.2079), 3), ('42', np.float64(15.958), 0), ('1115', np.float64(15.5819), 4), ('716', np.float64(13.1409), 0)]",0.2,0.25,0.22222222222222224,0.07768851803602389
160,BM25,1,1,"[('1071', np.float64(52.3142), -1), ('1134', np.float64(41.8951), 3), ('741', np.float64(38.0186), 0), ('885', np.float64(37.7756), 0), ('887', np.float64(37.229), 0), ('890', np.float64(36.1684), 0), ('1172', np.float64(35.726), 0), ('769', np.float64(35.1471), 0), ('763', np.float64(31.8181), 0), ('740', np.float64(31.642), 0)]",0.1,0.2,0.13333333333333333,0.11991008038198443
161,BM25,1,1,"[('1386', np.float64(33.9522), 2), ('54', np.float64(28.9243), 2), ('55', np.float64(27.7562), 4), ('460', np.float64(26.3539), 0), ('145', np.float64(24.9937), 0), ('1192', np.float64(23.5023), 0), ('366', np.float64(23.3041), 0), ('784', np.float64(22.9414), 0), ('461', np.float64(22.8176), 0), ('1185', np.float64(22.6564), 0)]",0.3,0.5,0.37499999999999994,0.5360608619961562
162,BM25,1,1,"[('55', np.float64(25.3721), 0), ('460', np.float64(24.4442), 2), ('366', np.float64(22.5815), 0), ('1386', np.float64(22.1547), 0), ('1182', np.float64(21.8586), 0), ('489', np.float64(21.7912), -1), ('54', np.float64(21.7616), 3), ('145', np.float64(21.5078), 0), ('62', np.float64(21.4031), 0), ('559', np.float64(21.3928), 0)]",0.2,0.25,0.22222222222222224,0.2229511278195489
163,BM25,1,1,"[('492', np.float64(32.7216), -1), ('232', np.float64(24.7779), 0), ('56', np.float64(22.9607), 3), ('57', np.float64(21.4778), 3), ('373', np.float64(20.9971), 0), ('1231', np.float64(20.8743), 0), ('688', np.float64(18.2375), 0), ('124', np.float64(17.6449), 0), ('37', np.float64(17.2413), 0), ('27', np.float64(15.9908), 0)]",0.2,0.6666666666666666,0.30769230769230765,0.2986111111111111
164,BM25,1,1,"[('311', np.float64(18.2021), 2), ('316', np.float64(14.8629), 4), ('415', np.float64(14.6177), 3), ('503', np.float64(14.0573), -1), ('358', np.float64(13.4084), 0), ('439', np.float64(13.4068), 0), ('416', np.float64(12.8063), 3), ('291', np.float64(12.4918), 0), ('1257', np.float64(12.457), 0), ('265', np.float64(12.1913), 0)]",0.4,0.5,0.4444444444444445,0.5116986210628451
165,BM25,1,1,"[('504', np.float64(20.9026), -1), ('71', np.float64(17.4683), 1), ('209', np.float64(14.6491), 0), ('72', np.float64(13.878), 1), ('569', np.float64(13.4235), 0), ('1375', np.float64(12.0919), 0), ('417', np.float64(11.9391), 0), ('335', np.float64(11.9196), 0), ('1276', np.float64(11.6804), 0), ('491', np.float64(11.1595), 0)]",0.2,1.0,0.33333333333333337,0.5
166,BM25,1,1,"[('504', np.float64(22.1363), -1), ('209', np.float64(15.5111), 0), ('71', np.float64(14.2592), 0), ('1302', np.float64(13.1993), 0), ('569', np.float64(13.0905), 0), ('207', np.float64(12.2875), 2), ('334', np.float64(12.1705), 0), ('72', np.float64(11.9757), 0), ('55', np.float64(11.7276), 0), ('1276', np.float64(11.6804), 0)]",0.1,0.125,0.11111111111111112,0.05349179493396289
167,BM25,1,1,"[('553', np.float64(33.0067), 0), ('274', np.float64(29.3807), 2), ('1279', np.float64(28.4987), 0), ('82', np.float64(25.1206), 3), ('1100', np.float64(24.4072), 0), ('1098', np.float64(24.197), 0), ('1099', np.float64(23.5851), 0), ('1096', np.float64(23.1181), 0), ('1097', np.float64(23.1113), 0), ('1101', np.float64(22.5082), 0)]",0.2,1.0,0.33333333333333337,0.5
168,BM25,1,1,"[('750', np.float64(31.5842), -1), ('341', np.float64(25.337), 0), ('118', np.float64(25.3146), 0), ('965', np.float64(23.733), 0), ('157', np.float64(21.7109), 0), ('217', np.float64(19.42), 1), ('696', np.float64(17.8493), 0), ('127', np.float64(16.5958), 0), ('136', np.float64(15.3294), 0), ('656', np.float64(15.1911), 0)]",0.1,0.5,0.16666666666666669,0.12037037037037036
169,BM25,1,1,"[('750', np.float64(35.5157), -1), ('118', np.float64(27.7657), 1), ('341', np.float64(27.0417), 0), ('157', np.float64(25.1479), 1), ('965', np.float64(24.4074), 0), ('217', np.float64(23.124), 0), ('127', np.float64(20.1042), 0), ('472', np.float64(17.8642), 0), ('213', np.float64(16.6699), 0), ('970', np.float64(15.6395), 0)]",0.2,0.5,0.28571428571428575,0.3050761421319797
170,BM25,1,1,"[('238', np.float64(35.5569), 2), ('893', np.float64(32.7331), -1), ('904', np.float64(30.495), 3), ('239', np.float64(29.3577), 3), ('1082', np.float64(24.0768), 0), ('905', np.float64(23.8105), 0), ('139', np.float64(21.5249), 2), ('223', np.float64(17.26), 0), ('140', np.float64(16.8411), 0), ('165', np.float64(15.4341), 0)]",0.4,0.6666666666666666,0.5,0.5602134793311264
171,BM25,1,1,"[('516', np.float64(38.6016), -1), ('431', np.float64(31.208), 1), ('714', np.float64(25.7884), 0), ('1066', np.float64(25.7699), 0), ('252', np.float64(24.4487), 1), ('904', np.float64(23.6916), 0), ('141', np.float64(23.5766), 4), ('800', np.float64(23.4431), 0), ('755', np.float64(22.7853), 0), ('631', np.float64(20.9015), 0)]",0.3,1.0,0.4615384615384615,0.44285714285714284
172,BM25,1,1,"[('527', np.float64(23.3316), -1), ('320', np.float64(23.0694), 1), ('322', np.float64(19.9586), 3), ('321', np.float64(19.5785), 1), ('476', np.float64(18.8016), 3), ('478', np.float64(16.4995), 0), ('107', np.float64(13.8991), 0), ('1370', np.float64(13.0523), 0), ('1235', np.float64(12.637), 0), ('266', np.float64(10.5139), 0)]",0.4,1.0,0.5714285714285715,0.6791666666666667
173,BM25,1,1,"[('367', np.float64(23.8444), 1), ('451', np.float64(20.9135), 1), ('532', np.float64(19.7359), -1), ('917', np.float64(12.9778), 0), ('767', np.float64(12.7827), 0), ('251', np.float64(11.8915), 0), ('155', np.float64(11.7534), 0), ('1067', np.float64(11.7222), 0), ('1320', np.float64(11.597), 0), ('777', np.float64(11.5726), 0)]",0.2,1.0,0.33333333333333337,1.0
174,BM25,1,1,"[('483', np.float64(16.535), 0), ('523', np.float64(16.4293), 0), ('501', np.float64(16.3113), 0), ('1157', np.float64(15.6843), 0), ('411', np.float64(15.4619), 1), ('35', np.float64(15.1642), 0), ('1390', np.float64(14.9432), 0), ('1319', np.float64(14.4441), 0), ('1274', np.float64(13.6956), 0), ('1151', np.float64(13.6757), 0)]",0.1,0.2,0.13333333333333333,0.08004575188532985
175,BM25,1,1,"[('941', np.float64(14.0352), -1), ('1221', np.float64(13.675), 0), ('139', np.float64(11.8381), 0), ('491', np.float64(11.6056), 0), ('1082', np.float64(11.0478), 0), ('34', np.float64(10.5397), 0), ('1080', np.float64(9.8696), 0), ('270', np.float64(9.5925), 0), ('1222', np.float64(9.5464), 0), ('666', np.float64(9.4544), 0)]",0.0,0.0,0.0,0.05463342804422859
176,BM25,1,1,"[('542', np.float64(20.3385), -1), ('963', np.float64(18.4869), 0), ('869', np.float64(13.5345), 0), ('1221', np.float64(12.8012), 0), ('606', np.float64(12.7367), 0), ('872', np.float64(12.4828), 0), ('5', np.float64(12.4595), 0), ('586', np.float64(12.4208), 1), ('1073', np.float64(12.4034), 0), ('497', np.float64(11.5092), 0)]",0.1,0.14285714285714285,0.11764705882352941,0.07710039839228865
177,BM25,1,1,"[('589', np.float64(27.9412), 2), ('588', np.float64(26.5654), 2), ('576', np.float64(20.5411), 0), ('578', np.float64(19.7872), 0), ('543', np.float64(19.5859), -1), ('590', np.float64(19.1691), 4), ('138', np.float64(17.7633), 0), ('592', np.float64(16.2212), 3), ('426', np.float64(15.1685), 0), ('216', np.float64(14.9563), 0)]",0.4,0.8,0.5333333333333333,0.6909090909090909
178,BM25,1,1,"[('591', np.float64(22.5349), 1), ('543', np.float64(11.813), -1), ('216', np.float64(11.767), 0), ('31', np.float64(11.3383), 0), ('590', np.float64(11.275), 3), ('772', np.float64(11.1474), 0), ('138', np.float64(11.0478), 0), ('592', np.float64(10.9978), 0), ('426', np.float64(10.9821), 0), ('589', np.float64(10.9794), 4)]",0.3,0.75,0.4285714285714285,0.49642857142857144
179,BM25,1,1,"[('633', np.float64(30.1209), -1), ('680', np.float64(29.4833), 3), ('682', np.float64(29.0687), 3), ('918', np.float64(26.5277), 0), ('428', np.float64(25.1265), 0), ('224', np.float64(24.4907), 0), ('1080', np.float64(22.3337), 0), ('147', np.float64(21.662), 0), ('753', np.float64(21.4068), 0), ('122', np.float64(20.2715), 0)]",0.2,0.5,0.28571428571428575,0.30789800995024874
180,BM25,1,1,"[('548', np.float64(23.5377), -1), ('617', np.float64(18.0428), 4), ('622', np.float64(17.8216), 2), ('616', np.float64(17.7621), 4), ('719', np.float64(10.4957), 0), ('218', np.float64(10.3254), 0), ('882', np.float64(10.3081), 0), ('1103', np.float64(10.1781), 0), ('1391', np.float64(10.0403), 0), ('620', np.float64(9.098), 3)]",0.4,0.5714285714285714,0.47058823529411764,0.468529836176895
181,BM25,1,1,"[('997', np.float64(14.4085), 3), ('993', np.float64(13.5024), 0), ('131', np.float64(12.2618), 0), ('1074', np.float64(11.4679), 0), ('176', np.float64(11.412), 0), ('696', np.float64(11.3075), 0), ('970', np.float64(11.1324), 0), ('243', np.float64(11.1236), 0), ('610', np.float64(10.8182), 0), ('409', np.float64(10.6441), 2)]",0.2,0.4,0.26666666666666666,0.2665649287205223
182,BM25,1,1,"[('634', np.float64(63.1739), -1), ('685', np.float64(48.9278), 1), ('686', np.float64(30.6429), 3), ('593', np.float64(22.9226), 0), ('712', np.float64(21.8646), 0), ('597', np.float64(18.5294), 0), ('1290', np.float64(18.1412), 0), ('1300', np.float64(17.9054), 0), ('1338', np.float64(17.1002), 0), ('856', np.float64(17.0854), 0)]",0.2,1.0,0.33333333333333337,0.5833333333333333
183,BM25,1,1,"[('809', np.float64(14.9434), 1), ('804', np.float64(14.0203), 4), ('758', np.float64(13.7526), -1), ('806', np.float64(12.5868), 4), ('811', np.float64(12.205), 3), ('808', np.float64(12.1371), 1), ('1243', np.float64(11.9369), 4), ('1226', np.float64(11.8347), 0), ('88', np.float64(11.0661), 0), ('883', np.float64(10.2996), 0)]",0.6,0.46153846153846156,0.5217391304347826,0.6308080705022138
184,BM25,1,1,"[('715', np.float64(14.6602), 3), ('82', np.float64(14.1135), 0), ('207', np.float64(13.8366), 0), ('716', np.float64(13.611), 3), ('515', np.float64(12.9915), 0), ('554', np.float64(12.824), 0), ('509', np.float64(12.4044), 0), ('1217', np.float64(11.1139), 0), ('1219', np.float64(10.5207), 0), ('164', np.float64(9.7616), 0)]",0.2,0.2857142857142857,0.23529411764705882,0.32691594120165546
185,BM25,1,1,"[('856', np.float64(19.3129), 3), ('857', np.float64(17.1706), 2), ('766', np.float64(15.8677), 2), ('1008', np.float64(15.6116), 3), ('858', np.float64(15.5772), 2), ('390', np.float64(14.0882), 0), ('859', np.float64(13.7732), 2), ('658', np.float64(13.7678), 0), ('948', np.float64(13.6491), -1), ('391', np.float64(13.4018), 0)]",0.6,0.6666666666666666,0.631578947368421,0.836614774114774
186,BM25,1,1,"[('1243', np.float64(16.2511), 0), ('1074', np.float64(15.785), 3), ('230', np.float64(15.1244), 0), ('229', np.float64(15.1197), 0), ('1239', np.float64(14.8886), 0), ('1062', np.float64(14.2549), 3), ('1075', np.float64(14.1775), 3), ('803', np.float64(13.421), 0), ('923', np.float64(13.4065), 3), ('252', np.float64(12.9824), 0)]",0.4,0.25,0.3076923076923077,0.1705525678920644
187,BM25,1,1,"[('763', np.float64(30.2182), -1), ('839', np.float64(24.4845), 3), ('1126', np.float64(23.567), 0), ('1068', np.float64(23.2064), 0), ('841', np.float64(22.0854), 0), ('743', np.float64(22.0751), 4), ('1172', np.float64(21.8426), 0), ('887', np.float64(21.7907), 0), ('847', np.float64(21.4408), 0), ('955', np.float64(21.0579), 0)]",0.2,0.3333333333333333,0.25,0.18694862143190172
188,BM25,1,1,"[('725', np.float64(30.6298), 2), ('640', np.float64(22.6363), -1), ('722', np.float64(22.0599), 2), ('720', np.float64(21.7647), 0), ('908', np.float64(18.4196), 0), ('909', np.float64(17.8064), 3), ('911', np.float64(17.04), 2), ('729', np.float64(15.2919), 2), ('102', np.float64(14.4797), 0), ('220', np.float64(14.3087), 0)]",0.5,0.45454545454545453,0.47619047619047616,0.40962644582501095
189,BM25,1,1,"[('767', np.float64(27.385), -1), ('640', np.float64(16.5498), 0), ('883', np.float64(14.8212), 0), ('870', np.float64(13.6323), 3), ('865', np.float64(12.9745), 3), ('1334', np.float64(12.5613), 0), ('907', np.float64(12.4326), 0), ('881', np.float64(12.4022), 0), ('833', np.float64(11.9464), 0), ('925', np.float64(11.8732), 0)]",0.2,0.2222222222222222,0.2105263157894737,0.14148026892264814
190,BM25,1,1,"[('390', np.float64(29.6275), 3), ('856', np.float64(22.92), 0), ('627', np.float64(21.4658), 0), ('1339', np.float64(21.418), 0), ('15', np.float64(21.4006), 1), ('52', np.float64(20.3699), 0), ('1008', np.float64(19.1523), 0), ('911', np.float64(18.7113), 0), ('391', np.float64(18.3624), 1), ('769', np.float64(18.3176), 0)]",0.3,0.6,0.4,0.40651093807934735
191,BM25,1,1,"[('766', np.float64(20.1088), 0), ('627', np.float64(17.6241), 0), ('827', np.float64(17.5456), 0), ('894', np.float64(15.6371), -1), ('658', np.float64(15.2425), 3), ('15', np.float64(14.7426), 3), ('1392', np.float64(14.4656), 0), ('856', np.float64(14.2631), 3), ('541', np.float64(14.0194), 0), ('1008', np.float64(13.8297), 4)]",0.4,0.3076923076923077,0.34782608695652173,0.38934270815238237
192,BM25,1,1,"[('733', np.float64(16.3926), 1), ('641', np.float64(15.6172), -1), ('734', np.float64(15.0197), 1), ('925', np.float64(12.3355), 0), ('735', np.float64(11.1521), 1), ('1173', np.float64(9.7417), 0), ('875', np.float64(9.0928), 0), ('1184', np.float64(8.3855), 0), ('1057', np.float64(8.3355), 0), ('1170', np.float64(8.2163), 0)]",0.3,0.75,0.4285714285714285,0.5929824561403508
193,BM25,1,1,"[('730', np.float64(18.6905), 3), ('733', np.float64(17.877), 4), ('734', np.float64(15.9776), 4), ('422', np.float64(15.1229), 3), ('641', np.float64(14.9067), -1), ('736', np.float64(14.0853), 4), ('648', np.float64(13.9236), 3), ('735', np.float64(13.0493), 4), ('1392', np.float64(12.0447), 3), ('424', np.float64(11.8218), 0)]",0.8,0.8888888888888888,0.8421052631578948,0.8321237904571237
194,BM25,1,1,"[('642', np.float64(40.5146), -1), ('932', np.float64(35.058), 0), ('888', np.float64(30.987), 0), ('744', np.float64(30.053), 3), ('1172', np.float64(29.9376), 0), ('1126', np.float64(29.2332), 0), ('1173', np.float64(28.7493), 0), ('1178', np.float64(28.5807), 0), ('957', np.float64(28.3326), 0), ('769', np.float64(26.9523), 0)]",0.1,0.16666666666666666,0.125,0.1932570118053989
195,BM25,1,1,"[('642', np.float64(36.425), -1), ('744', np.float64(30.1079), 0), ('1173', np.float64(29.522), 0), ('1055', np.float64(28.4183), 0), ('932', np.float64(27.0302), 0), ('739', np.float64(25.9545), 3), ('831', np.float64(25.6196), 0), ('1145', np.float64(23.4422), 0), ('888', np.float64(22.914), 0), ('777', np.float64(22.9018), 0)]",0.1,0.3333333333333333,0.15384615384615383,0.09495772946859904
196,BM25,1,1,"[('184', np.float64(15.3238), -1), ('746', np.float64(14.9728), 3), ('486', np.float64(13.4038), 0), ('1237', np.float64(12.6245), 0), ('51', np.float64(11.763), 2), ('1361', np.float64(11.67), 0), ('102', np.float64(11.5512), 0), ('1323', np.float64(11.404), 0), ('875', np.float64(11.2229), 2), ('44', np.float64(10.6284), 0)]",0.3,0.25,0.2727272727272727,0.14493712422015217
197,BM25,1,1,"[('884', np.float64(25.0066), 3), ('723', np.float64(18.8915), 0), ('881', np.float64(17.9413), 2), ('768', np.float64(15.3745), -1), ('726', np.float64(15.0546), 0), ('865', np.float64(14.3343), 0), ('640', np.float64(13.3354), 0), ('746', np.float64(13.2652), 0), ('909', np.float64(11.9314), 0), ('724', np.float64(11.8092), 0)]",0.2,0.6666666666666666,0.30769230769230765,0.6222222222222221
198,BM25,1,1,"[('889', np.float64(20.0554), 2), ('887', np.float64(17.6323), 2), ('1068', np.float64(17.5609), 0), ('743', np.float64(17.5566), 0), ('740', np.float64(17.346), 0), ('1126', np.float64(17.0109), 0), ('886', np.float64(16.7358), 0), ('739', np.float64(16.0415), 0), ('1174', np.float64(16.0251), 0), ('843', np.float64(16.0006), 3)]",0.3,0.75,0.4285714285714285,0.5789370078740157
199,BM25,1,1,"[('930', np.float64(18.1704), 0), ('739', np.float64(17.1646), 0), ('1070', np.float64(16.1893), 0), ('931', np.float64(16.0368), 0), ('744', np.float64(15.5308), 2), ('1058', np.float64(14.0311), 0), ('1362', np.float64(13.6598), 0), ('1294', np.float64(12.9763), 0), ('833', np.float64(12.4325), 0), ('1055', np.float64(12.3544), 2)]",0.2,0.25,0.22222222222222224,0.11478792963375727
200,BM25,1,1,"[('1071', np.float64(28.7297), -1), ('1053', np.float64(23.2092), 0), ('1134', np.float64(21.6008), 2), ('889', np.float64(17.1354), 0), ('885', np.float64(15.8847), 0), ('760', np.float64(15.7828), 0), ('1068', np.float64(15.6726), 0), ('843', np.float64(15.2313), 0), ('1137', np.float64(14.9379), 2), ('1362', np.float64(14.8796), 0)]",0.2,0.6666666666666666,0.30769230769230765,0.23781676413255362
201,BM25,1,1,"[('625', np.float64(24.9717), 2), ('1297', np.float64(17.9446), 0), ('401', np.float64(17.7139), 3), ('1296', np.float64(16.568), 2), ('1217', np.float64(15.8654), 0), ('716', np.float64(15.1217), 0), ('1219', np.float64(15.0186), 0), ('318', np.float64(14.7526), 3), ('1279', np.float64(14.5996), 0), ('410', np.float64(14.4392), 0)]",0.4,0.25,0.3076923076923077,0.31104556858349475
202,BM25,1,1,"[('1285', np.float64(24.1426), -1), ('1310', np.float64(18.9439), 4), ('232', np.float64(15.9053), 4), ('1309', np.float64(15.1951), 2), ('186', np.float64(15.0679), 0), ('1231', np.float64(14.84), 0), ('122', np.float64(14.0329), 0), ('294', np.float64(13.9273), 0), ('1356', np.float64(13.6192), 0), ('605', np.float64(13.5006), 3)]",0.4,0.2857142857142857,0.3333333333333333,0.21071431592789916
203,BM25,1,1,"[('1285', np.float64(13.2902), -1), ('58', np.float64(12.977), 3), ('211', np.float64(11.6941), 0), ('1231', np.float64(11.3992), 0), ('38', np.float64(11.2428), 0), ('1308', np.float64(11.1177), 0), ('1262', np.float64(10.7499), 0), ('370', np.float64(10.6562), 0), ('1074', np.float64(10.2664), 0), ('1310', np.float64(10.068), 3)]",0.2,0.14285714285714285,0.16666666666666666,0.11586918470612237
204,BM25,1,1,"[('147', np.float64(12.0951), 0), ('443', np.float64(9.6354), 0), ('1080', np.float64(9.6216), 0), ('208', np.float64(9.348), 0), ('573', np.float64(9.1575), 0), ('133', np.float64(8.4251), 0), ('1229', np.float64(8.4137), 0), ('496', np.float64(7.9057), 0), ('1310', np.float64(7.8103), 0), ('310', np.float64(7.6786), 0)]",0.0,0.0,0.0,0.04503010618895569
205,BM25,1,1,"[('1321', np.float64(19.634), 2), ('1287', np.float64(16.4988), -1), ('78', np.float64(15.0383), 0), ('1323', np.float64(14.7351), 0), ('1322', np.float64(13.9892), 2), ('337', np.float64(13.3169), 0), ('55', np.float64(13.2817), 0), ('73', np.float64(12.7898), 0), ('1381', np.float64(12.4413), 0), ('207', np.float64(12.3962), 0)]",0.2,1.0,0.33333333333333337,0.7
206,BM25,1,1,"[('1290', np.float64(48.2306), -1), ('879', np.float64(24.6785), 0), ('1338', np.float64(24.598), 2), ('252', np.float64(21.0988), 0), ('1336', np.float64(20.6864), 0), ('1341', np.float64(19.7235), 2), ('598', np.float64(19.1175), 0), ('876', np.float64(19.017), 0), ('467', np.float64(18.57), 0), ('312', np.float64(18.3472), 0)]",0.2,0.6666666666666666,0.30769230769230765,0.22441040602966203
207,BM25,1,1,"[('365', np.float64(14.2412), 0), ('189', np.float64(12.6964), 0), ('441', np.float64(11.5186), 0), ('76', np.float64(10.4542), 0), ('678', np.float64(10.3301), 0), ('1188', np.float64(10.009), 0), ('439', np.float64(9.7459), 0), ('679', np.float64(9.449), 0), ('695', np.float64(9.3584), 0), ('434', np.float64(9.3111), 0)]",0.0,0.0,0.0,0.02347044551932823
208,BM25,1,1,"[('1291', np.float64(57.6377), -1), ('1344', np.float64(38.0845), 3), ('163', np.float64(31.9798), 3), ('1345', np.float64(23.8546), 3), ('1347', np.float64(22.8058), 4), ('1346', np.float64(21.5461), 3), ('1352', np.float64(21.0362), 0), ('716', np.float64(21.0348), 0), ('1219', np.float64(20.3216), 0), ('1217', np.float64(20.0175), 0)]",0.5,0.8333333333333334,0.625,0.6750000000000002
209,BM25,1,1,"[('798', np.float64(17.89), 0), ('959', np.float64(17.3512), 0), ('1364', np.float64(15.2376), 0), ('461', np.float64(15.0115), 0), ('996', np.float64(14.3869), 0), ('358', np.float64(14.219), 0), ('1383', np.float64(14.1477), 3), ('526', np.float64(14.0788), 0), ('55', np.float64(13.8488), 4), ('89', np.float64(13.7172), 0)]",0.2,0.16666666666666666,0.1818181818181818,0.13151599025508628
210,BM25,1,1,"[('1172', np.float64(46.7048), 3), ('1145', np.float64(43.2111), -1), ('1171', np.float64(36.2751), 2), ('1126', np.float64(27.8982), 0), ('743', np.float64(25.4632), 0), ('1068', np.float64(24.8358), 0), ('956', np.float64(24.1885), 0), ('739', np.float64(24.0226), 0), ('1132', np.float64(23.5344), 0), ('938', np.float64(23.3561), 0)]",0.2,0.3333333333333333,0.25,0.34131548396815564
211,BM25,1,1,"[('739', np.float64(22.4666), 0), ('1117', np.float64(19.223), 0), ('897', np.float64(17.7193), 0), ('852', np.float64(17.4815), 0), ('743', np.float64(17.3892), 0), ('1051', np.float64(17.1556), 0), ('1145', np.float64(16.8964), -1), ('887', np.float64(16.7851), 0), ('885', np.float64(16.5014), 0), ('1172', np.float64(16.4678), 2)]",0.1,0.09090909090909091,0.09523809523809525,0.13886381226604816
212,BM25,1,1,"[('1178', np.float64(34.8547), 2), ('1177', np.float64(33.4548), 4), ('888', np.float64(32.825), 2), ('838', np.float64(25.0598), 0), ('1293', np.float64(24.2622), 0), ('1176', np.float64(23.0136), 4), ('1132', np.float64(21.2288), 0), ('886', np.float64(20.9364), 3), ('1070', np.float64(20.0102), 0), ('885', np.float64(19.8713), 3)]",0.6,0.42857142857142855,0.5,0.5053733706154167
213,BM25,1,1,"[('769', np.float64(24.4567), 3), ('885', np.float64(23.5802), 2), ('888', np.float64(21.7677), 1), ('1173', np.float64(21.3827), 3), ('1146', np.float64(20.9246), -1), ('741', np.float64(20.1633), 0), ('1116', np.float64(19.2572), 0), ('887', np.float64(18.0433), 2), ('765', np.float64(17.0705), 0), ('1178', np.float64(16.5916), 3)]",0.6,0.5454545454545454,0.5714285714285713,0.5984015400044869
214,BM25,1,1,"[('1294', np.float64(32.2374), -1), ('828', np.float64(19.5231), 0), ('1362', np.float64(19.3517), 3), ('831', np.float64(16.2369), 0), ('739', np.float64(15.0677), 0), ('1036', np.float64(14.1913), 0), ('930', np.float64(14.0339), 0), ('1154', np.float64(13.7693), 0), ('1126', np.float64(13.331), 0), ('47', np.float64(12.7395), 0)]",0.1,0.25,0.14285714285714288,0.11471552713559599
215,BM25,1,1,"[('535', np.float64(28.681), -1), ('1234', np.float64(20.6815), 0), ('1205', np.float64(19.433), 0), ('332', np.float64(18.4669), 0), ('25', np.float64(18.3056), 0), ('1253', np.float64(17.9747), 0), ('1204', np.float64(16.6194), 0), ('666', np.float64(15.3582), 0), ('456', np.float64(15.1929), 0), ('1198', np.float64(15.0118), 0)]",0.0,0.0,0.0,0.05570291777188329
216,BM25,1,1,"[('693', np.float64(14.3652), 0), ('958', np.float64(14.3566), 0), ('692', np.float64(14.289), 0), ('175', np.float64(13.4254), 0), ('1156', np.float64(13.2818), 0), ('39', np.float64(12.8976), 0), ('1225', np.float64(12.5226), 0), ('695', np.float64(12.0619), 0), ('1319', np.float64(11.8931), 0), ('1220', np.float64(11.4681), 0)]",0.0,0.0,0.0,0.002770083102493075
217,BM25,1,1,"[('1213', np.float64(15.6688), 3), ('1307', np.float64(15.1764), 0), ('655', np.float64(14.9694), 0), ('983', np.float64(14.891), 0), ('1161', np.float64(14.8041), 0), ('666', np.float64(14.2173), 1), ('559', np.float64(14.1492), 3), ('323', np.float64(13.823), 0), ('1263', np.float64(13.5986), 0), ('44', np.float64(13.5878), 0)]",0.3,0.2,0.24,0.23794340066874956
218,BM25,1,1,"[('559', np.float64(12.9828), 3), ('1393', np.float64(12.1413), 1), ('154', np.float64(11.8418), 0), ('655', np.float64(11.8229), 0), ('983', np.float64(11.5061), 0), ('323', np.float64(11.4994), 0), ('666', np.float64(11.3223), 3), ('670', np.float64(11.162), 0), ('295', np.float64(11.1257), 0), ('101', np.float64(11.1164), 1)]",0.4,0.26666666666666666,0.32,0.32731473251102405
219,BM25,1,1,"[('1221', np.float64(12.7163), 0), ('208', np.float64(11.9674), 0), ('1222', np.float64(11.3976), 0), ('992', np.float64(10.7423), 0), ('993', np.float64(10.2822), 0), ('530', np.float64(10.0234), 0), ('299', np.float64(9.9769), 0), ('371', np.float64(9.8925), 0), ('7', np.float64(9.4576), 0), ('1082', np.float64(9.3819), 0)]",0.0,0.0,0.0,0.038792594248975514
220,BM25,1,1,"[('292', np.float64(19.9437), 3), ('458', np.float64(18.1151), 4), ('16', np.float64(17.7068), 0), ('1375', np.float64(17.5268), 0), ('325', np.float64(16.7327), 0), ('461', np.float64(16.0882), 0), ('242', np.float64(16.0399), 0), ('1182', np.float64(15.8835), -1), ('1192', np.float64(15.8408), 0), ('527', np.float64(15.7946), 0)]",0.2,0.10526315789473684,0.13793103448275862,0.2333676167424521
221,BM25,1,1,"[('1366', np.float64(16.597), 3), ('292', np.float64(15.6394), 3), ('458', np.float64(14.2293), 3), ('435', np.float64(14.169), 0), ('1225', np.float64(14.1558), 0), ('1182', np.float64(14.0966), -1), ('1371', np.float64(13.9493), 0), ('754', np.float64(13.8536), 0), ('579', np.float64(13.6012), 0), ('1386', np.float64(13.5371), 4)]",0.4,0.2222222222222222,0.2857142857142857,0.26500850816544874
222,BM25,1,1,"[('1400', np.float64(21.7742), 3), ('419', np.float64(19.5905), 3), ('1399', np.float64(18.2972), 4), ('1398', np.float64(18.1042), 4), ('1130', np.float64(17.1705), 0), ('1396', np.float64(16.2286), -1), ('1387', np.float64(14.7924), 3), ('1358', np.float64(13.8598), 0), ('1397', np.float64(13.7917), 3), ('1357', np.float64(13.5767), 0)]",0.6,0.6666666666666666,0.631578947368421,0.7676647426647427
223,BM25,1,1,"[('1399', np.float64(23.2449), 0), ('400', np.float64(22.994), 3), ('1398', np.float64(21.0236), 3), ('419', np.float64(18.8616), 0), ('1387', np.float64(17.8119), 3), ('1400', np.float64(17.5556), 0), ('412', np.float64(16.7286), 0), ('388', np.float64(15.9389), 0), ('1396', np.float64(15.7985), -1), ('1121', np.float64(15.6958), 0)]",0.3,0.75,0.4285714285714285,0.45890804597701146
224,BM25,1,1,"[('1312', np.float64(24.2417), 0), ('317', np.float64(23.1775), 0), ('259', np.float64(18.8786), 0), ('656', np.float64(17.9789), 3), ('401', np.float64(17.7368), 0), ('1296', np.float64(17.3693), 0), ('140', np.float64(17.0098), 0), ('575', np.float64(16.6402), 0), ('1286', np.float64(16.5617), -1), ('236', np.float64(15.5073), 0)]",0.1,0.125,0.11111111111111112,0.1480251034166084
225,BM25,1,1,"[('1380', np.float64(20.523), 4), ('1188', np.float64(20.3657), -1), ('638', np.float64(16.3928), 0), ('1124', np.float64(16.2943), 3), ('674', np.float64(14.9099), 0), ('416', np.float64(14.2846), 0), ('225', np.float64(14.1894), 3), ('1345', np.float64(13.9951), 0), ('683', np.float64(13.693), 0), ('1291', np.float64(12.9169), 0)]",0.3,0.125,0.17647058823529413,0.10864155743140297
